-- DayDreamHub Data Import
-- Generated: 2026-02-15T00:55:20.125Z
-- Hotels: 270, Blog posts: 315

-- Cities
DELETE FROM cities;
INSERT INTO cities (name, slug, country) VALUES ('Bali', 'bali', 'Indonesia');
INSERT INTO cities (name, slug, country) VALUES ('Denpasar', 'denpasar', 'Indonesia');
INSERT INTO cities (name, slug, country) VALUES ('Hanoi', 'hanoi', 'Vietnam');
INSERT INTO cities (name, slug, country) VALUES ('Petaling Jaya', 'petaling-jaya', 'Malaysia');
INSERT INTO cities (name, slug, country) VALUES ('Kuala Lumpur', 'kuala-lumpur', 'Malaysia');
INSERT INTO cities (name, slug, country) VALUES ('Ubud', 'ubud', 'Indonesia');
INSERT INTO cities (name, slug, country) VALUES ('Islamabad', 'islamabad', 'Pakistan');
INSERT INTO cities (name, slug, country) VALUES ('Shibuya', 'shibuya', 'Japan');
INSERT INTO cities (name, slug, country) VALUES ('Bangkok', 'bangkok', 'Thailand');
INSERT INTO cities (name, slug, country) VALUES ('Dalung', 'dalung', 'Indonesia');
INSERT INTO cities (name, slug, country) VALUES ('Thimphu', 'thimphu', 'Bhutan');
INSERT INTO cities (name, slug, country) VALUES ('Goris', 'goris', 'Unknown');
INSERT INTO cities (name, slug, country) VALUES ('Kano', 'kano', 'Nigeria');
INSERT INTO cities (name, slug, country) VALUES ('Russia', 'russia', 'Unknown');
INSERT INTO cities (name, slug, country) VALUES ('Kyoto', 'kyoto', 'Japan');
INSERT INTO cities (name, slug, country) VALUES ('Oulu', 'oulu', 'Finland');
INSERT INTO cities (name, slug, country) VALUES ('Saint Petersburg', 'saint-petersburg', 'Russia');
INSERT INTO cities (name, slug, country) VALUES ('Koh Samui', 'koh-samui', 'Thailand');
INSERT INTO cities (name, slug, country) VALUES ('Kigali', 'kigali', 'Rwanda');
INSERT INTO cities (name, slug, country) VALUES ('Nairobi', 'nairobi', 'Kenya');
INSERT INTO cities (name, slug, country) VALUES ('Doha', 'doha', 'Qatar');
INSERT INTO cities (name, slug, country) VALUES ('Dubai', 'dubai', 'UAE');
INSERT INTO cities (name, slug, country) VALUES ('Dodoma', 'dodoma', 'Tanzania');
INSERT INTO cities (name, slug, country) VALUES ('Tashkent', 'tashkent', 'Uzbekistan');
INSERT INTO cities (name, slug, country) VALUES ('Luang Prabang', 'luang-prabang', 'Laos');
INSERT INTO cities (name, slug, country) VALUES ('Sharjah', 'sharjah', 'UAE');
INSERT INTO cities (name, slug, country) VALUES ('Almaty', 'almaty', 'Kazakhstan');
INSERT INTO cities (name, slug, country) VALUES ('Padang', 'padang', 'Indonesia');
INSERT INTO cities (name, slug, country) VALUES ('Kiambu', 'kiambu', 'Kenya');
INSERT INTO cities (name, slug, country) VALUES ('Agra', 'agra', 'India');
INSERT INTO cities (name, slug, country) VALUES ('Arequipa', 'arequipa', 'Peru');
INSERT INTO cities (name, slug, country) VALUES ('Ulaanbaatar', 'ulaanbaatar', 'Mongolia');
INSERT INTO cities (name, slug, country) VALUES ('Perth', 'perth', 'Australia');
INSERT INTO cities (name, slug, country) VALUES ('Abuja (F.c.t.)', 'abuja-fct', 'Nigeria');
INSERT INTO cities (name, slug, country) VALUES ('Tokyo', 'tokyo', 'Japan');
INSERT INTO cities (name, slug, country) VALUES ('Amsterdam', 'amsterdam', 'Netherlands');
INSERT INTO cities (name, slug, country) VALUES ('Venice', 'venice', 'Italy');
INSERT INTO cities (name, slug, country) VALUES ('Tijuana', 'tijuana', 'Mexico');
INSERT INTO cities (name, slug, country) VALUES ('Manama', 'manama', 'Bahrain');
INSERT INTO cities (name, slug, country) VALUES ('Rijswijk', 'rijswijk', 'Netherlands');
INSERT INTO cities (name, slug, country) VALUES ('Samarkand', 'samarkand', 'Uzbekistan');
INSERT INTO cities (name, slug, country) VALUES ('Batumi', 'batumi', 'Georgia');
INSERT INTO cities (name, slug, country) VALUES ('Salalah', 'salalah', 'Oman');
INSERT INTO cities (name, slug, country) VALUES ('Alicante', 'alicante', 'Spain');
INSERT INTO cities (name, slug, country) VALUES ('Quito', 'quito', 'Ecuador');
INSERT INTO cities (name, slug, country) VALUES ('Birmingham', 'birmingham', 'UK');
INSERT INTO cities (name, slug, country) VALUES ('Valencia', 'valencia', 'Spain');
INSERT INTO cities (name, slug, country) VALUES ('Abuja', 'abuja', 'Nigeria');
INSERT INTO cities (name, slug, country) VALUES ('Lahore', 'lahore', 'Pakistan');
INSERT INTO cities (name, slug, country) VALUES ('Calgary', 'calgary', 'Canada');
INSERT INTO cities (name, slug, country) VALUES ('California City', 'california-city', 'USA');
INSERT INTO cities (name, slug, country) VALUES ('Essex', 'essex', 'USA');
INSERT INTO cities (name, slug, country) VALUES ('Sydney', 'sydney', 'Australia');
INSERT INTO cities (name, slug, country) VALUES ('Cebu City', 'cebu-city', 'Philippines');
INSERT INTO cities (name, slug, country) VALUES ('Toulouse', 'toulouse', 'France');
INSERT INTO cities (name, slug, country) VALUES ('Sofia', 'sofia', 'Bulgaria');
INSERT INTO cities (name, slug, country) VALUES ('Yakkasaray', 'yakkasaray', 'Uzbekistan');
INSERT INTO cities (name, slug, country) VALUES ('Belgrade', 'belgrade', 'Serbia');
INSERT INTO cities (name, slug, country) VALUES ('Pichincha', 'pichincha', 'Ecuador');
INSERT INTO cities (name, slug, country) VALUES ('Cape Town', 'cape-town', 'South Africa');
INSERT INTO cities (name, slug, country) VALUES ('Prague', 'prague', 'Czech Republic');
INSERT INTO cities (name, slug, country) VALUES ('Bangkok, Thailand', 'bangkok-thailand', 'Unknown');
INSERT INTO cities (name, slug, country) VALUES ('Ontario', 'ontario', 'Canada');
INSERT INTO cities (name, slug, country) VALUES ('Tbilisi', 'tbilisi', 'Georgia');
INSERT INTO cities (name, slug, country) VALUES ('Danao City', 'danao-city', 'Philippines');
INSERT INTO cities (name, slug, country) VALUES ('Auckland', 'auckland', 'New Zealand');
INSERT INTO cities (name, slug, country) VALUES ('Bogotá', 'bogot', 'Colombia');
INSERT INTO cities (name, slug, country) VALUES ('London', 'london', 'UK');
INSERT INTO cities (name, slug, country) VALUES ('Porto', 'porto', 'Portugal');
INSERT INTO cities (name, slug, country) VALUES ('Ho Chi Minh City', 'ho-chi-minh-city', 'Vietnam');
INSERT INTO cities (name, slug, country) VALUES ('Auckland Central', 'auckland-central', 'New Zealand');
INSERT INTO cities (name, slug, country) VALUES ('Da Nang', 'da-nang', 'Vietnam');
INSERT INTO cities (name, slug, country) VALUES ('Jakarta', 'jakarta', 'Indonesia');
INSERT INTO cities (name, slug, country) VALUES ('Colombo', 'colombo', 'Sri Lanka');
INSERT INTO cities (name, slug, country) VALUES ('Vientiane', 'vientiane', 'Laos');
INSERT INTO cities (name, slug, country) VALUES ('Loganholme', 'loganholme', 'Australia');
INSERT INTO cities (name, slug, country) VALUES ('Phuket', 'phuket', 'Thailand');
INSERT INTO cities (name, slug, country) VALUES ('Cairo', 'cairo', 'Egypt');
INSERT INTO cities (name, slug, country) VALUES ('Seal Beach', 'seal-beach', 'USA');
INSERT INTO cities (name, slug, country) VALUES ('Giza', 'giza', 'Egypt');
INSERT INTO cities (name, slug, country) VALUES ('Cebu', 'cebu', 'Unknown');
INSERT INTO cities (name, slug, country) VALUES ('Baltimore', 'baltimore', 'Unknown');
INSERT INTO cities (name, slug, country) VALUES ('Rotterdam', 'rotterdam', 'Unknown');
INSERT INTO cities (name, slug, country) VALUES ('Marseille', 'marseille', 'Unknown');
INSERT INTO cities (name, slug, country) VALUES ('Toronto', 'toronto', 'Unknown');
INSERT INTO cities (name, slug, country) VALUES ('Los Angeles', 'los-angeles', 'Unknown');
INSERT INTO cities (name, slug, country) VALUES ('Brisbane', 'brisbane', 'Unknown');
INSERT INTO cities (name, slug, country) VALUES ('Hong Kong', 'hong-kong', 'Unknown');
INSERT INTO cities (name, slug, country) VALUES ('Singapore', 'singapore', 'Unknown');
INSERT INTO cities (name, slug, country) VALUES ('Yerevan', 'yerevan', 'Unknown');
INSERT INTO cities (name, slug, country) VALUES ('Manila', 'manila', 'Unknown');
INSERT INTO cities (name, slug, country) VALUES ('Lombok', 'lombok', 'Unknown');
INSERT INTO cities (name, slug, country) VALUES ('New Delhi', 'new-delhi', 'Unknown');

-- Hotels
DELETE FROM hotel_images;
DELETE FROM plans;
DELETE FROM hotels;
INSERT INTO hotels (id, name, slug, description, city, country, address, rating, thumbnail_url, categories, amenities, property_type, is_active) VALUES (1, 'Bali Ubud Tour', 'bali-ubud-tour-copy', 'Immerse yourself in the breathtaking beauty of Tegallalang, where terraced landscapes form a living masterpiece. Feel the sacred atmosphere of Gunung Kawi Sebatu, enjoy the rich flavors of a local coffee plantation, and refresh your senses at Ulu Petanu Waterfall—all within a 6-hour guided experience.

All Bali Ubud tour prices are fully inclusive, covering private transportation, an experienced local guide, all entrance tickets, the purification ceremony, as well as coffee and herbal tea tasting—allowing you to relax and fully enjoy the journey with complete peace of mind.

Please note: according to Balinese custom, women who are on their menstrual period are not permitted to enter temples or participate in any ceremony.', 'Bali', 'Indonesia', '', 0, 'https://daydreamhub.com/wp-content/uploads/2026/02/Ubud.jpg', '["personal_time"]', '["ATM","Currency Exchange","Free Wi-Fi"]', 'Entire Home', 1);
INSERT INTO plans (hotel_id, name, description, price_usd, check_in_time, check_out_time, plan_type, max_guests, is_active) VALUES (1, '【6H】Bali Ubud Tour (1 guest)(prepayment)', '', 130, '9:00', '15:00', 'personal_time', 2, 1);
INSERT INTO plans (hotel_id, name, description, price_usd, check_in_time, check_out_time, plan_type, max_guests, is_active) VALUES (1, '【6H】Bali Ubud Tour (2 guest)(prepayment)', '', 165, '9:00', '15:00', 'personal_time', 2, 1);
INSERT INTO plans (hotel_id, name, description, price_usd, check_in_time, check_out_time, plan_type, max_guests, is_active) VALUES (1, '【6H】Bali Ubud Tour (3 guest)(prepayment)', '', 195, '9:00', '15:00', 'personal_time', 2, 1);
INSERT INTO plans (hotel_id, name, description, price_usd, check_in_time, check_out_time, plan_type, max_guests, is_active) VALUES (1, '【6H】Bali Ubud Tour (4 guest)(prepayment)', '', 220, '9:00', '15:00', 'personal_time', 2, 1);
INSERT INTO plans (hotel_id, name, description, price_usd, check_in_time, check_out_time, plan_type, max_guests, is_active) VALUES (1, '【6H】Bali Ubud Tour (5 guest)(prepayment)', '', 240, '9:00', '15:00', 'personal_time', 2, 1);
INSERT INTO hotel_images (hotel_id, image_url, alt_text, sort_order) VALUES (1, 'https://daydreamhub.com/wp-content/uploads/2026/02/Ubud.jpg', 'Bali Ubud Tour - Image 1', 0);
INSERT INTO hotel_images (hotel_id, image_url, alt_text, sort_order) VALUES (1, 'https://daydreamhub.com/wp-content/uploads/2026/02/スクリーンショット-2026-02-12-11.50.36.jpg', 'Bali Ubud Tour - Image 2', 1);
INSERT INTO hotel_images (hotel_id, image_url, alt_text, sort_order) VALUES (1, 'https://daydreamhub.com/wp-content/uploads/2026/02/スクリーンショット-2026-02-12-11.52.09.jpg', 'Bali Ubud Tour - Image 3', 2);
INSERT INTO hotels (id, name, slug, description, city, country, address, rating, thumbnail_url, categories, amenities, property_type, is_active) VALUES (2, 'Bali Lovina Tours', 'bali-lovina-tours', 'Bali Lovina Tours Present Best Bali’s Experience. The Most Preferred Tour Company in Bali, reviewed excellent by more than 100 users worldwide.', 'Denpasar', 'Indonesia', '', 2, 'https://daydreamhub.com/wp-content/uploads/2026/02/327126787_1343346159570285_5413720485902228375_n.jpg', '["daycation"]', '[]', 'Hotel', 1);
INSERT INTO plans (hotel_id, name, description, price_usd, check_in_time, check_out_time, plan_type, max_guests, is_active) VALUES (2, '【5H】Half-Day Tour(prepayment)', '', 50, '10:00', '15:00', 'daycation', 2, 1);
INSERT INTO plans (hotel_id, name, description, price_usd, check_in_time, check_out_time, plan_type, max_guests, is_active) VALUES (2, '【8H】One-Day Tour(prepayment)', '', 100, '10:00', '18:00', 'daycation', 2, 1);
INSERT INTO hotel_images (hotel_id, image_url, alt_text, sort_order) VALUES (2, 'https://daydreamhub.com/wp-content/uploads/2026/02/327126787_1343346159570285_5413720485902228375_n.jpg', 'Bali Lovina Tours - Image 1', 0);
INSERT INTO hotel_images (hotel_id, image_url, alt_text, sort_order) VALUES (2, 'https://daydreamhub.com/wp-content/uploads/2026/02/32678988_892648857562889_3676380688413622272_n.jpg', 'Bali Lovina Tours - Image 2', 1);
INSERT INTO hotel_images (hotel_id, image_url, alt_text, sort_order) VALUES (2, 'https://daydreamhub.com/wp-content/uploads/2026/02/484065791_955734233378632_4893748586199319861_n.jpg', 'Bali Lovina Tours - Image 3', 2);
INSERT INTO hotel_images (hotel_id, image_url, alt_text, sort_order) VALUES (2, 'https://daydreamhub.com/wp-content/uploads/2026/02/508000084_10229851294967957_732862732642569896_n.jpg', 'Bali Lovina Tours - Image 4', 3);
INSERT INTO hotel_images (hotel_id, image_url, alt_text, sort_order) VALUES (2, 'https://daydreamhub.com/wp-content/uploads/2026/02/55632809_1104765543017885_7283135296919568384_n.jpg', 'Bali Lovina Tours - Image 5', 4);
INSERT INTO hotel_images (hotel_id, image_url, alt_text, sort_order) VALUES (2, 'https://daydreamhub.com/wp-content/uploads/2026/02/481314566_941052411513481_5733541100232538315_n.jpg', 'Bali Lovina Tours - Image 6', 5);
INSERT INTO hotel_images (hotel_id, image_url, alt_text, sort_order) VALUES (2, 'https://daydreamhub.com/wp-content/uploads/2026/02/482221988_951203097165079_4559526793980610788_n.jpg', 'Bali Lovina Tours - Image 7', 6);
INSERT INTO hotels (id, name, slug, description, city, country, address, rating, thumbnail_url, categories, amenities, property_type, is_active) VALUES (3, 'Mộc Thôn Wood Tales – Vietnamese Woodcarving Workshop', 'moc-thon-wood-tales-vietnamese-woodcarving-workshop', '1 handmade woodcarving workshop guided by local artisans
 Choice of wood piece with explanations of origin, scent & meaning
 All tools & materials: carving knives, sandpaper, chisels
 Welcome tea & traditional snacks can
 No time limitation, enjoy at your own pace
 A cozy rooftop garden space for relaxing and creating
 Natural finishing station to oil or wax your work
 Cloth tote bag to take your handmade item home
 Follow-up gift voucher (sent digitally later)
 Optional beverage menu available for order (non-alcoholic drinks, Vietnamese coffee)
 Photos taken during the session upon request', 'Hanoi', 'Vietnam', '', 2, 'https://daydreamhub.com/wp-content/uploads/2026/02/611635982_122153352764899086_2853457952547115649_n.jpg', '["daycation"]', '[]', 'Cottage', 1);
INSERT INTO plans (hotel_id, name, description, price_usd, check_in_time, check_out_time, plan_type, max_guests, is_active) VALUES (3, '【4H】Moc Thon Workshop(prepayment)', '', 22, '11:00', '15:00', 'daycation', 2, 1);
INSERT INTO plans (hotel_id, name, description, price_usd, check_in_time, check_out_time, plan_type, max_guests, is_active) VALUES (3, '【3H】Moc Thon Workshop(prepayment)', '', 22, '9:00', '12:00', 'daycation', 2, 1);
INSERT INTO hotel_images (hotel_id, image_url, alt_text, sort_order) VALUES (3, 'https://daydreamhub.com/wp-content/uploads/2026/02/611635982_122153352764899086_2853457952547115649_n.jpg', 'Mộc Thôn Wood Tales – Vietnamese Woodcarving Workshop - Image 1', 0);
INSERT INTO hotel_images (hotel_id, image_url, alt_text, sort_order) VALUES (3, 'https://daydreamhub.com/wp-content/uploads/2026/02/610789196_122152913594899086_2582053179689700026_n.jpg', 'Mộc Thôn Wood Tales – Vietnamese Woodcarving Workshop - Image 2', 1);
INSERT INTO hotel_images (hotel_id, image_url, alt_text, sort_order) VALUES (3, 'https://daydreamhub.com/wp-content/uploads/2026/02/610632198_122152913720899086_2840187990796819875_n.jpg', 'Mộc Thôn Wood Tales – Vietnamese Woodcarving Workshop - Image 3', 2);
INSERT INTO hotel_images (hotel_id, image_url, alt_text, sort_order) VALUES (3, 'https://daydreamhub.com/wp-content/uploads/2026/02/622918859_122156995772899086_5832513330569891528_n.jpg', 'Mộc Thôn Wood Tales – Vietnamese Woodcarving Workshop - Image 4', 3);
INSERT INTO hotel_images (hotel_id, image_url, alt_text, sort_order) VALUES (3, 'https://daydreamhub.com/wp-content/uploads/2026/02/600329607_122150706164899086_4817230877513728379_n.jpg', 'Mộc Thôn Wood Tales – Vietnamese Woodcarving Workshop - Image 5', 4);
INSERT INTO hotel_images (hotel_id, image_url, alt_text, sort_order) VALUES (3, 'https://daydreamhub.com/wp-content/uploads/2026/02/598996044_122150706188899086_2921167483307893811_n.jpg', 'Mộc Thôn Wood Tales – Vietnamese Woodcarving Workshop - Image 6', 5);
INSERT INTO hotels (id, name, slug, description, city, country, address, rating, thumbnail_url, categories, amenities, property_type, is_active) VALUES (4, 'Sandbox Coworking Space – Bandar Sunway', 'sandbox-coworking-bandar-sunway', 'Sandbox Coworking Space – Bandar Sunway is a flexible workspace designed for focus, collaboration, and growth. With fully furnished offices, high-speed internet, and a supportive community.', 'Petaling Jaya', 'Malaysia', '', 0, 'https://daydreamhub.com/wp-content/uploads/2026/01/WhatsApp-Image-2024-09-19-at-12.47.21.jpeg', '["for_work"]', '["Parking on Premises","Air Conditioner (Cooling)","Coffee maker","Desk/Workspace","Free Wi-Fi","Kitchen","Refrigerator","Scanner / Printer"]', 'Shared Room', 1);
INSERT INTO plans (hotel_id, name, description, price_usd, check_in_time, check_out_time, plan_type, max_guests, is_active) VALUES (4, '1 Pax Hot Desk (Day Pass)(prepayment)', '', 8, '9:00', '18:00', 'workspace', 1, 1);
INSERT INTO plans (hotel_id, name, description, price_usd, check_in_time, check_out_time, plan_type, max_guests, is_active) VALUES (4, '8 Pax Meeting Room 1(prepayment)', '', 21, '9:00', '10:00', 'workspace', 8, 1);
INSERT INTO plans (hotel_id, name, description, price_usd, check_in_time, check_out_time, plan_type, max_guests, is_active) VALUES (4, '10 Pax Meeting Room 2(prepayment)', '', 23, '9:00', '10:00', 'workspace', 10, 1);
INSERT INTO plans (hotel_id, name, description, price_usd, check_in_time, check_out_time, plan_type, max_guests, is_active) VALUES (4, 'Training Room(prepayment)', '', 40, '9:00', '10:00', 'workspace', 2, 1);
INSERT INTO plans (hotel_id, name, description, price_usd, check_in_time, check_out_time, plan_type, max_guests, is_active) VALUES (4, 'Training Room (prepayment)', '', 40, '17:00', '18:00', 'workspace', 2, 1);
INSERT INTO plans (hotel_id, name, description, price_usd, check_in_time, check_out_time, plan_type, max_guests, is_active) VALUES (4, '2 Pax Hot Desk (Day Pass)(prepayment)', '', 16, '9:00', '18:00', 'workspace', 2, 1);
INSERT INTO plans (hotel_id, name, description, price_usd, check_in_time, check_out_time, plan_type, max_guests, is_active) VALUES (4, '3 Pax Hot Desk (Day Pass)(prepayment)', '', 24, '9:00', '18:00', 'workspace', 3, 1);
INSERT INTO plans (hotel_id, name, description, price_usd, check_in_time, check_out_time, plan_type, max_guests, is_active) VALUES (4, '4 Pax Hot Desk (Day Pass)(prepayment)', '', 32, '9:00', '18:00', 'workspace', 4, 1);
INSERT INTO plans (hotel_id, name, description, price_usd, check_in_time, check_out_time, plan_type, max_guests, is_active) VALUES (4, '5 Pax Hot Desk (Day Pass)(prepayment)', '', 40, '9:00', '18:00', 'workspace', 5, 1);
INSERT INTO plans (hotel_id, name, description, price_usd, check_in_time, check_out_time, plan_type, max_guests, is_active) VALUES (4, '6 Pax Hot Desk (Day Pass)(prepayment)', '', 48, '9:00', '18:00', 'workspace', 6, 1);
INSERT INTO plans (hotel_id, name, description, price_usd, check_in_time, check_out_time, plan_type, max_guests, is_active) VALUES (4, '7 Pax Hot Desk (Day Pass)(prepayment)', '', 56, '9:00', '18:00', 'workspace', 7, 1);
INSERT INTO plans (hotel_id, name, description, price_usd, check_in_time, check_out_time, plan_type, max_guests, is_active) VALUES (4, '8 Pax Hot Desk (Day Pass)(prepayment)', '', 64, '9:00', '18:00', 'workspace', 8, 1);
INSERT INTO plans (hotel_id, name, description, price_usd, check_in_time, check_out_time, plan_type, max_guests, is_active) VALUES (4, '9 Pax Hot Desk (Day Pass)(prepayment)', '', 72, '9:00', '18:00', 'workspace', 9, 1);
INSERT INTO plans (hotel_id, name, description, price_usd, check_in_time, check_out_time, plan_type, max_guests, is_active) VALUES (4, '10 Pax Hot Desk (Day Pass)(prepayment)', '', 80, '9:00', '18:00', 'workspace', 10, 1);
INSERT INTO hotel_images (hotel_id, image_url, alt_text, sort_order) VALUES (4, 'https://daydreamhub.com/wp-content/uploads/2026/01/WhatsApp-Image-2024-09-19-at-12.47.21.jpeg', 'Sandbox Coworking Space – Bandar Sunway - Image 1', 0);
INSERT INTO hotel_images (hotel_id, image_url, alt_text, sort_order) VALUES (4, 'https://daydreamhub.com/wp-content/uploads/2026/01/WhatsApp-Image-2024-09-19-at-12.47.24.jpeg', 'Sandbox Coworking Space – Bandar Sunway - Image 2', 1);
INSERT INTO hotel_images (hotel_id, image_url, alt_text, sort_order) VALUES (4, 'https://daydreamhub.com/wp-content/uploads/2026/01/WhatsApp-Image-2024-09-19-at-12.47.26-1.jpeg', 'Sandbox Coworking Space – Bandar Sunway - Image 3', 2);
INSERT INTO hotel_images (hotel_id, image_url, alt_text, sort_order) VALUES (4, 'https://daydreamhub.com/wp-content/uploads/2026/01/WhatsApp-Image-2024-09-19-at-12.47.26.jpeg', 'Sandbox Coworking Space – Bandar Sunway - Image 4', 3);
INSERT INTO hotel_images (hotel_id, image_url, alt_text, sort_order) VALUES (4, 'https://daydreamhub.com/wp-content/uploads/2026/01/WhatsApp-Image-2024-09-19-at-12.47.27.jpeg', 'Sandbox Coworking Space – Bandar Sunway - Image 5', 4);
INSERT INTO hotel_images (hotel_id, image_url, alt_text, sort_order) VALUES (4, 'https://daydreamhub.com/wp-content/uploads/2026/01/WhatsApp-Image-2025-07-21-at-12.10.02.jpeg', 'Sandbox Coworking Space – Bandar Sunway - Image 6', 5);
INSERT INTO hotel_images (hotel_id, image_url, alt_text, sort_order) VALUES (4, 'https://daydreamhub.com/wp-content/uploads/2026/01/WhatsApp-Image-2025-02-14-at-15.25.02.jpeg', 'Sandbox Coworking Space – Bandar Sunway - Image 7', 6);
INSERT INTO hotels (id, name, slug, description, city, country, address, rating, thumbnail_url, categories, amenities, property_type, is_active) VALUES (5, 'Sandbox Coworking Space – Sri Petaling', 'sandbox-coworking-sri-petaling', 'Sandbox Space – Sri Petaling is a flexible coworking space designed for focused work and growing teams, offering fully equipped workspaces, meeting rooms, and a supportive community.', 'Kuala Lumpur', 'Malaysia', '', 0, 'https://daydreamhub.com/wp-content/uploads/2026/01/Coworking-Front-Desk.jpeg', '["for_work"]', '["Air Conditioner (Cooling)","Coffee maker","Desk/Workspace","Free Wi-Fi","Kitchen","Refrigerator","Scanner / Printer","Shower"]', 'Shared Room', 1);
INSERT INTO plans (hotel_id, name, description, price_usd, check_in_time, check_out_time, plan_type, max_guests, is_active) VALUES (5, '1 Pax Hot Desk Day Pass(prepayment)', '', 8, '9:00', '18:00', 'workspace', 1, 1);
INSERT INTO plans (hotel_id, name, description, price_usd, check_in_time, check_out_time, plan_type, max_guests, is_active) VALUES (5, 'Small Meeting Room(prepayment)', '', 13, '9:00', '10:00', 'workspace', 2, 1);
INSERT INTO plans (hotel_id, name, description, price_usd, check_in_time, check_out_time, plan_type, max_guests, is_active) VALUES (5, 'Medium Meeting Room(prepayment)', '', 18, '9:00', '10:00', 'workspace', 2, 1);
INSERT INTO plans (hotel_id, name, description, price_usd, check_in_time, check_out_time, plan_type, max_guests, is_active) VALUES (5, 'Large Meeting Room(prepayment)', '', 23, '9:00', '10:00', 'workspace', 2, 1);
INSERT INTO plans (hotel_id, name, description, price_usd, check_in_time, check_out_time, plan_type, max_guests, is_active) VALUES (5, 'Podcast Studio(prepayment)', '', 15, '9:00', '10:00', 'for_work', 2, 1);
INSERT INTO plans (hotel_id, name, description, price_usd, check_in_time, check_out_time, plan_type, max_guests, is_active) VALUES (5, 'Event Space(prepayment)', '', 130, '9:00', '10:00', 'personal_time', 2, 1);
INSERT INTO plans (hotel_id, name, description, price_usd, check_in_time, check_out_time, plan_type, max_guests, is_active) VALUES (5, 'Extra Large Meeting Room(prepayment)', '', 32, '9:00', '10:00', 'workspace', 2, 1);
INSERT INTO plans (hotel_id, name, description, price_usd, check_in_time, check_out_time, plan_type, max_guests, is_active) VALUES (5, '2 Pax Hot Desk Day Pass(prepayment)', '', 16, '9:00', '18:00', 'workspace', 2, 1);
INSERT INTO plans (hotel_id, name, description, price_usd, check_in_time, check_out_time, plan_type, max_guests, is_active) VALUES (5, '3 Pax Hot Desk Day Pass(prepayment)', '', 24, '9:00', '18:00', 'workspace', 3, 1);
INSERT INTO plans (hotel_id, name, description, price_usd, check_in_time, check_out_time, plan_type, max_guests, is_active) VALUES (5, '4 Pax Hot Desk Day Pass(prepayment)', '', 32, '9:00', '18:00', 'workspace', 4, 1);
INSERT INTO plans (hotel_id, name, description, price_usd, check_in_time, check_out_time, plan_type, max_guests, is_active) VALUES (5, '5 Pax Hot Desk Day Pass(prepayment)', '', 40, '9:00', '18:00', 'workspace', 5, 1);
INSERT INTO plans (hotel_id, name, description, price_usd, check_in_time, check_out_time, plan_type, max_guests, is_active) VALUES (5, '6 Pax Hot Desk Day Pass(prepayment)', '', 48, '9:00', '18:00', 'workspace', 6, 1);
INSERT INTO plans (hotel_id, name, description, price_usd, check_in_time, check_out_time, plan_type, max_guests, is_active) VALUES (5, '7 Pax Hot Desk Day Pass(prepayment)', '', 56, '9:00', '18:00', 'workspace', 7, 1);
INSERT INTO plans (hotel_id, name, description, price_usd, check_in_time, check_out_time, plan_type, max_guests, is_active) VALUES (5, '8 Pax Hot Desk Day Pass(prepayment)', '', 64, '9:00', '18:00', 'workspace', 8, 1);
INSERT INTO plans (hotel_id, name, description, price_usd, check_in_time, check_out_time, plan_type, max_guests, is_active) VALUES (5, '9 Pax Hot Desk Day Pass(prepayment)', '', 72, '9:00', '18:00', 'workspace', 9, 1);
INSERT INTO plans (hotel_id, name, description, price_usd, check_in_time, check_out_time, plan_type, max_guests, is_active) VALUES (5, '10 Pax Hot Desk Day Pass(prepayment)', '', 80, '9:00', '18:00', 'workspace', 10, 1);
INSERT INTO hotel_images (hotel_id, image_url, alt_text, sort_order) VALUES (5, 'https://daydreamhub.com/wp-content/uploads/2026/01/Coworking-Front-Desk.jpeg', 'Sandbox Coworking Space – Sri Petaling - Image 1', 0);
INSERT INTO hotel_images (hotel_id, image_url, alt_text, sort_order) VALUES (5, 'https://daydreamhub.com/wp-content/uploads/2026/01/WhatsApp-Image-2024-12-17-at-14.34.34.jpeg', 'Sandbox Coworking Space – Sri Petaling - Image 2', 1);
INSERT INTO hotel_images (hotel_id, image_url, alt_text, sort_order) VALUES (5, 'https://daydreamhub.com/wp-content/uploads/2026/01/WhatsApp-Image-2024-12-17-at-12.11.10-2.jpeg', 'Sandbox Coworking Space – Sri Petaling - Image 3', 2);
INSERT INTO hotel_images (hotel_id, image_url, alt_text, sort_order) VALUES (5, 'https://daydreamhub.com/wp-content/uploads/2026/01/WhatsApp-Image-2024-12-17-at-12.11.10.jpeg', 'Sandbox Coworking Space – Sri Petaling - Image 4', 3);
INSERT INTO hotel_images (hotel_id, image_url, alt_text, sort_order) VALUES (5, 'https://daydreamhub.com/wp-content/uploads/2026/01/WhatsApp-Image-2024-10-30-at-10.38.40.jpeg', 'Sandbox Coworking Space – Sri Petaling - Image 5', 4);
INSERT INTO hotel_images (hotel_id, image_url, alt_text, sort_order) VALUES (5, 'https://daydreamhub.com/wp-content/uploads/2026/01/WhatsApp-Image-2025-04-28-at-15.26.06.jpeg', 'Sandbox Coworking Space – Sri Petaling - Image 6', 5);
INSERT INTO hotel_images (hotel_id, image_url, alt_text, sort_order) VALUES (5, 'https://daydreamhub.com/wp-content/uploads/2026/01/WhatsApp-Image-2024-10-30-at-10.38.42.jpeg', 'Sandbox Coworking Space – Sri Petaling - Image 7', 6);
INSERT INTO hotel_images (hotel_id, image_url, alt_text, sort_order) VALUES (5, 'https://daydreamhub.com/wp-content/uploads/2026/01/WhatsApp-Image-2024-10-30-at-10.38.39.jpeg', 'Sandbox Coworking Space – Sri Petaling - Image 8', 7);
INSERT INTO hotels (id, name, slug, description, city, country, address, rating, thumbnail_url, categories, amenities, property_type, is_active) VALUES (6, 'Unicare Clinic Ubud', 'unicare-clinic-ubud', 'Located in the cultural heart of Bali, Unicare Clinic Ubud serves as your trusted medical partner while exploring the uplands. We provide comprehensive healthcare services specifically tailored for international travelers, ranging from general doctor consultations and wound care to rapid treatment for common travel-related illnesses like Bali Belly. Our facility is staffed by professional English-speaking medical personnel who prioritize hygiene and patient safety in every procedure. To ensure a hassle-free experience, we also offer full assistance with medical reporting for travel insurance claims, allowing you to enjoy the serenity of Ubud with complete peace of mind.', 'Ubud', 'Indonesia', '', 0, 'https://daydreamhub.com/wp-content/uploads/2026/01/Medical-Wellness-Program-Bali-Medical-Clinic-Services-List.jpg', '["personal_time"]', '[]', 'Private Room', 1);
INSERT INTO plans (hotel_id, name, description, price_usd, check_in_time, check_out_time, plan_type, max_guests, is_active) VALUES (6, 'Doctor consultation only (without package and treatment)(prepayment)', '', 40, '6:00', '24:00', 'personal_time', 2, 1);
INSERT INTO plans (hotel_id, name, description, price_usd, check_in_time, check_out_time, plan_type, max_guests, is_active) VALUES (6, 'Basic Immune Booster Package IV Drip (In-Clinic)(prepayment)', '', 27, '6:00', '24:00', 'personal_time', 2, 1);
INSERT INTO plans (hotel_id, name, description, price_usd, check_in_time, check_out_time, plan_type, max_guests, is_active) VALUES (6, 'Premium Immune Booster Package IV Drip (In-Clinic)(prepayment)', '', 47, '6:00', '24:00', 'personal_time', 2, 1);
INSERT INTO plans (hotel_id, name, description, price_usd, check_in_time, check_out_time, plan_type, max_guests, is_active) VALUES (6, 'Super Immune Booster Package IV Drip (In-Clinic)(prepayment)', '', 48, '6:00', '24:00', 'personal_time', 2, 1);
INSERT INTO plans (hotel_id, name, description, price_usd, check_in_time, check_out_time, plan_type, max_guests, is_active) VALUES (6, 'Basic Hangover IV Drip Package (In-Clinic)(prepayment)', '', 27, '6:00', '24:00', 'personal_time', 2, 1);
INSERT INTO plans (hotel_id, name, description, price_usd, check_in_time, check_out_time, plan_type, max_guests, is_active) VALUES (6, 'Medium Hangover IV Drip Package (In-Clinic)(prepayment)', '', 33, '6:00', '24:00', 'personal_time', 2, 1);
INSERT INTO plans (hotel_id, name, description, price_usd, check_in_time, check_out_time, plan_type, max_guests, is_active) VALUES (6, 'Premium Hangover IV Drip Package (In-Clinic)(prepayment)', '', 43, '6:00', '24:00', 'personal_time', 2, 1);
INSERT INTO plans (hotel_id, name, description, price_usd, check_in_time, check_out_time, plan_type, max_guests, is_active) VALUES (6, 'Revitalize Hangover IV Drip Package (In-Clinic)(prepayment)', '', 62, '6:00', '24:00', 'personal_time', 2, 1);
INSERT INTO plans (hotel_id, name, description, price_usd, check_in_time, check_out_time, plan_type, max_guests, is_active) VALUES (6, 'Alleviate Hangover IV Drip Package (In-Clinic)(prepayment)', '', 105, '6:00', '24:00', 'personal_time', 2, 1);
INSERT INTO plans (hotel_id, name, description, price_usd, check_in_time, check_out_time, plan_type, max_guests, is_active) VALUES (6, 'Felicity Hangover IV Drip Package (In-Clinic)(prepayment)', '', 124, '6:00', '24:00', 'personal_time', 2, 1);
INSERT INTO plans (hotel_id, name, description, price_usd, check_in_time, check_out_time, plan_type, max_guests, is_active) VALUES (6, 'Fast Jet Lag Relief IV Drip Package (In-Clinic)(prepayment)', '', 65, '6:00', '24:00', 'personal_time', 2, 1);
INSERT INTO plans (hotel_id, name, description, price_usd, check_in_time, check_out_time, plan_type, max_guests, is_active) VALUES (6, 'Advance Flu Relief IV Drip Package (In-Clinic)(prepayment)', '', 85, '6:00', '24:00', 'personal_time', 2, 1);
INSERT INTO plans (hotel_id, name, description, price_usd, check_in_time, check_out_time, plan_type, max_guests, is_active) VALUES (6, 'Basic Myers Cocktail IV Drip Package (In-Clinic)(prepayment)', '', 65, '6:00', '24:00', 'personal_time', 2, 1);
INSERT INTO plans (hotel_id, name, description, price_usd, check_in_time, check_out_time, plan_type, max_guests, is_active) VALUES (6, 'Premium Myers Cocktail IV Drip Package (In-Clinic)(prepayment)', '', 85, '6:00', '24:00', 'personal_time', 2, 1);
INSERT INTO plans (hotel_id, name, description, price_usd, check_in_time, check_out_time, plan_type, max_guests, is_active) VALUES (6, 'Advance Bali Belly Cure IV Drip Package (In-Clinic)(prepayment)', '', 117, '6:00', '24:00', 'personal_time', 2, 1);
INSERT INTO plans (hotel_id, name, description, price_usd, check_in_time, check_out_time, plan_type, max_guests, is_active) VALUES (6, 'Basic STD Test Package (In-Clinic)(prepayment)', '', 69, '6:00', '24:00', 'personal_time', 2, 1);
INSERT INTO plans (hotel_id, name, description, price_usd, check_in_time, check_out_time, plan_type, max_guests, is_active) VALUES (6, 'Medium STD Test Package (In-Clinic)(prepayment)', '', 119, '6:00', '24:00', 'personal_time', 2, 1);
INSERT INTO plans (hotel_id, name, description, price_usd, check_in_time, check_out_time, plan_type, max_guests, is_active) VALUES (6, 'Premium STD Test Package (In-Clinic)(prepayment)', '', 253, '6:00', '24:00', 'personal_time', 2, 1);
INSERT INTO plans (hotel_id, name, description, price_usd, check_in_time, check_out_time, plan_type, max_guests, is_active) VALUES (6, 'Essential STD Test Package (In-Clinic)(prepayment)', '', 129, '6:00', '24:00', 'personal_time', 2, 1);
INSERT INTO plans (hotel_id, name, description, price_usd, check_in_time, check_out_time, plan_type, max_guests, is_active) VALUES (6, 'Comprehensive STD Test Package (In-Clinic)(prepayment)', '', 136, '6:00', '24:00', 'personal_time', 2, 1);
INSERT INTO plans (hotel_id, name, description, price_usd, check_in_time, check_out_time, plan_type, max_guests, is_active) VALUES (6, 'Advanced Sexual Health STD Test Package (In-Clinic)(prepayment)', '', 207, '6:00', '24:00', 'personal_time', 2, 1);
INSERT INTO plans (hotel_id, name, description, price_usd, check_in_time, check_out_time, plan_type, max_guests, is_active) VALUES (6, 'Premium Intimate Care STD Test Package (In-Clinic)(prepayment)', '', 317, '6:00', '24:00', 'personal_time', 2, 1);
INSERT INTO hotel_images (hotel_id, image_url, alt_text, sort_order) VALUES (6, 'https://daydreamhub.com/wp-content/uploads/2026/01/Medical-Wellness-Program-Bali-Medical-Clinic-Services-List.jpg', 'Unicare Clinic Ubud - Image 1', 0);
INSERT INTO hotels (id, name, slug, description, city, country, address, rating, thumbnail_url, categories, amenities, property_type, is_active) VALUES (7, 'The Folders – Space & Cafe', 'the-folders-cafe-space', 'Special Features of our Workspace & Cafe
 – Private & Curated Environment
 Unlike many open coworking hubs, The Folders emphasizes privacy and exclusivity. It’s designed to feel more like a boutique creative studio than a crowded office.
 – Community-Centered Approach
 They actively host workshops, cultural events, and collaborations — positioning themselves not just as a workspace, but as a hub for creative professionals and entrepreneurs in Hanoi.
 – Modern Aesthetic
 The space is styled with minimalist interiors and thoughtful design elements that encourage focus and inspiration. This makes it appealing to freelancers, startups, and digital nomads who value atmosphere as much as functionality.
 – Flexible Work Culture
 The Folders promotes a new way of working — balancing productivity with lifestyle. It’s not just about desks and Wi-Fi, but about creating an environment where people feel energized and connected.
 – Prime Location in Hanoi
 Situated in the heart of the city, it offers easy access to Hanoi’s cultural and business districts, making it convenient for both locals and international visitors.', 'Hanoi', 'Vietnam', '', 1, 'https://daydreamhub.com/wp-content/uploads/2026/01/2.2.jpg', '["for_work"]', '["Free Wi-Fi","TV"]', 'Shared Room', 1);
INSERT INTO plans (hotel_id, name, description, price_usd, check_in_time, check_out_time, plan_type, max_guests, is_active) VALUES (7, 'Private co-working space (One day service)(prepayment)', '', 8, '8:00', '22:00', 'personal_time', 2, 1);
INSERT INTO plans (hotel_id, name, description, price_usd, check_in_time, check_out_time, plan_type, max_guests, is_active) VALUES (7, 'Private co-working space (7-hour day time)(prepayment)', '', 6, '8:00', '15:00', 'personal_time', 2, 1);
INSERT INTO plans (hotel_id, name, description, price_usd, check_in_time, check_out_time, plan_type, max_guests, is_active) VALUES (7, 'Private co-working space (7-hour noon and night time)(prepayment)', '', 6, '15:00', '22:00', 'overnight', 2, 1);
INSERT INTO plans (hotel_id, name, description, price_usd, check_in_time, check_out_time, plan_type, max_guests, is_active) VALUES (7, 'Private meeting room (2-hour plan)(prepayment)', '', 26, '8:00', '10:00', 'workspace', 2, 1);
INSERT INTO plans (hotel_id, name, description, price_usd, check_in_time, check_out_time, plan_type, max_guests, is_active) VALUES (7, 'Private meeting room (6-hour plan)(prepayment)', '', 70, '8:00', '14:00', 'workspace', 2, 1);
INSERT INTO plans (hotel_id, name, description, price_usd, check_in_time, check_out_time, plan_type, max_guests, is_active) VALUES (7, 'Private meeting room (one day plan)(prepayment)', '', 120, '8:00', '22:00', 'workspace', 2, 1);
INSERT INTO hotel_images (hotel_id, image_url, alt_text, sort_order) VALUES (7, 'https://daydreamhub.com/wp-content/uploads/2026/01/2.2.jpg', 'The Folders – Space & Cafe - Image 1', 0);
INSERT INTO hotel_images (hotel_id, image_url, alt_text, sort_order) VALUES (7, 'https://daydreamhub.com/wp-content/uploads/2026/01/581858410_122152083758618969_8533462594769158762_n.jpg', 'The Folders – Space & Cafe - Image 2', 1);
INSERT INTO hotel_images (hotel_id, image_url, alt_text, sort_order) VALUES (7, 'https://daydreamhub.com/wp-content/uploads/2026/01/HUB.5.jpg', 'The Folders – Space & Cafe - Image 3', 2);
INSERT INTO hotel_images (hotel_id, image_url, alt_text, sort_order) VALUES (7, 'https://daydreamhub.com/wp-content/uploads/2026/01/HUB.4.jpg', 'The Folders – Space & Cafe - Image 4', 3);
INSERT INTO hotel_images (hotel_id, image_url, alt_text, sort_order) VALUES (7, 'https://daydreamhub.com/wp-content/uploads/2026/01/HUB.3.jpg', 'The Folders – Space & Cafe - Image 5', 4);
INSERT INTO hotel_images (hotel_id, image_url, alt_text, sort_order) VALUES (7, 'https://daydreamhub.com/wp-content/uploads/2026/01/HUB.2.jpg', 'The Folders – Space & Cafe - Image 6', 5);
INSERT INTO hotel_images (hotel_id, image_url, alt_text, sort_order) VALUES (7, 'https://daydreamhub.com/wp-content/uploads/2026/01/HUB.1.jpg', 'The Folders – Space & Cafe - Image 7', 6);
INSERT INTO hotel_images (hotel_id, image_url, alt_text, sort_order) VALUES (7, 'https://daydreamhub.com/wp-content/uploads/2026/01/1.3.jpeg', 'The Folders – Space & Cafe - Image 8', 7);
INSERT INTO hotel_images (hotel_id, image_url, alt_text, sort_order) VALUES (7, 'https://daydreamhub.com/wp-content/uploads/2026/01/1.2.jpg', 'The Folders – Space & Cafe - Image 9', 8);
INSERT INTO hotel_images (hotel_id, image_url, alt_text, sort_order) VALUES (7, 'https://daydreamhub.com/wp-content/uploads/2026/01/589146325_122153474888618969_7588774850908322198_n.jpg', 'The Folders – Space & Cafe - Image 10', 9);
INSERT INTO hotel_images (hotel_id, image_url, alt_text, sort_order) VALUES (7, 'https://daydreamhub.com/wp-content/uploads/2026/01/582104268_122152083848618969_5398122600585256055_n.jpg', 'The Folders – Space & Cafe - Image 11', 10);
INSERT INTO hotel_images (hotel_id, image_url, alt_text, sort_order) VALUES (7, 'https://daydreamhub.com/wp-content/uploads/2026/01/576174396_122151319406618969_7279426776540951567_n.jpg', 'The Folders – Space & Cafe - Image 12', 11);
INSERT INTO hotel_images (hotel_id, image_url, alt_text, sort_order) VALUES (7, 'https://daydreamhub.com/wp-content/uploads/2026/01/581943884_122152083044618969_4337317178116304322_n.jpg', 'The Folders – Space & Cafe - Image 13', 12);
INSERT INTO hotel_images (hotel_id, image_url, alt_text, sort_order) VALUES (7, 'https://daydreamhub.com/wp-content/uploads/2026/01/565332484_122149349918618969_6646077937795967994_n.jpg', 'The Folders – Space & Cafe - Image 14', 13);
INSERT INTO hotels (id, name, slug, description, city, country, address, rating, thumbnail_url, categories, amenities, property_type, is_active) VALUES (8, 'Diplomat Hotel Islamabad- Pakistan / 1 Executive Suite', 'diplomat-hotel-islamabad-pakistan-1-executive-suite', 'Our Executive Suite is designed for the modern traveler seeking both comfort and functionality. It combines luxury furnishings with practical amenities, creating the perfect space for work and relaxation.', 'Islamabad', 'Pakistan', '', 0, 'https://daydreamhub.com/wp-content/uploads/2025/12/1.1.jpg', '["early_check-in","for_couple","for_work","luxury","personal_time"]', '["Bar / Restaurant","Coin laundry","Laundry Service","Parking on Premises","Wheelchair Accessible","Air Conditioner (Cooling)","Air Conditioner (Heating)","Desk/Workspace","Electric pot","Free Wi-Fi","Hair Dryer","Refrigerator","Shampoo","Shower","TEL","Toothbrush","Towels","TV"]', 'Hotel', 1);
INSERT INTO plans (hotel_id, name, description, price_usd, check_in_time, check_out_time, plan_type, max_guests, is_active) VALUES (8, '【4H】Morning(prepayment)', '', 40, '6:00', '10:00', 'early_check-in', 2, 1);
INSERT INTO plans (hotel_id, name, description, price_usd, check_in_time, check_out_time, plan_type, max_guests, is_active) VALUES (8, '【4H】Evening(prepayment)', '', 40, '15:00', '19:00', 'early_check-in', 2, 1);
INSERT INTO plans (hotel_id, name, description, price_usd, check_in_time, check_out_time, plan_type, max_guests, is_active) VALUES (8, '【22H】Overnight(prepayment)', '', 72, '14:00', '12:00', 'overnight', 2, 1);
INSERT INTO hotel_images (hotel_id, image_url, alt_text, sort_order) VALUES (8, 'https://daydreamhub.com/wp-content/uploads/2025/12/1.1.jpg', 'Diplomat Hotel Islamabad- Pakistan / 1 Executive Suite - Image 1', 0);
INSERT INTO hotel_images (hotel_id, image_url, alt_text, sort_order) VALUES (8, 'https://daydreamhub.com/wp-content/uploads/2025/12/1.9.jpg', 'Diplomat Hotel Islamabad- Pakistan / 1 Executive Suite - Image 2', 1);
INSERT INTO hotel_images (hotel_id, image_url, alt_text, sort_order) VALUES (8, 'https://daydreamhub.com/wp-content/uploads/2025/12/1.2.jpg', 'Diplomat Hotel Islamabad- Pakistan / 1 Executive Suite - Image 3', 2);
INSERT INTO hotels (id, name, slug, description, city, country, address, rating, thumbnail_url, categories, amenities, property_type, is_active) VALUES (9, 'Diplomat Hotel Islamabad- Pakistan / 1 Executive Family Room', 'diplomat-hotel-islamabad-pakistan-1-executive-family-room', 'Our Executive Family Room is specially designed for families, offering ample space and comfort for everyone. Enjoy a perfect blend of luxury and functionality in a warm, welcoming environment.', 'Islamabad', 'Pakistan', '', 0, 'https://daydreamhub.com/wp-content/uploads/2025/12/Executive-Family-Room.jpg', '["early_check-in","for_couple","for_work","luxury","personal_time"]', '["Bar / Restaurant","Coin laundry","Laundry Service","Parking on Premises","Wheelchair Accessible","Air Conditioner (Cooling)","Air Conditioner (Heating)","Desk/Workspace","Electric pot","Free Wi-Fi","Hair Dryer","Refrigerator","Shampoo","Shower","TEL","Toothbrush","Towels","TV"]', 'Hotel', 1);
INSERT INTO plans (hotel_id, name, description, price_usd, check_in_time, check_out_time, plan_type, max_guests, is_active) VALUES (9, '【4H】Morning(prepayment)', '', 40, '6:00', '10:00', 'early_check-in', 2, 1);
INSERT INTO plans (hotel_id, name, description, price_usd, check_in_time, check_out_time, plan_type, max_guests, is_active) VALUES (9, '【4H】Evening(prepayment)', '', 40, '15:00', '19:00', 'early_check-in', 2, 1);
INSERT INTO plans (hotel_id, name, description, price_usd, check_in_time, check_out_time, plan_type, max_guests, is_active) VALUES (9, '【22H】Overnight(prepayment)', '', 72, '14:00', '12:00', 'overnight', 2, 1);
INSERT INTO hotel_images (hotel_id, image_url, alt_text, sort_order) VALUES (9, 'https://daydreamhub.com/wp-content/uploads/2025/12/Executive-Family-Room.jpg', 'Diplomat Hotel Islamabad- Pakistan / 1 Executive Family Room - Image 1', 0);
INSERT INTO hotels (id, name, slug, description, city, country, address, rating, thumbnail_url, categories, amenities, property_type, is_active) VALUES (10, 'Diplomat Hotel Islamabad- Pakistan / 1 Executive Master Room', 'diplomat-hotel-islamabad-pakistan-1-executive-master-room', 'Our Executive Master Room is designed for the modern traveler seeking both comfort and functionality. It combines luxury furnishings with practical amenities, creating the perfect space for work and relaxation.', 'Islamabad', 'Pakistan', '', 0, 'https://daydreamhub.com/wp-content/uploads/2025/12/Executive-Master-Room.jpeg', '["early_check-in","for_couple","for_work","luxury","personal_time"]', '["Bar / Restaurant","Coin laundry","Laundry Service","Parking on Premises","Wheelchair Accessible","Air Conditioner (Cooling)","Air Conditioner (Heating)","Desk/Workspace","Electric pot","Free Wi-Fi","Hair Dryer","Refrigerator","Shampoo","Shower","TEL","Toothbrush","Towels","TV"]', 'Hotel', 1);
INSERT INTO plans (hotel_id, name, description, price_usd, check_in_time, check_out_time, plan_type, max_guests, is_active) VALUES (10, '【4H】Morning(prepayment)', '', 40, '6:00', '10:00', 'early_check-in', 2, 1);
INSERT INTO plans (hotel_id, name, description, price_usd, check_in_time, check_out_time, plan_type, max_guests, is_active) VALUES (10, '【4H】Evening(prepayment)', '', 40, '15:00', '19:00', 'early_check-in', 2, 1);
INSERT INTO plans (hotel_id, name, description, price_usd, check_in_time, check_out_time, plan_type, max_guests, is_active) VALUES (10, '【22H】Overnight(prepayment)', '', 72, '14:00', '12:00', 'overnight', 2, 1);
INSERT INTO hotel_images (hotel_id, image_url, alt_text, sort_order) VALUES (10, 'https://daydreamhub.com/wp-content/uploads/2025/12/Executive-Master-Room.jpeg', 'Diplomat Hotel Islamabad- Pakistan / 1 Executive Master Room - Image 1', 0);
INSERT INTO hotels (id, name, slug, description, city, country, address, rating, thumbnail_url, categories, amenities, property_type, is_active) VALUES (11, 'Diplomat Hotel Islamabad- Pakistan / 1 Deluxe Twin Bedroom', 'diplomat-hotel-islamabad-pakistan-1-deluxe-twin-bedroom', 'Experience luxury and comfort in our Deluxe Twin Room, perfect for friends or colleagues. Enjoy elegant furnishings, a cozy seating area, and modern amenities designed for a relaxing and productive stay.', 'Islamabad', 'Pakistan', '', 0, 'https://daydreamhub.com/wp-content/uploads/2025/12/Delux-Twin-Room.jpeg', '["early_check-in","for_couple","for_work","luxury","personal_time"]', '["Bar / Restaurant","Coin laundry","Laundry Service","Parking on Premises","Wheelchair Accessible","Air Conditioner (Cooling)","Air Conditioner (Heating)","Desk/Workspace","Electric pot","Free Wi-Fi","Hair Dryer","Refrigerator","Shampoo","Shower","TEL","Toothbrush","Towels","TV"]', 'Hotel', 1);
INSERT INTO plans (hotel_id, name, description, price_usd, check_in_time, check_out_time, plan_type, max_guests, is_active) VALUES (11, '【4H】Morning(prepayment)', '', 40, '6:00', '10:00', 'early_check-in', 2, 1);
INSERT INTO plans (hotel_id, name, description, price_usd, check_in_time, check_out_time, plan_type, max_guests, is_active) VALUES (11, '【4H】Evening(prepayment)', '', 40, '15:00', '19:00', 'early_check-in', 2, 1);
INSERT INTO plans (hotel_id, name, description, price_usd, check_in_time, check_out_time, plan_type, max_guests, is_active) VALUES (11, '【22H】Overnight(prepayment)', '', 72, '14:00', '12:00', 'overnight', 2, 1);
INSERT INTO hotel_images (hotel_id, image_url, alt_text, sort_order) VALUES (11, 'https://daydreamhub.com/wp-content/uploads/2025/12/Delux-Twin-Room.jpeg', 'Diplomat Hotel Islamabad- Pakistan / 1 Deluxe Twin Bedroom - Image 1', 0);
INSERT INTO hotels (id, name, slug, description, city, country, address, rating, thumbnail_url, categories, amenities, property_type, is_active) VALUES (12, 'Diplomat Hotel Islamabad- Pakistan / 1 Deluxe Master Bedroom', 'diplomat-hotel-islamabad-pakistan-1-deluxe-master-bedroom', 'Our Deluxe Master Room offers a luxurious and comfortable stay, designed for those who appreciate extra comfort and style. It features elegant furnishings, a cozy seating area, and thoughtful amenities.', 'Islamabad', 'Pakistan', '', 0, 'https://daydreamhub.com/wp-content/uploads/2025/12/Delux-Master-Room.jpg', '["early_check-in","for_couple","for_work","luxury","personal_time"]', '["Bar / Restaurant","Coin laundry","Laundry Service","Parking on Premises","Wheelchair Accessible","Air Conditioner (Cooling)","Air Conditioner (Heating)","Desk/Workspace","Electric pot","Free Wi-Fi","Hair Dryer","Refrigerator","Shampoo","Shower","TEL","Toothbrush","Towels","TV"]', 'Hotel', 1);
INSERT INTO plans (hotel_id, name, description, price_usd, check_in_time, check_out_time, plan_type, max_guests, is_active) VALUES (12, '【4H】Morning(prepayment)', '', 40, '6:00', '10:00', 'early_check-in', 2, 1);
INSERT INTO plans (hotel_id, name, description, price_usd, check_in_time, check_out_time, plan_type, max_guests, is_active) VALUES (12, '【4H】Evening(prepayment)', '', 40, '15:00', '19:00', 'early_check-in', 2, 1);
INSERT INTO plans (hotel_id, name, description, price_usd, check_in_time, check_out_time, plan_type, max_guests, is_active) VALUES (12, '【22H】Overnight(prepayment)', '', 72, '14:00', '12:00', 'overnight', 2, 1);
INSERT INTO hotel_images (hotel_id, image_url, alt_text, sort_order) VALUES (12, 'https://daydreamhub.com/wp-content/uploads/2025/12/Delux-Master-Room.jpg', 'Diplomat Hotel Islamabad- Pakistan / 1 Deluxe Master Bedroom - Image 1', 0);
INSERT INTO hotels (id, name, slug, description, city, country, address, rating, thumbnail_url, categories, amenities, property_type, is_active) VALUES (13, 'Diplomat Hotel Islamabad- Pakistan / 1 Standard Twin Bedroom', 'diplomat-hotel-islamabad-pakistan-1-standard-twin-bedroom-copy', 'Our Standard Twin Room is perfect for friends and colleagues traveling together. It features two comfortable twin beds, with modern furnishings, and a warm, inviting atmosphere for a pleasant stay.', 'Islamabad', 'Pakistan', '', 0, 'https://daydreamhub.com/wp-content/uploads/2025/12/Standard-Twin-Room.jpg', '["early_check-in","for_couple","for_work","luxury","personal_time"]', '["Bar / Restaurant","Coin laundry","Laundry Service","Parking on Premises","Wheelchair Accessible","Air Conditioner (Cooling)","Air Conditioner (Heating)","Desk/Workspace","Electric pot","Free Wi-Fi","Hair Dryer","Refrigerator","Shampoo","Shower","TEL","Toothbrush","Towels","TV"]', 'Hotel', 1);
INSERT INTO plans (hotel_id, name, description, price_usd, check_in_time, check_out_time, plan_type, max_guests, is_active) VALUES (13, '【4H】Morning(prepayment)', '', 40, '6:00', '10:00', 'early_check-in', 2, 1);
INSERT INTO plans (hotel_id, name, description, price_usd, check_in_time, check_out_time, plan_type, max_guests, is_active) VALUES (13, '【4H】Evening(prepayment)', '', 40, '15:00', '19:00', 'early_check-in', 2, 1);
INSERT INTO plans (hotel_id, name, description, price_usd, check_in_time, check_out_time, plan_type, max_guests, is_active) VALUES (13, '【22H】Overnight(prepayment)', '', 72, '14:00', '12:00', 'overnight', 2, 1);
INSERT INTO hotel_images (hotel_id, image_url, alt_text, sort_order) VALUES (13, 'https://daydreamhub.com/wp-content/uploads/2025/12/Standard-Twin-Room.jpg', 'Diplomat Hotel Islamabad- Pakistan / 1 Standard Twin Bedroom - Image 1', 0);
INSERT INTO hotels (id, name, slug, description, city, country, address, rating, thumbnail_url, categories, amenities, property_type, is_active) VALUES (14, 'Paypal3', 'paypal3', '', 'Shibuya', 'Japan', '', 0, 'https://daydreamhub.com/wp-content/uploads/2025/12/IMG_8279.jpeg', '["daycation"]', '["ATM","Currency Exchange","Laundry Service","Air Conditioner (Cooling)","Desk/Workspace"]', 'Hotel', 1);
INSERT INTO plans (hotel_id, name, description, price_usd, check_in_time, check_out_time, plan_type, max_guests, is_active) VALUES (14, 'test plan(prepayment)', '', 1, '6:00', '12:00', 'daycation', 2, 1);
INSERT INTO hotel_images (hotel_id, image_url, alt_text, sort_order) VALUES (14, 'https://daydreamhub.com/wp-content/uploads/2025/12/IMG_8279.jpeg', 'Paypal3 - Image 1', 0);
INSERT INTO hotels (id, name, slug, description, city, country, address, rating, thumbnail_url, categories, amenities, property_type, is_active) VALUES (15, 'Wellmed Bangkok Clinic Silom', 'wellmed-bangkok-clinic-silom', 'We kindly request that you make a reservation at least 1-2 days in advance. Please note that the last reservation time is 6:30 PM. However, walk-ins are always welcome.

Whether you visit our Asoke Branch (accessible by BTS Asok / MRT Sukhumvit/ Car parking) or our newest location in Silom (accessible by BTS Sala Daeng / MRT Silom), you can expect the same high-quality care that our patients trust.', 'Bangkok', 'Thailand', '', 0, 'https://daydreamhub.com/wp-content/uploads/2025/12/スクリーンショット-2025-12-03-221433.jpg', '["personal_time"]', '["Free Wi-Fi"]', 'Private Room', 1);
INSERT INTO plans (hotel_id, name, description, price_usd, check_in_time, check_out_time, plan_type, max_guests, is_active) VALUES (15, 'Doctor on call(prepayment)', '', 200, '10:00', '22:00', 'personal_time', 2, 1);
INSERT INTO plans (hotel_id, name, description, price_usd, check_in_time, check_out_time, plan_type, max_guests, is_active) VALUES (15, 'STIs Screening 15 Types PCR for multiple pathogens(prepayment)', '', 150, '9:00', '19:00', 'personal_time', 2, 1);
INSERT INTO plans (hotel_id, name, description, price_usd, check_in_time, check_out_time, plan_type, max_guests, is_active) VALUES (15, 'Japanese Encephalitis Vaccine(prepayment)', '', 60, '9:00', '19:00', 'personal_time', 2, 1);
INSERT INTO plans (hotel_id, name, description, price_usd, check_in_time, check_out_time, plan_type, max_guests, is_active) VALUES (15, 'Advanced Health Check-up Package(prepayment)', '', 140, '9:00', '19:00', 'personal_time', 2, 1);
INSERT INTO plans (hotel_id, name, description, price_usd, check_in_time, check_out_time, plan_type, max_guests, is_active) VALUES (15, 'Advance Hormones Check-up(prepayment)', '', 550, '9:00', '19:00', 'personal_time', 2, 1);
INSERT INTO plans (hotel_id, name, description, price_usd, check_in_time, check_out_time, plan_type, max_guests, is_active) VALUES (15, 'Nutrient IV Drips: Recover, Revitalize,Energize(prepayment)', '', 120, '9:00', '19:00', 'personal_time', 2, 1);
INSERT INTO plans (hotel_id, name, description, price_usd, check_in_time, check_out_time, plan_type, max_guests, is_active) VALUES (15, 'Influenza Vaccine(prepayment)', '', 45, '9:00', '19:00', 'personal_time', 2, 1);
INSERT INTO plans (hotel_id, name, description, price_usd, check_in_time, check_out_time, plan_type, max_guests, is_active) VALUES (15, 'Rabies Vaccine(prepayment)', '', 50, '9:00', '19:00', 'personal_time', 2, 1);
INSERT INTO plans (hotel_id, name, description, price_usd, check_in_time, check_out_time, plan_type, max_guests, is_active) VALUES (15, 'Yellow Vaccine(prepayment)', '', 100, '9:00', '19:00', 'personal_time', 2, 1);
INSERT INTO plans (hotel_id, name, description, price_usd, check_in_time, check_out_time, plan_type, max_guests, is_active) VALUES (15, 'Dengue Vaccine(prepayment)', '', 150, '9:00', '19:00', 'personal_time', 2, 1);
INSERT INTO hotel_images (hotel_id, image_url, alt_text, sort_order) VALUES (15, 'https://daydreamhub.com/wp-content/uploads/2025/12/スクリーンショット-2025-12-03-221433.jpg', 'Wellmed Bangkok Clinic Silom - Image 1', 0);
INSERT INTO hotel_images (hotel_id, image_url, alt_text, sort_order) VALUES (15, 'https://daydreamhub.com/wp-content/uploads/2025/12/PHOTO-3.jpg', 'Wellmed Bangkok Clinic Silom - Image 2', 1);
INSERT INTO hotel_images (hotel_id, image_url, alt_text, sort_order) VALUES (15, 'https://daydreamhub.com/wp-content/uploads/2025/12/PHOTO-31.jpg', 'Wellmed Bangkok Clinic Silom - Image 3', 2);
INSERT INTO hotel_images (hotel_id, image_url, alt_text, sort_order) VALUES (15, 'https://daydreamhub.com/wp-content/uploads/2025/12/PHOTO-56.jpg', 'Wellmed Bangkok Clinic Silom - Image 4', 3);
INSERT INTO hotel_images (hotel_id, image_url, alt_text, sort_order) VALUES (15, 'https://daydreamhub.com/wp-content/uploads/2025/12/PHOTO-83.jpg', 'Wellmed Bangkok Clinic Silom - Image 5', 4);
INSERT INTO hotel_images (hotel_id, image_url, alt_text, sort_order) VALUES (15, 'https://daydreamhub.com/wp-content/uploads/2025/12/PHOTO-62.jpg', 'Wellmed Bangkok Clinic Silom - Image 6', 5);
INSERT INTO hotel_images (hotel_id, image_url, alt_text, sort_order) VALUES (15, 'https://daydreamhub.com/wp-content/uploads/2025/12/PHOTO-4.jpg', 'Wellmed Bangkok Clinic Silom - Image 7', 6);
INSERT INTO hotel_images (hotel_id, image_url, alt_text, sort_order) VALUES (15, 'https://daydreamhub.com/wp-content/uploads/2025/12/PHOTO-36.jpg', 'Wellmed Bangkok Clinic Silom - Image 8', 7);
INSERT INTO hotels (id, name, slug, description, city, country, address, rating, thumbnail_url, categories, amenities, property_type, is_active) VALUES (16, 'Hydro Medical Clinic Berawa', 'hydro-medical-clinic-berawa', 'Situated in the vibrant heart of Berawa, Canggu, Hydro Medical Clinic is your premium sanctuary for health and recovery. We specialize in high-quality IV Vitamin Therapy designed to combat fatigue, hangovers, and Bali Belly, ensuring you stay energized for your holiday activities. Our modern facility adheres to strict international hygiene standards and is staffed by professional doctors who provide personalized care in a comfortable environment. Whether you need a quick immunity boost or professional medical attention, we ensure a safe, efficient, and welcoming experience perfectly suited for the dynamic traveler.', 'Dalung', 'Indonesia', '', 0, 'https://daydreamhub.com/wp-content/uploads/2025/12/スクリーンショット-2025-12-01-10.00.13.jpg', '["personal_time"]', '[]', 'Private Room', 1);
INSERT INTO plans (hotel_id, name, description, price_usd, check_in_time, check_out_time, plan_type, max_guests, is_active) VALUES (16, 'Doctor consultation only (without package and treatment)(prepayment)', '', 40, '6:00', '24:00', 'personal_time', 2, 1);
INSERT INTO plans (hotel_id, name, description, price_usd, check_in_time, check_out_time, plan_type, max_guests, is_active) VALUES (16, 'Basic Immune Booster Package IV Drip (In-Clinic)(prepayment)', '', 27, '6:00', '24:00', 'personal_time', 2, 1);
INSERT INTO plans (hotel_id, name, description, price_usd, check_in_time, check_out_time, plan_type, max_guests, is_active) VALUES (16, 'Premium Immune Booster Package IV Drip (In-Clinic)(prepayment)', '', 47, '6:00', '24:00', 'personal_time', 2, 1);
INSERT INTO plans (hotel_id, name, description, price_usd, check_in_time, check_out_time, plan_type, max_guests, is_active) VALUES (16, 'Super Immune Booster Package IV Drip (In-Clinic)(prepayment)', '', 48, '6:00', '24:00', 'personal_time', 2, 1);
INSERT INTO plans (hotel_id, name, description, price_usd, check_in_time, check_out_time, plan_type, max_guests, is_active) VALUES (16, 'Basic Hangover IV Drip Package (In-Clinic)(prepayment)', '', 27, '6:00', '24:00', 'personal_time', 2, 1);
INSERT INTO plans (hotel_id, name, description, price_usd, check_in_time, check_out_time, plan_type, max_guests, is_active) VALUES (16, 'Medium Hangover IV Drip Package (In-Clinic)(prepayment)', '', 33, '6:00', '24:00', 'personal_time', 2, 1);
INSERT INTO plans (hotel_id, name, description, price_usd, check_in_time, check_out_time, plan_type, max_guests, is_active) VALUES (16, 'Premium Hangover IV Drip Package (In-Clinic)(prepayment)', '', 43, '6:00', '24:00', 'personal_time', 2, 1);
INSERT INTO plans (hotel_id, name, description, price_usd, check_in_time, check_out_time, plan_type, max_guests, is_active) VALUES (16, 'Revitalize Hangover IV Drip Package (In-Clinic)(prepayment)', '', 62, '6:00', '24:00', 'personal_time', 2, 1);
INSERT INTO plans (hotel_id, name, description, price_usd, check_in_time, check_out_time, plan_type, max_guests, is_active) VALUES (16, 'Alleviate Hangover IV Drip Package (In-Clinic)(prepayment)', '', 105, '6:00', '24:00', 'personal_time', 2, 1);
INSERT INTO plans (hotel_id, name, description, price_usd, check_in_time, check_out_time, plan_type, max_guests, is_active) VALUES (16, 'Felicity Hangover IV Drip Package (In-Clinic)(prepayment)', '', 124, '6:00', '24:00', 'personal_time', 2, 1);
INSERT INTO plans (hotel_id, name, description, price_usd, check_in_time, check_out_time, plan_type, max_guests, is_active) VALUES (16, 'Fast Jet Lag Relief IV Drip Package (In-Clinic)(prepayment)', '', 65, '6:00', '24:00', 'personal_time', 2, 1);
INSERT INTO plans (hotel_id, name, description, price_usd, check_in_time, check_out_time, plan_type, max_guests, is_active) VALUES (16, 'Advance Flu Relief IV Drip Package (In-Clinic)(prepayment)', '', 85, '6:00', '24:00', 'personal_time', 2, 1);
INSERT INTO plans (hotel_id, name, description, price_usd, check_in_time, check_out_time, plan_type, max_guests, is_active) VALUES (16, 'Basic Myers Cocktail IV Drip Package (In-Clinic)(prepayment)', '', 65, '6:00', '24:00', 'personal_time', 2, 1);
INSERT INTO plans (hotel_id, name, description, price_usd, check_in_time, check_out_time, plan_type, max_guests, is_active) VALUES (16, 'Premium Myers Cocktail IV Drip Package (In-Clinic)(prepayment)', '', 85, '6:00', '24:00', 'personal_time', 2, 1);
INSERT INTO plans (hotel_id, name, description, price_usd, check_in_time, check_out_time, plan_type, max_guests, is_active) VALUES (16, 'Advance Bali Belly Cure IV Drip Package (In-Clinic)(prepayment)', '', 117, '6:00', '24:00', 'personal_time', 2, 1);
INSERT INTO plans (hotel_id, name, description, price_usd, check_in_time, check_out_time, plan_type, max_guests, is_active) VALUES (16, 'Basic STD Test Package (In-Clinic)(prepayment)', '', 69, '6:00', '24:00', 'personal_time', 2, 1);
INSERT INTO plans (hotel_id, name, description, price_usd, check_in_time, check_out_time, plan_type, max_guests, is_active) VALUES (16, 'Medium STD Test Package (In-Clinic)(prepayment)', '', 119, '6:00', '24:00', 'personal_time', 2, 1);
INSERT INTO plans (hotel_id, name, description, price_usd, check_in_time, check_out_time, plan_type, max_guests, is_active) VALUES (16, 'Premium STD Test Package (In-Clinic)(prepayment)', '', 253, '6:00', '24:00', 'personal_time', 2, 1);
INSERT INTO plans (hotel_id, name, description, price_usd, check_in_time, check_out_time, plan_type, max_guests, is_active) VALUES (16, 'Essential STD Test Package (In-Clinic)(prepayment)', '', 129, '6:00', '24:00', 'personal_time', 2, 1);
INSERT INTO plans (hotel_id, name, description, price_usd, check_in_time, check_out_time, plan_type, max_guests, is_active) VALUES (16, 'Comprehensive STD Test Package (In-Clinic)(prepayment)', '', 136, '6:00', '24:00', 'personal_time', 2, 1);
INSERT INTO plans (hotel_id, name, description, price_usd, check_in_time, check_out_time, plan_type, max_guests, is_active) VALUES (16, 'Advanced Sexual Health STD Test Package (In-Clinic)(prepayment)', '', 207, '6:00', '24:00', 'personal_time', 2, 1);
INSERT INTO plans (hotel_id, name, description, price_usd, check_in_time, check_out_time, plan_type, max_guests, is_active) VALUES (16, 'Premium Intimate Care STD Test Package (In-Clinic)(prepayment)', '', 317, '6:00', '24:00', 'personal_time', 2, 1);
INSERT INTO hotel_images (hotel_id, image_url, alt_text, sort_order) VALUES (16, 'https://daydreamhub.com/wp-content/uploads/2025/12/スクリーンショット-2025-12-01-10.00.13.jpg', 'Hydro Medical Clinic Berawa - Image 1', 0);
INSERT INTO hotel_images (hotel_id, image_url, alt_text, sort_order) VALUES (16, 'https://daydreamhub.com/wp-content/uploads/2026/01/Hydro-Medical-Logo-Day-Dream-Hub-1.png', 'Hydro Medical Clinic Berawa - Image 2', 1);
INSERT INTO hotels (id, name, slug, description, city, country, address, rating, thumbnail_url, categories, amenities, property_type, is_active) VALUES (17, 'Wellmed Bangkok Clinic Sukhumvit', 'wellmed-bangkok-clinic', 'We kindly request that you make a reservation at least 1-2 days in advance. Please note that the last reservation time is 6:30 PM. However, walk-ins are always welcome.

Whether you visit our Asoke Branch (accessible by BTS Asok / MRT Sukhumvit/ Car parking) or our newest location in Silom (accessible by BTS Sala Daeng / MRT Silom), you can expect the same high-quality care that our patients trust.', 'Bangkok', 'Thailand', '', 12, 'https://daydreamhub.com/wp-content/uploads/2025/12/スクリーンショット-2025-12-03-221433.jpg', '["personal_time"]', '[]', 'Private Room', 1);
INSERT INTO plans (hotel_id, name, description, price_usd, check_in_time, check_out_time, plan_type, max_guests, is_active) VALUES (17, 'Doctor on call(prepayment)', '', 250, '10:00', '22:00', 'personal_time', 2, 1);
INSERT INTO plans (hotel_id, name, description, price_usd, check_in_time, check_out_time, plan_type, max_guests, is_active) VALUES (17, 'STIs Screening 15 Types PCR for multiple pathogens(prepayment)', '', 160, '9:00', '19:00', 'personal_time', 2, 1);
INSERT INTO plans (hotel_id, name, description, price_usd, check_in_time, check_out_time, plan_type, max_guests, is_active) VALUES (17, 'Japanese Encephalitis Vaccine(prepayment)', '', 65, '9:00', '19:00', 'personal_time', 2, 1);
INSERT INTO plans (hotel_id, name, description, price_usd, check_in_time, check_out_time, plan_type, max_guests, is_active) VALUES (17, 'Advanced Health Check-up Package(prepayment)', '', 160, '9:00', '19:00', 'personal_time', 2, 1);
INSERT INTO plans (hotel_id, name, description, price_usd, check_in_time, check_out_time, plan_type, max_guests, is_active) VALUES (17, 'Advance Hormones Check-up(prepayment)', '', 550, '9:00', '19:00', 'personal_time', 2, 1);
INSERT INTO plans (hotel_id, name, description, price_usd, check_in_time, check_out_time, plan_type, max_guests, is_active) VALUES (17, 'Nutrient IV Drips: Recover, Revitalize and Energize(prepayment)', '', 120, '10:00', '18:00', 'personal_time', 2, 1);
INSERT INTO plans (hotel_id, name, description, price_usd, check_in_time, check_out_time, plan_type, max_guests, is_active) VALUES (17, 'Influenza Vaccine(prepayment)', '', 45, '9:00', '19:00', 'personal_time', 2, 1);
INSERT INTO plans (hotel_id, name, description, price_usd, check_in_time, check_out_time, plan_type, max_guests, is_active) VALUES (17, 'Rabies Vaccine(prepayment)', '', 50, '9:00', '19:00', 'personal_time', 2, 1);
INSERT INTO plans (hotel_id, name, description, price_usd, check_in_time, check_out_time, plan_type, max_guests, is_active) VALUES (17, 'Yellow Fever Vaccine(prepayment)', '', 100, '9:00', '19:00', 'personal_time', 2, 1);
INSERT INTO plans (hotel_id, name, description, price_usd, check_in_time, check_out_time, plan_type, max_guests, is_active) VALUES (17, 'Dengue Vaccine(prepayment)', '', 150, '9:00', '19:00', 'personal_time', 2, 1);
INSERT INTO hotel_images (hotel_id, image_url, alt_text, sort_order) VALUES (17, 'https://daydreamhub.com/wp-content/uploads/2025/12/スクリーンショット-2025-12-03-221433.jpg', 'Wellmed Bangkok Clinic Sukhumvit - Image 1', 0);
INSERT INTO hotel_images (hotel_id, image_url, alt_text, sort_order) VALUES (17, 'https://daydreamhub.com/wp-content/uploads/2025/12/WM9-1.jpg', 'Wellmed Bangkok Clinic Sukhumvit - Image 2', 1);
INSERT INTO hotel_images (hotel_id, image_url, alt_text, sort_order) VALUES (17, 'https://daydreamhub.com/wp-content/uploads/2025/12/WM5-1.jpg', 'Wellmed Bangkok Clinic Sukhumvit - Image 3', 2);
INSERT INTO hotel_images (hotel_id, image_url, alt_text, sort_order) VALUES (17, 'https://daydreamhub.com/wp-content/uploads/2025/12/5.jpg', 'Wellmed Bangkok Clinic Sukhumvit - Image 4', 3);
INSERT INTO hotel_images (hotel_id, image_url, alt_text, sort_order) VALUES (17, 'https://daydreamhub.com/wp-content/uploads/2025/12/スクリーンショット-2025-12-03-221509.png', 'Wellmed Bangkok Clinic Sukhumvit - Image 5', 4);
INSERT INTO hotel_images (hotel_id, image_url, alt_text, sort_order) VALUES (17, 'https://daydreamhub.com/wp-content/uploads/2025/12/スクリーンショット-2025-12-03-221525.jpg', 'Wellmed Bangkok Clinic Sukhumvit - Image 6', 5);
INSERT INTO hotels (id, name, slug, description, city, country, address, rating, thumbnail_url, categories, amenities, property_type, is_active) VALUES (18, 'Diplomat Hotel Islamabad- Pakistan / 1 Standard Master Bedroom', 'diplomat-hotel-standard-master-room', 'Experience comfort in our Master bedroom, designed to give you a “home away from home” feeling. The room features modern furniture, wooden flooring, and a cozy atmosphere for a relaxing stay.', 'Islamabad', 'Pakistan', '', 0, 'https://daydreamhub.com/wp-content/uploads/2025/11/スクリーンショット-2025-11-30-014310.jpg', '["early_check-in","for_couple","for_work","luxury","personal_time"]', '["Bar / Restaurant","Coin laundry","Laundry Service","Parking on Premises","Wheelchair Accessible","Air Conditioner (Cooling)","Air Conditioner (Heating)","Desk/Workspace","Electric pot","Free Wi-Fi","Hair Dryer","Refrigerator","Shampoo","Shower","TEL","Toothbrush","Towels","TV"]', 'Hotel', 1);
INSERT INTO plans (hotel_id, name, description, price_usd, check_in_time, check_out_time, plan_type, max_guests, is_active) VALUES (18, '【4H】Morning(prepayment)', '', 40, '6:00', '10:00', 'early_check-in', 2, 1);
INSERT INTO plans (hotel_id, name, description, price_usd, check_in_time, check_out_time, plan_type, max_guests, is_active) VALUES (18, '【4H】Evening(prepayment)', '', 40, '15:00', '19:00', 'early_check-in', 2, 1);
INSERT INTO plans (hotel_id, name, description, price_usd, check_in_time, check_out_time, plan_type, max_guests, is_active) VALUES (18, '【22H】Overnight(prepayment)', '', 72, '14:00', '12:00', 'overnight', 2, 1);
INSERT INTO hotel_images (hotel_id, image_url, alt_text, sort_order) VALUES (18, 'https://daydreamhub.com/wp-content/uploads/2025/11/スクリーンショット-2025-11-30-014310.jpg', 'Diplomat Hotel Islamabad- Pakistan / 1 Standard Master Bedroom - Image 1', 0);
INSERT INTO hotel_images (hotel_id, image_url, alt_text, sort_order) VALUES (18, 'https://daydreamhub.com/wp-content/uploads/2025/12/1.11.jpg', 'Diplomat Hotel Islamabad- Pakistan / 1 Standard Master Bedroom - Image 2', 1);
INSERT INTO hotel_images (hotel_id, image_url, alt_text, sort_order) VALUES (18, 'https://daydreamhub.com/wp-content/uploads/2025/11/スクリーンショット-2025-11-30-014256.jpg', 'Diplomat Hotel Islamabad- Pakistan / 1 Standard Master Bedroom - Image 3', 2);
INSERT INTO hotel_images (hotel_id, image_url, alt_text, sort_order) VALUES (18, 'https://daydreamhub.com/wp-content/uploads/2025/11/スクリーンショット-2025-11-30-014356.jpg', 'Diplomat Hotel Islamabad- Pakistan / 1 Standard Master Bedroom - Image 4', 3);
INSERT INTO hotels (id, name, slug, description, city, country, address, rating, thumbnail_url, categories, amenities, property_type, is_active) VALUES (19, 'Royal Outcall Massage', 'royal-outcall-massage', 'Royal outcall Massage | Professional Healing & Wellness Therapies

At Royal Massage – Bangkok, we provide premium therapeutic massage services designed to relax your body, refresh your mind, and restore your natural balance. Our certified and experienced therapists deliver exceptional treatments with care, professionalism, and true Thai hospitality.

1. Thai Bodywork Therapy | 2. Aromatic Oil Massage | 3. Therapeutic oil Massage | 4. Thai-Oil Fusion Therapy | 5.Targeted Muscle Relief Massage | 6 Advanced Thai Stretching Therapy

Service Options
 ✔ Incall Service – Visit our comfortable, private studio in Bangkok.
 ✔ Outcall Service – Our therapist travels to your home, hotel, or condo for your convenience.

*** Outcall Service : We will contact you by phone or email to confirm your service location and the transportation cost to avoid any confusion.

***Outcall service Coverage Area
 Sukhumvit (1–63), Asoke, Nana, Phrom Phong, Thonglor, Silom, Sathorn.
 Additional travel fee applies for areas outside central Bangkok.

We appreciate your understanding.', 'Bangkok', 'Thailand', '', 0, 'https://daydreamhub.com/wp-content/uploads/2025/11/スクリーンショット-2025-11-27-223021.jpg', '["for_couple","luxury","personal_time"]', '[]', 'Private Room', 1);
INSERT INTO plans (hotel_id, name, description, price_usd, check_in_time, check_out_time, plan_type, max_guests, is_active) VALUES (19, '[1 Hour] Our Signature Therapies Program(prepayment)', '', 35, '10:00', '', 'for_couple', 2, 1);
INSERT INTO plans (hotel_id, name, description, price_usd, check_in_time, check_out_time, plan_type, max_guests, is_active) VALUES (19, '[2 Hour] Our Signature Therapies Program(prepayment)', '', 50, '10:00', '', 'for_couple', 2, 1);
INSERT INTO plans (hotel_id, name, description, price_usd, check_in_time, check_out_time, plan_type, max_guests, is_active) VALUES (19, '[3 Hour] Our Signature Therapies Program(prepayment)', '', 80, '10:00', '', 'for_couple', 2, 1);
INSERT INTO hotel_images (hotel_id, image_url, alt_text, sort_order) VALUES (19, 'https://daydreamhub.com/wp-content/uploads/2025/11/スクリーンショット-2025-11-27-223021.jpg', 'Royal Outcall Massage - Image 1', 0);
INSERT INTO hotel_images (hotel_id, image_url, alt_text, sort_order) VALUES (19, 'https://daydreamhub.com/wp-content/uploads/2025/12/spa-massage-concept-with-feet.jpg', 'Royal Outcall Massage - Image 2', 1);
INSERT INTO hotel_images (hotel_id, image_url, alt_text, sort_order) VALUES (19, 'https://daydreamhub.com/wp-content/uploads/2025/12/สำเนาของ-IMG_8661.jpg', 'Royal Outcall Massage - Image 3', 2);
INSERT INTO hotel_images (hotel_id, image_url, alt_text, sort_order) VALUES (19, 'https://daydreamhub.com/wp-content/uploads/2025/11/スクリーンショット-2025-11-27-223045.jpg', 'Royal Outcall Massage - Image 4', 3);
INSERT INTO hotel_images (hotel_id, image_url, alt_text, sort_order) VALUES (19, 'https://daydreamhub.com/wp-content/uploads/2025/11/スクリーンショット-2025-11-27-223123.jpg', 'Royal Outcall Massage - Image 5', 4);
INSERT INTO hotels (id, name, slug, description, city, country, address, rating, thumbnail_url, categories, amenities, property_type, is_active) VALUES (20, 'The Sevā Hotel Thimphu / Single Room', 'the-seva-hotel-thimphu-single-room', '※The Morning Plan is not available for same-day reservations.
 Bookings must be made by 6:00 PM on the previous day.
 ————————————————
 The Sevā Hotel is the newest 4 star luxury boutique hotel in Thimphu, Bhutan’s capital city.

Truly an oasis in the midst of the City center featuring 40 comfortable deluxe rooms. Embracing a more sustainable ,organic and natural aesthetic, the interiors of the hotel are designed with natural materials and elements to emulate a traditional modern feel. Proud that our furniture have been customized and made in Bhutan using natural wood and meticulously handcrafted by local artisans. Designed with personal touches every slab, block and piece tells a story.', 'Thimphu', 'Bhutan', '', 0, 'https://daydreamhub.com/wp-content/uploads/2025/11/deluxe-twin-g1-1-qq4j85jakxucjtqmjwdwf0urtf1ehn667pk7qp59tk.jpg', '["daycation","for_couple","for_work","personal_time","transit_use"]', '["Bar / Restaurant","Currency Exchange","Elevator in Building","Gym","Laundry Service","Luggage Storage","Massage","Parking on Premises","Wheelchair Accessible","Air Conditioner (Cooling)","Air Conditioner (Heating)","Desk/Workspace","Electric pot","Free Wi-Fi","Hair Dryer","Refrigerator","Shampoo","Shower","TEL","Toothbrush","Towels","TV"]', 'Hotel', 1);
INSERT INTO plans (hotel_id, name, description, price_usd, check_in_time, check_out_time, plan_type, max_guests, is_active) VALUES (20, '【6H】Morning(prepayment)', '', 50, '6:00', '12:00', 'daycation', 2, 1);
INSERT INTO plans (hotel_id, name, description, price_usd, check_in_time, check_out_time, plan_type, max_guests, is_active) VALUES (20, '【10H】Daytime (prepayment)', '', 60, '10:00', '20:00', 'daycation', 2, 1);
INSERT INTO plans (hotel_id, name, description, price_usd, check_in_time, check_out_time, plan_type, max_guests, is_active) VALUES (20, '【21H】Overnight (breakfast included)(prepayment)', '', 120, '15:00', '12:00', 'overnight', 2, 1);
INSERT INTO hotel_images (hotel_id, image_url, alt_text, sort_order) VALUES (20, 'https://daydreamhub.com/wp-content/uploads/2025/11/deluxe-twin-g1-1-qq4j85jakxucjtqmjwdwf0urtf1ehn667pk7qp59tk.jpg', 'The Sevā Hotel Thimphu / Single Room - Image 1', 0);
INSERT INTO hotels (id, name, slug, description, city, country, address, rating, thumbnail_url, categories, amenities, property_type, is_active) VALUES (21, 'The Sevā Hotel Thimphu / Double Room', 'the-seva-hotel-thimphu-double-room', '※The Morning Plan is not available for same-day reservations.
 Bookings must be made by 6:00 PM on the previous day.
 ————————————————
 The Sevā Hotel is the newest 4 star luxury boutique hotel in Thimphu, Bhutan’s capital city.

Truly an oasis in the midst of the City center featuring 40 comfortable deluxe rooms. Embracing a more sustainable ,organic and natural aesthetic, the interiors of the hotel are designed with natural materials and elements to emulate a traditional modern feel. Proud that our furniture have been customized and made in Bhutan using natural wood and meticulously handcrafted by local artisans. Designed with personal touches every slab, block and piece tells a story.', 'Thimphu', 'Bhutan', '', 0, 'https://daydreamhub.com/wp-content/uploads/2025/11/deluxe-twin-g1-1-qq4j85jakxucjtqmjwdwf0urtf1ehn667pk7qp59tk.jpg', '["daycation","for_couple","for_work","personal_time","transit_use"]', '["Bar / Restaurant","Currency Exchange","Elevator in Building","Gym","Laundry Service","Luggage Storage","Massage","Parking on Premises","Wheelchair Accessible","Air Conditioner (Cooling)","Air Conditioner (Heating)","Desk/Workspace","Electric pot","Free Wi-Fi","Hair Dryer","Refrigerator","Shampoo","Shower","TEL","Toothbrush","Towels","TV"]', 'Hotel', 1);
INSERT INTO plans (hotel_id, name, description, price_usd, check_in_time, check_out_time, plan_type, max_guests, is_active) VALUES (21, '【6H】Morning(prepayment)', '', 70, '6:00', '12:00', 'daycation', 2, 1);
INSERT INTO plans (hotel_id, name, description, price_usd, check_in_time, check_out_time, plan_type, max_guests, is_active) VALUES (21, '【10H】Daytime (prepayment)', '', 80, '10:00', '20:00', 'daycation', 2, 1);
INSERT INTO plans (hotel_id, name, description, price_usd, check_in_time, check_out_time, plan_type, max_guests, is_active) VALUES (21, '【21H】Overnight (breakfast included)(prepayment)', '', 150, '15:00', '12:00', 'overnight', 2, 1);
INSERT INTO hotel_images (hotel_id, image_url, alt_text, sort_order) VALUES (21, 'https://daydreamhub.com/wp-content/uploads/2025/11/deluxe-twin-g1-1-qq4j85jakxucjtqmjwdwf0urtf1ehn667pk7qp59tk.jpg', 'The Sevā Hotel Thimphu / Double Room - Image 1', 0);
INSERT INTO hotels (id, name, slug, description, city, country, address, rating, thumbnail_url, categories, amenities, property_type, is_active) VALUES (22, 'Yeghevnut hotel/ Standard Triple Room', 'yeghevnut-hotel-standard-triple-room', '※The Morning Plan is not available for same-day reservations.
 Bookings must be made by 6:00 PM on the previous day.
 ————————————————
 Yeghevnut, the green hotel is located in the mountains of Goris only 5 minute drive from the center.
 The hotel features rooms with amazing views overlooking the beautiful mountains of Goris. All the rooms at Yeghevnut are decorated in traditional warm tones offering a small seating area with a satellite TV, a desk and a private toilet with bathroom.
 The hotel’s main restaurant located on the ground floor serves breakfast buffet every morning starting 9:00 AM and à-la-carte specialties during the day. Guests can sip a cup of coffee or Armenian wine and chill at the bar located on the 1st floor while enjoying the relaxing ambiance.
 At Yeghevnut Green Hotel, the staff speaks Russian, English, French and Armenian.', 'Goris', '', '', 0, 'https://daydreamhub.com/wp-content/uploads/2025/11/638051823855190581-cd7991b9-574d-469a-8fa3-479430420660.jpg', '["daycation","for_couple","personal_time"]', '["Bar / Restaurant","Gym","Laundry Service","Luggage Storage","Parking on Premises","Air Conditioner (Cooling)","Air Conditioner (Heating)","Coffee maker","Desk/Workspace","Electric pot","Free Wi-Fi","Hair Dryer","Projector(s)","Refrigerator","Scanner / Printer","Shampoo","Shower","TEL","Toothbrush","Towels","TV"]', 'Hotel', 1);
INSERT INTO plans (hotel_id, name, description, price_usd, check_in_time, check_out_time, plan_type, max_guests, is_active) VALUES (22, '【22H】Overnight(prepayment)', '', 50, '14:00', '12:00', 'overnight', 2, 1);
INSERT INTO hotel_images (hotel_id, image_url, alt_text, sort_order) VALUES (22, 'https://daydreamhub.com/wp-content/uploads/2025/11/638051823855190581-cd7991b9-574d-469a-8fa3-479430420660.jpg', 'Yeghevnut hotel/ Standard Triple Room - Image 1', 0);
INSERT INTO hotel_images (hotel_id, image_url, alt_text, sort_order) VALUES (22, 'https://daydreamhub.com/wp-content/uploads/2025/11/photo_5197534186716658239_y.jpg', 'Yeghevnut hotel/ Standard Triple Room - Image 2', 1);
INSERT INTO hotels (id, name, slug, description, city, country, address, rating, thumbnail_url, categories, amenities, property_type, is_active) VALUES (23, 'Yeghevnut hotel/ Standard Triple Room', 'yeghevnut-hotel-standard-twin-room', '※The Morning Plan is not available for same-day reservations.
 Bookings must be made by 6:00 PM on the previous day.
 ————————————————
 Yeghevnut, the green hotel is located in the mountains of Goris only 5 minute drive from the center.
 The hotel features rooms with amazing views overlooking the beautiful mountains of Goris. All the rooms at Yeghevnut are decorated in traditional warm tones offering a small seating area with a satellite TV, a desk and a private toilet with bathroom.
 The hotel’s main restaurant located on the ground floor serves breakfast buffet every morning starting 9:00 AM and à-la-carte specialties during the day. Guests can sip a cup of coffee or Armenian wine and chill at the bar located on the 1st floor while enjoying the relaxing ambiance.
 At Yeghevnut Green Hotel, the staff speaks Russian, English, French and Armenian.', 'Goris', '', '', 0, 'https://daydreamhub.com/wp-content/uploads/2025/11/638051823855190581-cd7991b9-574d-469a-8fa3-479430420660.jpg', '["daycation","for_couple","personal_time"]', '["Bar / Restaurant","Gym","Laundry Service","Luggage Storage","Parking on Premises","Air Conditioner (Cooling)","Air Conditioner (Heating)","Coffee maker","Desk/Workspace","Electric pot","Free Wi-Fi","Hair Dryer","Projector(s)","Refrigerator","Scanner / Printer","Shampoo","Shower","TEL","Toothbrush","Towels","TV"]', 'Hotel', 1);
INSERT INTO plans (hotel_id, name, description, price_usd, check_in_time, check_out_time, plan_type, max_guests, is_active) VALUES (23, '【22H】Overnight(prepayment)', '', 50, '14:00', '12:00', 'overnight', 2, 1);
INSERT INTO hotel_images (hotel_id, image_url, alt_text, sort_order) VALUES (23, 'https://daydreamhub.com/wp-content/uploads/2025/11/638051823855190581-cd7991b9-574d-469a-8fa3-479430420660.jpg', 'Yeghevnut hotel/ Standard Triple Room - Image 1', 0);
INSERT INTO hotel_images (hotel_id, image_url, alt_text, sort_order) VALUES (23, 'https://daydreamhub.com/wp-content/uploads/2025/11/photo_5197534186716658343_y.jpg', 'Yeghevnut hotel/ Standard Triple Room - Image 2', 1);
INSERT INTO hotel_images (hotel_id, image_url, alt_text, sort_order) VALUES (23, 'https://daydreamhub.com/wp-content/uploads/2025/11/photo_5197534186716658250_y.jpg', 'Yeghevnut hotel/ Standard Triple Room - Image 3', 2);
INSERT INTO hotel_images (hotel_id, image_url, alt_text, sort_order) VALUES (23, 'https://daydreamhub.com/wp-content/uploads/2025/11/photo_5197534186716658310_y.jpg', 'Yeghevnut hotel/ Standard Triple Room - Image 4', 3);
INSERT INTO hotel_images (hotel_id, image_url, alt_text, sort_order) VALUES (23, 'https://daydreamhub.com/wp-content/uploads/2025/11/photo_5197534186716658328_y.jpg', 'Yeghevnut hotel/ Standard Triple Room - Image 5', 4);
INSERT INTO hotels (id, name, slug, description, city, country, address, rating, thumbnail_url, categories, amenities, property_type, is_active) VALUES (24, 'Comfort Hub Hotel / Deluxe Room', 'comfort-hub-hotel-deluxe-room-2', '※The Morning Plan is not available for same-day reservations.
 Bookings must be made by 6:00 PM on the previous day.
 ————————————–
 Welcome to Comfort Hub Hotels & Suites, where luxury meets tranquility in one of Kano’s most secure and serene neighborhoods. We are more than just a hotel — we are a refined sanctuary for travelers who value elegance, privacy, and personalized service.', 'Kano', 'Nigeria', '', 0, 'https://daydreamhub.com/wp-content/uploads/2025/11/Deluxe_room_1.jpg', '["daycation","for_work","luxury","personal_time"]', '["ATM","Bar / Restaurant","Currency Exchange","Elevator in Building","Gym","Laundry Service","Luggage Storage","Vending machine","Wheelchair Accessible","Air Conditioner (Cooling)","Air Conditioner (Heating)","Desk/Workspace","Electric pot","Free Wi-Fi","Hair Dryer","Refrigerator","Shampoo","Shower","TEL","Toothbrush","Towels","TV"]', 'Hotel', 1);
INSERT INTO plans (hotel_id, name, description, price_usd, check_in_time, check_out_time, plan_type, max_guests, is_active) VALUES (24, '【6H】Morning(prepayment)', '', 38, '6:00', '12:00', 'daycation', 2, 1);
INSERT INTO plans (hotel_id, name, description, price_usd, check_in_time, check_out_time, plan_type, max_guests, is_active) VALUES (24, '【10H】Daytime(prepayment)', '', 45, '10:00', '20:00', 'daycation', 2, 1);
INSERT INTO plans (hotel_id, name, description, price_usd, check_in_time, check_out_time, plan_type, max_guests, is_active) VALUES (24, '【28H】Overnight(prepayment)', '', 76, '8:00', '12:00', 'overnight', 2, 1);
INSERT INTO hotel_images (hotel_id, image_url, alt_text, sort_order) VALUES (24, 'https://daydreamhub.com/wp-content/uploads/2025/11/Deluxe_room_1.jpg', 'Comfort Hub Hotel / Deluxe Room - Image 1', 0);
INSERT INTO hotel_images (hotel_id, image_url, alt_text, sort_order) VALUES (24, 'https://daydreamhub.com/wp-content/uploads/2025/11/Deluxe_room_2.jpg', 'Comfort Hub Hotel / Deluxe Room - Image 2', 1);
INSERT INTO hotel_images (hotel_id, image_url, alt_text, sort_order) VALUES (24, 'https://daydreamhub.com/wp-content/uploads/2025/11/Deluxe_room_3.jpg', 'Comfort Hub Hotel / Deluxe Room - Image 3', 2);
INSERT INTO hotel_images (hotel_id, image_url, alt_text, sort_order) VALUES (24, 'https://daydreamhub.com/wp-content/uploads/2025/11/Deluxe_room_4.jpg', 'Comfort Hub Hotel / Deluxe Room - Image 4', 3);
INSERT INTO hotels (id, name, slug, description, city, country, address, rating, thumbnail_url, categories, amenities, property_type, is_active) VALUES (25, 'Yeghevnut hotel / Deluxe Room', 'yeghevnut-hotel-deluxe-room', '※The Morning Plan is not available for same-day reservations.
 Bookings must be made by 6:00 PM on the previous day.
 ————————————————
 Yeghevnut, the green hotel is located in the mountains of Goris only 5 minute drive from the center.
 The hotel features rooms with amazing views overlooking the beautiful mountains of Goris. All the rooms at Yeghevnut are decorated in traditional warm tones offering a small seating area with a satellite TV, a desk and a private toilet with bathroom.
 The hotel’s main restaurant located on the ground floor serves breakfast buffet every morning starting 9:00 AM and à-la-carte specialties during the day. Guests can sip a cup of coffee or Armenian wine and chill at the bar located on the 1st floor while enjoying the relaxing ambiance.
 At Yeghevnut Green Hotel, the staff speaks Russian, English, French and Armenian.', 'Goris', '', '', 0, 'https://daydreamhub.com/wp-content/uploads/2025/11/638051823855190581-cd7991b9-574d-469a-8fa3-479430420660.jpg', '["daycation","for_couple","personal_time"]', '["Bar / Restaurant","Gym","Laundry Service","Luggage Storage","Parking on Premises","Air Conditioner (Cooling)","Air Conditioner (Heating)","Coffee maker","Desk/Workspace","Electric pot","Free Wi-Fi","Hair Dryer","Projector(s)","Refrigerator","Scanner / Printer","Shampoo","Shower","TEL","Toothbrush","Towels","TV"]', 'Hotel', 1);
INSERT INTO plans (hotel_id, name, description, price_usd, check_in_time, check_out_time, plan_type, max_guests, is_active) VALUES (25, '【22H】Overnight(prepayment)', '', 60, '14:00', '12:00', 'overnight', 2, 1);
INSERT INTO hotel_images (hotel_id, image_url, alt_text, sort_order) VALUES (25, 'https://daydreamhub.com/wp-content/uploads/2025/11/638051823855190581-cd7991b9-574d-469a-8fa3-479430420660.jpg', 'Yeghevnut hotel / Deluxe Room - Image 1', 0);
INSERT INTO hotels (id, name, slug, description, city, country, address, rating, thumbnail_url, categories, amenities, property_type, is_active) VALUES (26, 'Yeghevnut hotel / Standard Single Room', 'yeghevnut-hotel-standard-single-room', '※The Morning Plan is not available for same-day reservations.
 Bookings must be made by 6:00 PM on the previous day.
 ————————————————
 Yeghevnut, the green hotel is located in the mountains of Goris only 5 minute drive from the center.
 The hotel features rooms with amazing views overlooking the beautiful mountains of Goris. All the rooms at Yeghevnut are decorated in traditional warm tones offering a small seating area with a satellite TV, a desk and a private toilet with bathroom.
 The hotel’s main restaurant located on the ground floor serves breakfast buffet every morning starting 9:00 AM and à-la-carte specialties during the day. Guests can sip a cup of coffee or Armenian wine and chill at the bar located on the 1st floor while enjoying the relaxing ambiance.
 At Yeghevnut Green Hotel, the staff speaks Russian, English, French and Armenian.', 'Goris', '', '', 0, 'https://daydreamhub.com/wp-content/uploads/2025/11/638051823855190581-cd7991b9-574d-469a-8fa3-479430420660.jpg', '["daycation","for_couple","personal_time"]', '["Bar / Restaurant","Gym","Laundry Service","Luggage Storage","Parking on Premises","Air Conditioner (Cooling)","Air Conditioner (Heating)","Coffee maker","Desk/Workspace","Electric pot","Free Wi-Fi","Hair Dryer","Projector(s)","Refrigerator","Scanner / Printer","Shampoo","Shower","TEL","Toothbrush","Towels","TV"]', 'Hotel', 1);
INSERT INTO plans (hotel_id, name, description, price_usd, check_in_time, check_out_time, plan_type, max_guests, is_active) VALUES (26, '【22H】Overnight(prepayment)', '', 25, '14:00', '12:00', 'overnight', 2, 1);
INSERT INTO hotel_images (hotel_id, image_url, alt_text, sort_order) VALUES (26, 'https://daydreamhub.com/wp-content/uploads/2025/11/638051823855190581-cd7991b9-574d-469a-8fa3-479430420660.jpg', 'Yeghevnut hotel / Standard Single Room - Image 1', 0);
INSERT INTO hotels (id, name, slug, description, city, country, address, rating, thumbnail_url, categories, amenities, property_type, is_active) VALUES (27, 'Yeghevnut hotel / Standard Double room', 'yeghevnut-hotel-standard-double-room', '※The Morning Plan is not available for same-day reservations.
 Bookings must be made by 6:00 PM on the previous day.
 ————————————————
 Yeghevnut, the green hotel is located in the mountains of Goris only 5 minute drive from the center.
 The hotel features rooms with amazing views overlooking the beautiful mountains of Goris. All the rooms at Yeghevnut are decorated in traditional warm tones offering a small seating area with a satellite TV, a desk and a private toilet with bathroom.
 The hotel’s main restaurant located on the ground floor serves breakfast buffet every morning starting 9:00 AM and à-la-carte specialties during the day. Guests can sip a cup of coffee or Armenian wine and chill at the bar located on the 1st floor while enjoying the relaxing ambiance.
 At Yeghevnut Green Hotel, the staff speaks Russian, English, French and Armenian.', 'Goris', '', '', 0, 'https://daydreamhub.com/wp-content/uploads/2025/11/638051823855190581-cd7991b9-574d-469a-8fa3-479430420660.jpg', '["daycation","for_couple","personal_time"]', '["Bar / Restaurant","Gym","Laundry Service","Luggage Storage","Parking on Premises","Air Conditioner (Cooling)","Air Conditioner (Heating)","Coffee maker","Desk/Workspace","Electric pot","Free Wi-Fi","Hair Dryer","Projector(s)","Refrigerator","Scanner / Printer","Shampoo","Shower","TEL","Toothbrush","Towels","TV"]', 'Hotel', 1);
INSERT INTO plans (hotel_id, name, description, price_usd, check_in_time, check_out_time, plan_type, max_guests, is_active) VALUES (27, '【22H】Overnight(prepayment)', '', 50, '14:00', '12:00', 'overnight', 2, 1);
INSERT INTO hotel_images (hotel_id, image_url, alt_text, sort_order) VALUES (27, 'https://daydreamhub.com/wp-content/uploads/2025/11/638051823855190581-cd7991b9-574d-469a-8fa3-479430420660.jpg', 'Yeghevnut hotel / Standard Double room - Image 1', 0);
INSERT INTO hotel_images (hotel_id, image_url, alt_text, sort_order) VALUES (27, 'https://daydreamhub.com/wp-content/uploads/2025/11/775244503.jpg', 'Yeghevnut hotel / Standard Double room - Image 2', 1);
INSERT INTO hotels (id, name, slug, description, city, country, address, rating, thumbnail_url, categories, amenities, property_type, is_active) VALUES (28, 'Yeghevnut hotel / Standard Twin Room', 'hotel-yeghevnut-delux-room', '※The Morning Plan is not available for same-day reservations.
 Bookings must be made by 6:00 PM on the previous day.
 ————————————————
 Yeghevnut, the green hotel is located in the mountains of Goris only 5 minute drive from the center.
 The hotel features rooms with amazing views overlooking the beautiful mountains of Goris. All the rooms at Yeghevnut are decorated in traditional warm tones offering a small seating area with a satellite TV, a desk and a private toilet with bathroom.
 The hotel’s main restaurant located on the ground floor serves breakfast buffet every morning starting 9:00 AM and à-la-carte specialties during the day. Guests can sip a cup of coffee or Armenian wine and chill at the bar located on the 1st floor while enjoying the relaxing ambiance.
 At Yeghevnut Green Hotel, the staff speaks Russian, English, French and Armenian.', 'Goris', '', '', 0, 'https://daydreamhub.com/wp-content/uploads/2025/11/638051823855190581-cd7991b9-574d-469a-8fa3-479430420660.jpg', '["daycation","for_couple","personal_time"]', '["Bar / Restaurant","Gym","Laundry Service","Luggage Storage","Parking on Premises","Air Conditioner (Cooling)","Air Conditioner (Heating)","Coffee maker","Desk/Workspace","Electric pot","Free Wi-Fi","Hair Dryer","Projector(s)","Refrigerator","Scanner / Printer","Shampoo","Shower","TEL","Toothbrush","Towels","TV"]', 'Hotel', 1);
INSERT INTO plans (hotel_id, name, description, price_usd, check_in_time, check_out_time, plan_type, max_guests, is_active) VALUES (28, '【22H】Overnight(prepayment)', '', 50, '14:00', '12:00', 'overnight', 2, 1);
INSERT INTO hotel_images (hotel_id, image_url, alt_text, sort_order) VALUES (28, 'https://daydreamhub.com/wp-content/uploads/2025/11/638051823855190581-cd7991b9-574d-469a-8fa3-479430420660.jpg', 'Yeghevnut hotel / Standard Twin Room - Image 1', 0);
INSERT INTO hotel_images (hotel_id, image_url, alt_text, sort_order) VALUES (28, 'https://daydreamhub.com/wp-content/uploads/2025/11/638010741991166517-0b8eb48b-da61-4bb7-9c5d-549def3be632.jpg', 'Yeghevnut hotel / Standard Twin Room - Image 2', 1);
INSERT INTO hotel_images (hotel_id, image_url, alt_text, sort_order) VALUES (28, 'https://daydreamhub.com/wp-content/uploads/2025/11/637317093872411847-4ce8c34d-3f1d-47f4-94f6-94b8c34e8445.jpg', 'Yeghevnut hotel / Standard Twin Room - Image 3', 2);
INSERT INTO hotel_images (hotel_id, image_url, alt_text, sort_order) VALUES (28, 'https://daydreamhub.com/wp-content/uploads/2025/11/34663ae3703bdec2.webp', 'Yeghevnut hotel / Standard Twin Room - Image 4', 3);
INSERT INTO hotel_images (hotel_id, image_url, alt_text, sort_order) VALUES (28, 'https://daydreamhub.com/wp-content/uploads/2025/11/66093be8928f19b4.webp', 'Yeghevnut hotel / Standard Twin Room - Image 5', 4);
INSERT INTO hotels (id, name, slug, description, city, country, address, rating, thumbnail_url, categories, amenities, property_type, is_active) VALUES (29, 'The Sevā Hotel Thimphu / Deluxe Twin', 'comfort-hub-hotels-and-suites-deluxe-room-copy', '※The Morning Plan is not available for same-day reservations.
 Bookings must be made by 6:00 PM on the previous day.
 ————————————————
 The Sevā Hotel is the newest 4 star luxury boutique hotel in Thimphu, Bhutan’s capital city.

Truly an oasis in the midst of the City center featuring 40 comfortable deluxe rooms. Embracing a more sustainable ,organic and natural aesthetic, the interiors of the hotel are designed with natural materials and elements to emulate a traditional modern feel. Proud that our furniture have been customized and made in Bhutan using natural wood and meticulously handcrafted by local artisans. Designed with personal touches every slab, block and piece tells a story.', 'Thimphu', 'Bhutan', '', 0, 'https://daydreamhub.com/wp-content/uploads/2025/11/deluxe-twin-g1-1-qq4j85jakxucjtqmjwdwf0urtf1ehn667pk7qp59tk.jpg', '["daycation","for_couple","for_work","personal_time","transit_use"]', '["Bar / Restaurant","Currency Exchange","Elevator in Building","Gym","Laundry Service","Luggage Storage","Massage","Parking on Premises","Wheelchair Accessible","Air Conditioner (Cooling)","Air Conditioner (Heating)","Desk/Workspace","Electric pot","Free Wi-Fi","Hair Dryer","Refrigerator","Shampoo","Shower","TEL","Toothbrush","Towels","TV"]', 'Hotel', 1);
INSERT INTO plans (hotel_id, name, description, price_usd, check_in_time, check_out_time, plan_type, max_guests, is_active) VALUES (29, '【6H】Morning(prepayment)', '', 70, '6:00', '12:00', 'daycation', 2, 1);
INSERT INTO plans (hotel_id, name, description, price_usd, check_in_time, check_out_time, plan_type, max_guests, is_active) VALUES (29, '【10H】Daytime (prepayment)', '', 80, '10:00', '20:00', 'daycation', 2, 1);
INSERT INTO plans (hotel_id, name, description, price_usd, check_in_time, check_out_time, plan_type, max_guests, is_active) VALUES (29, '【21H】Overnight (breakfast included)(prepayment)', '', 150, '15:00', '12:00', 'overnight', 2, 1);
INSERT INTO hotel_images (hotel_id, image_url, alt_text, sort_order) VALUES (29, 'https://daydreamhub.com/wp-content/uploads/2025/11/deluxe-twin-g1-1-qq4j85jakxucjtqmjwdwf0urtf1ehn667pk7qp59tk.jpg', 'The Sevā Hotel Thimphu / Deluxe Twin - Image 1', 0);
INSERT INTO hotel_images (hotel_id, image_url, alt_text, sort_order) VALUES (29, 'https://daydreamhub.com/wp-content/uploads/2025/11/deluxe-twin-g1-2.jpg', 'The Sevā Hotel Thimphu / Deluxe Twin - Image 2', 1);
INSERT INTO hotel_images (hotel_id, image_url, alt_text, sort_order) VALUES (29, 'https://daydreamhub.com/wp-content/uploads/2025/11/deluxe-twin-g4.jpg', 'The Sevā Hotel Thimphu / Deluxe Twin - Image 3', 2);
INSERT INTO hotel_images (hotel_id, image_url, alt_text, sort_order) VALUES (29, 'https://daydreamhub.com/wp-content/uploads/2025/11/deluxe-twin-g5.jpg', 'The Sevā Hotel Thimphu / Deluxe Twin - Image 4', 3);
INSERT INTO hotel_images (hotel_id, image_url, alt_text, sort_order) VALUES (29, 'https://daydreamhub.com/wp-content/uploads/2025/11/toilet-1.jpg', 'The Sevā Hotel Thimphu / Deluxe Twin - Image 5', 4);
INSERT INTO hotel_images (hotel_id, image_url, alt_text, sort_order) VALUES (29, 'https://daydreamhub.com/wp-content/uploads/2025/11/hallway-1.jpg', 'The Sevā Hotel Thimphu / Deluxe Twin - Image 6', 5);
INSERT INTO hotels (id, name, slug, description, city, country, address, rating, thumbnail_url, categories, amenities, property_type, is_active) VALUES (30, 'Orbit Residency / Double Master Room', 'orbit-residency-double-master-room', 'Orbit Residency F-7 in Islamabad offers family rooms with air-conditioning, private bathrooms, and balconies. Each room includes free WiFi, a TV, and soundproofing for a pleasant stay.

Exceptional Facilities: Guests can relax in the garden or on the terrace. The property features a 24-hour front desk, private check-in and check-out, housekeeping, and full-day security. Additional amenities include free on-site parking, bicycle parking, and room service.

Convenient Location: Located 20 mi from Islamabad International Airport, the guest house is less than 0.6 mi from Safa Gold Mall. Nearby attractions include Shah Faisal Mosque (2.5 mi) and Lake View Park (6.8 mi). Free WiFi is available throughout the property.', 'Islamabad', 'Pakistan', '', 0, 'https://daydreamhub.com/wp-content/uploads/2025/11/1.jpg', '["early_check-in","for_couple","for_work","personal_time","transit_use"]', '["Luggage Storage","Parking on Premises","Air Conditioner (Cooling)","Air Conditioner (Heating)","Electric pot","Free Wi-Fi","Refrigerator","Scanner / Printer","Shampoo","Shower","Toothbrush","Towels","TV"]', 'Guest House', 1);
INSERT INTO plans (hotel_id, name, description, price_usd, check_in_time, check_out_time, plan_type, max_guests, is_active) VALUES (30, '【6H】Morning plan(prepayment)', '', 20, '6:00', '12:00', 'early_check-in', 2, 1);
INSERT INTO plans (hotel_id, name, description, price_usd, check_in_time, check_out_time, plan_type, max_guests, is_active) VALUES (30, '【10H】Daytime(prepayment)', '', 23, '10:00', '20:00', 'early_check-in', 2, 1);
INSERT INTO plans (hotel_id, name, description, price_usd, check_in_time, check_out_time, plan_type, max_guests, is_active) VALUES (30, '【24H】Overnight(prepayment)', '', 33, '12:00', '12:00', 'overnight', 2, 1);
INSERT INTO hotel_images (hotel_id, image_url, alt_text, sort_order) VALUES (30, 'https://daydreamhub.com/wp-content/uploads/2025/11/1.jpg', 'Orbit Residency / Double Master Room - Image 1', 0);
INSERT INTO hotels (id, name, slug, description, city, country, address, rating, thumbnail_url, categories, amenities, property_type, is_active) VALUES (31, 'Orbit Residency / Master Room', 'orbit-residency', 'Orbit Residency F-7 in Islamabad offers family rooms with air-conditioning, private bathrooms, and balconies. Each room includes free WiFi, a TV, and soundproofing for a pleasant stay.

Exceptional Facilities: Guests can relax in the garden or on the terrace. The property features a 24-hour front desk, private check-in and check-out, housekeeping, and full-day security. Additional amenities include free on-site parking, bicycle parking, and room service.

Convenient Location: Located 20 mi from Islamabad International Airport, the guest house is less than 0.6 mi from Safa Gold Mall. Nearby attractions include Shah Faisal Mosque (2.5 mi) and Lake View Park (6.8 mi). Free WiFi is available throughout the property.', 'Islamabad', 'Pakistan', '', 0, 'https://daydreamhub.com/wp-content/uploads/2025/11/1.jpg', '["early_check-in","for_couple","for_work","personal_time","transit_use"]', '["Luggage Storage","Parking on Premises","Air Conditioner (Cooling)","Air Conditioner (Heating)","Electric pot","Free Wi-Fi","Refrigerator","Scanner / Printer","Shampoo","Shower","Toothbrush","Towels","TV"]', 'Guest House', 1);
INSERT INTO plans (hotel_id, name, description, price_usd, check_in_time, check_out_time, plan_type, max_guests, is_active) VALUES (31, '【6H】Morning plan(prepayment)', '', 20, '6:00', '12:00', 'early_check-in', 2, 1);
INSERT INTO plans (hotel_id, name, description, price_usd, check_in_time, check_out_time, plan_type, max_guests, is_active) VALUES (31, '【10H】Daytime(prepayment)', '', 23, '10:00', '20:00', 'early_check-in', 2, 1);
INSERT INTO plans (hotel_id, name, description, price_usd, check_in_time, check_out_time, plan_type, max_guests, is_active) VALUES (31, '【24H】Overnight(prepayment)', '', 33, '12:00', '12:00', 'overnight', 2, 1);
INSERT INTO hotel_images (hotel_id, image_url, alt_text, sort_order) VALUES (31, 'https://daydreamhub.com/wp-content/uploads/2025/11/1.jpg', 'Orbit Residency / Master Room - Image 1', 0);
INSERT INTO hotel_images (hotel_id, image_url, alt_text, sort_order) VALUES (31, 'https://daydreamhub.com/wp-content/uploads/2025/11/2.jpg', 'Orbit Residency / Master Room - Image 2', 1);
INSERT INTO hotel_images (hotel_id, image_url, alt_text, sort_order) VALUES (31, 'https://daydreamhub.com/wp-content/uploads/2025/11/2b3f7b95-1368-4c8d-a296-fcaf24270afa.jpg', 'Orbit Residency / Master Room - Image 3', 2);
INSERT INTO hotel_images (hotel_id, image_url, alt_text, sort_order) VALUES (31, 'https://daydreamhub.com/wp-content/uploads/2025/11/3.jpg', 'Orbit Residency / Master Room - Image 4', 3);
INSERT INTO hotel_images (hotel_id, image_url, alt_text, sort_order) VALUES (31, 'https://daydreamhub.com/wp-content/uploads/2025/11/4.jpg', 'Orbit Residency / Master Room - Image 5', 4);
INSERT INTO hotels (id, name, slug, description, city, country, address, rating, thumbnail_url, categories, amenities, property_type, is_active) VALUES (32, 'Orbit Ambassador', 'orbit-ambassador', 'Orbit Ambassador F-7/2 in Islamabad offers family rooms with air-conditioning, private bathrooms, and balconies. Each room includes free WiFi, a TV, and soundproofing for a pleasant stay.

Exceptional Facilities: Guests can relax in the garden or on the terrace. The property features a 24-hour front desk, private check-in and check-out, housekeeping, and full-day security. Additional amenities include free on-site parking, bicycle parking, and room service.

Convenient Location: Located 20 mi from Islamabad International Airport, the guest house is less than 0.6 mi from Safa Gold Mall. Nearby attractions include Shah Faisal Mosque (2.5 mi) and Lake View Park (6.8 mi). Free WiFi is available throughout the property.', 'Islamabad', 'Pakistan', '', 0, 'https://daydreamhub.com/wp-content/uploads/2025/11/スクリーンショット-2025-11-05-12.23.53.jpg', '["early_check-in","for_couple","for_work","luxury"]', '["Laundry Service","Luggage Storage","Parking on Premises","Air Conditioner (Cooling)","Air Conditioner (Heating)","Bathtub","Electric pot","Free Wi-Fi","Kitchen","Refrigerator","Scanner / Printer","Shampoo","Shower","TEL","Toothbrush","Towels","TV"]', 'Guest House', 1);
INSERT INTO plans (hotel_id, name, description, price_usd, check_in_time, check_out_time, plan_type, max_guests, is_active) VALUES (32, '【6H】Morning plan(prepayment)', '', 20, '6:00', '12:00', 'early_check-in', 2, 1);
INSERT INTO plans (hotel_id, name, description, price_usd, check_in_time, check_out_time, plan_type, max_guests, is_active) VALUES (32, '【10H】Daytime(prepayment)', '', 23, '10:00', '20:00', 'early_check-in', 2, 1);
INSERT INTO hotel_images (hotel_id, image_url, alt_text, sort_order) VALUES (32, 'https://daydreamhub.com/wp-content/uploads/2025/11/スクリーンショット-2025-11-05-12.23.53.jpg', 'Orbit Ambassador - Image 1', 0);
INSERT INTO hotel_images (hotel_id, image_url, alt_text, sort_order) VALUES (32, 'https://daydreamhub.com/wp-content/uploads/2025/11/スクリーンショット-2025-11-05-12.24.12.jpg', 'Orbit Ambassador - Image 2', 1);
INSERT INTO hotel_images (hotel_id, image_url, alt_text, sort_order) VALUES (32, 'https://daydreamhub.com/wp-content/uploads/2025/11/スクリーンショット-2025-11-05-12.24.03.jpg', 'Orbit Ambassador - Image 3', 2);
INSERT INTO hotel_images (hotel_id, image_url, alt_text, sort_order) VALUES (32, 'https://daydreamhub.com/wp-content/uploads/2025/11/スクリーンショット-2025-11-05-12.23.43.jpg', 'Orbit Ambassador - Image 4', 3);
INSERT INTO hotel_images (hotel_id, image_url, alt_text, sort_order) VALUES (32, 'https://daydreamhub.com/wp-content/uploads/2025/11/スクリーンショット-2025-11-05-12.23.35.jpg', 'Orbit Ambassador - Image 5', 4);
INSERT INTO hotel_images (hotel_id, image_url, alt_text, sort_order) VALUES (32, 'https://daydreamhub.com/wp-content/uploads/2025/11/スクリーンショット-2025-11-05-12.23.23.jpg', 'Orbit Ambassador - Image 6', 5);
INSERT INTO hotels (id, name, slug, description, city, country, address, rating, thumbnail_url, categories, amenities, property_type, is_active) VALUES (33, 'Orbit Royal / Master Room', 'orbit-royal', '※The Morning Plan is not available for same-day reservations.
 Bookings must be made by 6:00 PM on the previous day.
 ——————————
 Comfortable Accommodations: Orbit Royal F-8 in Islamabad offers family rooms with air-conditioning, private bathrooms, and balconies. Each room includes a TV, bathrobes, and free toiletries.

Essential Facilities: Guests enjoy a garden, terrace, and free WiFi. Additional amenities include a lounge, public bath, 24-hour front desk, housekeeping service, room service, and free on-site private parking.

Prime Location: Located 20 mi from Islamabad International Airport, the guest house is near Margalla Greens Golf Club (0.6 mi) and Shah Faisal Mosque (1.2 mi). Other attractions include Lake View Park (8.7 mi) and Ayūb National Park (13 mi).', 'Islamabad', 'Pakistan', '', 11, 'https://daydreamhub.com/wp-content/uploads/2025/11/557781582.jpg', '["early_check-in","transit_use"]', '["Coin laundry","Parking on Premises","Wheelchair Accessible","Air Conditioner (Cooling)","Bathtub","Free Wi-Fi","TEL","Towels","TV"]', 'Apartment', 1);
INSERT INTO plans (hotel_id, name, description, price_usd, check_in_time, check_out_time, plan_type, max_guests, is_active) VALUES (33, '【6H】Morning(prepayment)', '', 25, '6:00', '12:00', 'early_check-in', 2, 1);
INSERT INTO plans (hotel_id, name, description, price_usd, check_in_time, check_out_time, plan_type, max_guests, is_active) VALUES (33, '【10H】Daytime(prepayment)', '', 29, '10:00', '20:00', 'early_check-in', 2, 1);
INSERT INTO plans (hotel_id, name, description, price_usd, check_in_time, check_out_time, plan_type, max_guests, is_active) VALUES (33, '【28H】Overnight(prepayment)', '', 50, '8:00', '12:00', 'overnight', 2, 1);
INSERT INTO hotel_images (hotel_id, image_url, alt_text, sort_order) VALUES (33, 'https://daydreamhub.com/wp-content/uploads/2025/11/557781582.jpg', 'Orbit Royal / Master Room - Image 1', 0);
INSERT INTO hotel_images (hotel_id, image_url, alt_text, sort_order) VALUES (33, 'https://daydreamhub.com/wp-content/uploads/2025/11/557781576.jpg', 'Orbit Royal / Master Room - Image 2', 1);
INSERT INTO hotel_images (hotel_id, image_url, alt_text, sort_order) VALUES (33, 'https://daydreamhub.com/wp-content/uploads/2025/11/557781633.jpg', 'Orbit Royal / Master Room - Image 3', 2);
INSERT INTO hotel_images (hotel_id, image_url, alt_text, sort_order) VALUES (33, 'https://daydreamhub.com/wp-content/uploads/2025/11/605709817.jpg', 'Orbit Royal / Master Room - Image 4', 3);
INSERT INTO hotel_images (hotel_id, image_url, alt_text, sort_order) VALUES (33, 'https://daydreamhub.com/wp-content/uploads/2025/11/605709780.jpg', 'Orbit Royal / Master Room - Image 5', 4);
INSERT INTO hotel_images (hotel_id, image_url, alt_text, sort_order) VALUES (33, 'https://daydreamhub.com/wp-content/uploads/2025/11/557781605.jpg', 'Orbit Royal / Master Room - Image 6', 5);
INSERT INTO hotels (id, name, slug, description, city, country, address, rating, thumbnail_url, categories, amenities, property_type, is_active) VALUES (34, 'Orbit Executive / Master Bed', 'orbit-executive-master-bed', '※The Morning Plan is not available for same-day reservations.
 Bookings must be made by 6:00 PM on the previous day.
 ————————————————
 Orbit Executive Guest House – a premium yet budget-friendly accommodation in F-8/1, Islamabad. Perfect for both business and leisure travelers, we provide cozy rooms, modern amenities, and warm hospitality for a comfortable stay. Ideally located near key attractions, dining spots, and corporate hubs, we ensure convenience and relaxation.', 'Islamabad', 'Pakistan', '', 0, 'https://daydreamhub.com/wp-content/uploads/2025/11/IMG_0188-1-1024x576-1.jpg', '["daycation","for_couple","for_work","luxury","personal_time","transit_use"]', '["Laundry Service","Luggage Storage","Parking on Premises","Air Conditioner (Cooling)","Air Conditioner (Heating)","Coffee maker","Electric pot","Free Wi-Fi","Hair Dryer","Shampoo","Shower","TEL","Toothbrush","Towels","TV"]', 'Guest House', 1);
INSERT INTO plans (hotel_id, name, description, price_usd, check_in_time, check_out_time, plan_type, max_guests, is_active) VALUES (34, '【6H】Morning(prepayment)', '', 21, '6:00', '12:00', 'daycation', 2, 1);
INSERT INTO plans (hotel_id, name, description, price_usd, check_in_time, check_out_time, plan_type, max_guests, is_active) VALUES (34, '【10H】Daytime (prepayment)', '', 27, '10:00', '20:00', 'daycation', 2, 1);
INSERT INTO plans (hotel_id, name, description, price_usd, check_in_time, check_out_time, plan_type, max_guests, is_active) VALUES (34, '【28H】Overnight(prepayment)', '', 35, '8:00', '12:00', 'overnight', 2, 1);
INSERT INTO hotel_images (hotel_id, image_url, alt_text, sort_order) VALUES (34, 'https://daydreamhub.com/wp-content/uploads/2025/11/IMG_0188-1-1024x576-1.jpg', 'Orbit Executive / Master Bed - Image 1', 0);
INSERT INTO hotel_images (hotel_id, image_url, alt_text, sort_order) VALUES (34, 'https://daydreamhub.com/wp-content/uploads/2025/11/IMG_0414-scaled-1.jpg', 'Orbit Executive / Master Bed - Image 2', 1);
INSERT INTO hotels (id, name, slug, description, city, country, address, rating, thumbnail_url, categories, amenities, property_type, is_active) VALUES (35, 'Studio Lux without balcony', 'studio-lux-without-balcony', '', 'Russia', '', '', 0, 'https://daydreamhub.com/wp-content/uploads/2025/10/MMI_0714-HDR-copy.jpg', '["for_work"]', '["Elevator in Building","Luggage Storage","Air Conditioner (Heating)","Desk/Workspace","Electric pot","Free Wi-Fi","Hair Dryer","Kitchen","Refrigerator","Shampoo","Shower","Towels","TV"]', 'Hotel', 1);
INSERT INTO plans (hotel_id, name, description, price_usd, check_in_time, check_out_time, plan_type, max_guests, is_active) VALUES (35, 'Standard', '', 55, '', '', 'for_work', 2, 1);
INSERT INTO hotel_images (hotel_id, image_url, alt_text, sort_order) VALUES (35, 'https://daydreamhub.com/wp-content/uploads/2025/10/MMI_0714-HDR-copy.jpg', 'Studio Lux without balcony - Image 1', 0);
INSERT INTO hotel_images (hotel_id, image_url, alt_text, sort_order) VALUES (35, 'https://daydreamhub.com/wp-content/uploads/2025/10/MMI_0720-HDR-copy.jpg', 'Studio Lux without balcony - Image 2', 1);
INSERT INTO hotel_images (hotel_id, image_url, alt_text, sort_order) VALUES (35, 'https://daydreamhub.com/wp-content/uploads/2025/10/MMI_0726-HDR-copy.jpg', 'Studio Lux without balcony - Image 3', 2);
INSERT INTO hotel_images (hotel_id, image_url, alt_text, sort_order) VALUES (35, 'https://daydreamhub.com/wp-content/uploads/2025/10/MMI_0732-HDR-copy.jpg', 'Studio Lux without balcony - Image 4', 3);
INSERT INTO hotel_images (hotel_id, image_url, alt_text, sort_order) VALUES (35, 'https://daydreamhub.com/wp-content/uploads/2025/10/MMI_0744-HDR-copy.jpg', 'Studio Lux without balcony - Image 5', 4);
INSERT INTO hotels (id, name, slug, description, city, country, address, rating, thumbnail_url, categories, amenities, property_type, is_active) VALUES (36, 'DayCation Dev', 'daycation-dev', 'test room', 'Kyoto', 'Japan', '', 0, 'https://daydreamhub.com/wp-content/uploads/2023/05/ddh_logo_white.png', '["daycation"]', '["ATM","Pool","Refrigerator"]', 'Hotel', 1);
INSERT INTO plans (hotel_id, name, description, price_usd, check_in_time, check_out_time, plan_type, max_guests, is_active) VALUES (36, 'Daycation 20(payment on location)', '', 20, '6:00', '24:00', 'daycation', 2, 1);
INSERT INTO plans (hotel_id, name, description, price_usd, check_in_time, check_out_time, plan_type, max_guests, is_active) VALUES (36, 'prepayment(prepayment)', '', 20, '6:00', '24:00', 'daycation', 2, 1);
INSERT INTO hotel_images (hotel_id, image_url, alt_text, sort_order) VALUES (36, 'https://daydreamhub.com/wp-content/uploads/2023/05/ddh_logo_white.png', 'DayCation Dev - Image 1', 0);
INSERT INTO hotel_images (hotel_id, image_url, alt_text, sort_order) VALUES (36, 'https://daydreamhub.com/wp-content/uploads/2023/05/ddh_logo.png', 'DayCation Dev - Image 2', 1);
INSERT INTO hotel_images (hotel_id, image_url, alt_text, sort_order) VALUES (36, 'https://daydreamhub.com/wp-content/uploads/2024/08/ddh_logo-4.png', 'DayCation Dev - Image 3', 2);
INSERT INTO hotels (id, name, slug, description, city, country, address, rating, thumbnail_url, categories, amenities, property_type, is_active) VALUES (37, 'Spacious 4room apartment in the center of Oulu, Parking', 'spacious-4room-apartment-in-the-center-of-oulu-parking', '※The Morning Plan is not available for same-day reservations.
 Bookings must be made by 6:00 PM on the previous day.
 ————————————————
 Spacious 4room apartment in the center. Rich infrastructure. Full equipped apartment. Parking.
 Max 8 person. Each person after 3rd cost 30＄/day.', 'Oulu', 'Finland', '', 0, 'https://daydreamhub.com/wp-content/uploads/2025/10/IMG_1815.jpg', '["daycation","for_couple","for_work","personal_time","transit_use"]', '["Elevator in Building","Luggage Storage","Parking on Premises","Air Conditioner (Heating)","Coffee maker","Desk/Workspace","Electric pot","Free Wi-Fi","Hair Dryer","Kitchen","Refrigerator","Shampoo","Shower","Towels","TV"]', 'Apartment', 1);
INSERT INTO plans (hotel_id, name, description, price_usd, check_in_time, check_out_time, plan_type, max_guests, is_active) VALUES (37, '【20H】Overnight(prepayment)', '', 135, '15:00', '11:00', 'overnight', 2, 1);
INSERT INTO hotel_images (hotel_id, image_url, alt_text, sort_order) VALUES (37, 'https://daydreamhub.com/wp-content/uploads/2025/10/IMG_1815.jpg', 'Spacious 4room apartment in the center of Oulu, Parking - Image 1', 0);
INSERT INTO hotel_images (hotel_id, image_url, alt_text, sort_order) VALUES (37, 'https://daydreamhub.com/wp-content/uploads/2025/10/IMG_1790.jpg', 'Spacious 4room apartment in the center of Oulu, Parking - Image 2', 1);
INSERT INTO hotel_images (hotel_id, image_url, alt_text, sort_order) VALUES (37, 'https://daydreamhub.com/wp-content/uploads/2025/10/IMG_1801.jpg', 'Spacious 4room apartment in the center of Oulu, Parking - Image 3', 2);
INSERT INTO hotel_images (hotel_id, image_url, alt_text, sort_order) VALUES (37, 'https://daydreamhub.com/wp-content/uploads/2025/10/IMG_1786.jpg', 'Spacious 4room apartment in the center of Oulu, Parking - Image 4', 3);
INSERT INTO hotel_images (hotel_id, image_url, alt_text, sort_order) VALUES (37, 'https://daydreamhub.com/wp-content/uploads/2025/10/IMG_1776.jpg', 'Spacious 4room apartment in the center of Oulu, Parking - Image 5', 4);
INSERT INTO hotel_images (hotel_id, image_url, alt_text, sort_order) VALUES (37, 'https://daydreamhub.com/wp-content/uploads/2025/10/IMG_1778.jpg', 'Spacious 4room apartment in the center of Oulu, Parking - Image 6', 5);
INSERT INTO hotel_images (hotel_id, image_url, alt_text, sort_order) VALUES (37, 'https://daydreamhub.com/wp-content/uploads/2025/10/IMG_1771.jpg', 'Spacious 4room apartment in the center of Oulu, Parking - Image 7', 6);
INSERT INTO hotel_images (hotel_id, image_url, alt_text, sort_order) VALUES (37, 'https://daydreamhub.com/wp-content/uploads/2025/10/IMG_1769.jpg', 'Spacious 4room apartment in the center of Oulu, Parking - Image 8', 7);
INSERT INTO hotel_images (hotel_id, image_url, alt_text, sort_order) VALUES (37, 'https://daydreamhub.com/wp-content/uploads/2025/10/IMG_1795.jpg', 'Spacious 4room apartment in the center of Oulu, Parking - Image 9', 8);
INSERT INTO hotel_images (hotel_id, image_url, alt_text, sort_order) VALUES (37, 'https://daydreamhub.com/wp-content/uploads/2025/10/IMG_1788.jpg', 'Spacious 4room apartment in the center of Oulu, Parking - Image 10', 9);
INSERT INTO hotel_images (hotel_id, image_url, alt_text, sort_order) VALUES (37, 'https://daydreamhub.com/wp-content/uploads/2025/10/IMG_1760.jpg', 'Spacious 4room apartment in the center of Oulu, Parking - Image 11', 10);
INSERT INTO hotel_images (hotel_id, image_url, alt_text, sort_order) VALUES (37, 'https://daydreamhub.com/wp-content/uploads/2025/10/IMG_1766.jpg', 'Spacious 4room apartment in the center of Oulu, Parking - Image 12', 11);
INSERT INTO hotel_images (hotel_id, image_url, alt_text, sort_order) VALUES (37, 'https://daydreamhub.com/wp-content/uploads/2025/10/IMG_1758.jpg', 'Spacious 4room apartment in the center of Oulu, Parking - Image 13', 12);
INSERT INTO hotel_images (hotel_id, image_url, alt_text, sort_order) VALUES (37, 'https://daydreamhub.com/wp-content/uploads/2025/10/IMG_1805.jpg', 'Spacious 4room apartment in the center of Oulu, Parking - Image 14', 13);
INSERT INTO hotel_images (hotel_id, image_url, alt_text, sort_order) VALUES (37, 'https://daydreamhub.com/wp-content/uploads/2025/10/IMG_1809.jpg', 'Spacious 4room apartment in the center of Oulu, Parking - Image 15', 14);
INSERT INTO hotel_images (hotel_id, image_url, alt_text, sort_order) VALUES (37, 'https://daydreamhub.com/wp-content/uploads/2025/10/IMG_1804.jpg', 'Spacious 4room apartment in the center of Oulu, Parking - Image 16', 15);
INSERT INTO hotels (id, name, slug, description, city, country, address, rating, thumbnail_url, categories, amenities, property_type, is_active) VALUES (38, 'Studio Standard', 'salut-plus-studio-standart', '※The Morning Plan is not available for same-day reservations.
 Bookings must be made by 6:00 PM on the previous day.
 ————————————————
 We provide our guests with fully equipped comfort class apartments. The apartments are fitted with modern house hold appliances, kitchen utensils, cutlery, bedlinen and towels.', 'Saint Petersburg', 'Russia', '', 0, 'https://daydreamhub.com/wp-content/uploads/2025/10/スクリーンショット-2025-10-12-013509.jpg', '["for_work"]', '["Elevator in Building","Air Conditioner (Heating)","Desk/Workspace","Electric pot","Free Wi-Fi","Hair Dryer","Kitchen","Refrigerator","Scanner / Printer","Shampoo","Shower","Towels","TV"]', 'Hotel', 1);
INSERT INTO plans (hotel_id, name, description, price_usd, check_in_time, check_out_time, plan_type, max_guests, is_active) VALUES (38, 'Per day(prepayment)', '', 50, '14:00', '12:00', 'for_work', 2, 1);
INSERT INTO hotel_images (hotel_id, image_url, alt_text, sort_order) VALUES (38, 'https://daydreamhub.com/wp-content/uploads/2025/10/スクリーンショット-2025-10-12-013509.jpg', 'Studio Standard - Image 1', 0);
INSERT INTO hotel_images (hotel_id, image_url, alt_text, sort_order) VALUES (38, 'https://daydreamhub.com/wp-content/uploads/2025/10/スクリーンショット-2025-10-12-013525.jpg', 'Studio Standard - Image 2', 1);
INSERT INTO hotel_images (hotel_id, image_url, alt_text, sort_order) VALUES (38, 'https://daydreamhub.com/wp-content/uploads/2025/10/スクリーンショット-2025-10-12-013540.jpg', 'Studio Standard - Image 3', 2);
INSERT INTO hotels (id, name, slug, description, city, country, address, rating, thumbnail_url, categories, amenities, property_type, is_active) VALUES (39, 'Paradise Beach Resort Koh Samui / Grand Deluxe Double Room', 'paradise-beach-resort-koh-samui-grand-deluxe-double-room', '※The Morning Plan is not available for same-day reservations.
 Bookings must be made by 6:00 PM on the previous day.
 ————————————————
 Set in lush tropical gardens on Koh Samui’s tranquil Maenam Beach, Paradise Beach Resort is a perfect place for relaxation. It offers two swimming pools, large and modern furnished rooms, a sophisticated restaurant, a bar and an attractive choice of activities.

Paradise Beach Resort is located on the shores of the tranquil Maenam beach and is just about 1640 feet from the center of the village. Shuttle service to / from Fisherman’s Villa and Chaweng’s city center is provided at a charge.

Furnished in modern Thai style, the intimate resort has 45 Grand Deluxe Double Rooms, 21 Grand Deluxe Triple/Family Rooms, 11 Premium Deluxe Rooms, 4 Villas Garden View, 5 Villas Pool View, 6 Deluxe Villas and 2 Beach Front Villas. Each accommodation comes with a private balcony or veranda. There is air conditioning and a private bathroom with shower facilities.', 'Koh Samui', 'Thailand', '', 8, 'https://daydreamhub.com/wp-content/uploads/2025/09/422153976.jpg', '["daycation","for_couple"]', '["Bar / Restaurant","Fax","Laundry Service","Luggage Storage","Massage","Parking on Premises","Pool","Air Conditioner (Cooling)","Air Conditioner (Heating)","Coffee maker","Desk/Workspace","Electric pot","Free Wi-Fi","Hair Dryer","Refrigerator","Shampoo","Shower","TEL","Toothbrush","Towels","TV"]', 'Hotel', 1);
INSERT INTO plans (hotel_id, name, description, price_usd, check_in_time, check_out_time, plan_type, max_guests, is_active) VALUES (39, '【6H】Morning(prepayment)', '', 50, '6:00', '12:00', 'daycation', 2, 1);
INSERT INTO plans (hotel_id, name, description, price_usd, check_in_time, check_out_time, plan_type, max_guests, is_active) VALUES (39, '【10H】Daytime (prepayment)', '', 65, '10:00', '20:00', 'daycation', 2, 1);
INSERT INTO plans (hotel_id, name, description, price_usd, check_in_time, check_out_time, plan_type, max_guests, is_active) VALUES (39, '【22H】Overnight(prepayment)', '', 90, '14:00', '12:00', 'overnight', 2, 1);
INSERT INTO hotel_images (hotel_id, image_url, alt_text, sort_order) VALUES (39, 'https://daydreamhub.com/wp-content/uploads/2025/09/422153976.jpg', 'Paradise Beach Resort Koh Samui / Grand Deluxe Double Room - Image 1', 0);
INSERT INTO hotel_images (hotel_id, image_url, alt_text, sort_order) VALUES (39, 'https://daydreamhub.com/wp-content/uploads/2025/09/179967472.jpg', 'Paradise Beach Resort Koh Samui / Grand Deluxe Double Room - Image 2', 1);
INSERT INTO hotel_images (hotel_id, image_url, alt_text, sort_order) VALUES (39, 'https://daydreamhub.com/wp-content/uploads/2025/09/726812399.jpg', 'Paradise Beach Resort Koh Samui / Grand Deluxe Double Room - Image 3', 2);
INSERT INTO hotel_images (hotel_id, image_url, alt_text, sort_order) VALUES (39, 'https://daydreamhub.com/wp-content/uploads/2025/09/179967490.jpg', 'Paradise Beach Resort Koh Samui / Grand Deluxe Double Room - Image 4', 3);
INSERT INTO hotel_images (hotel_id, image_url, alt_text, sort_order) VALUES (39, 'https://daydreamhub.com/wp-content/uploads/2025/09/422155117.jpg', 'Paradise Beach Resort Koh Samui / Grand Deluxe Double Room - Image 5', 4);
INSERT INTO hotel_images (hotel_id, image_url, alt_text, sort_order) VALUES (39, 'https://daydreamhub.com/wp-content/uploads/2025/09/726812255.jpg', 'Paradise Beach Resort Koh Samui / Grand Deluxe Double Room - Image 6', 5);
INSERT INTO hotel_images (hotel_id, image_url, alt_text, sort_order) VALUES (39, 'https://daydreamhub.com/wp-content/uploads/2025/09/179967456.jpg', 'Paradise Beach Resort Koh Samui / Grand Deluxe Double Room - Image 7', 6);
INSERT INTO hotels (id, name, slug, description, city, country, address, rating, thumbnail_url, categories, amenities, property_type, is_active) VALUES (40, 'Eagle View Golf / 1 King Room Executive', 'eagle-view-golf-standard-double-room', '※The Morning Plan is available for same-day reservations by request.
 Swimming pool available for use all day.
 Restaurant on site

EAGLE VIEW GOLF
 23 KG 565 Street, Kigali, RW
 Elegant Accommodations: Eagle View Golf in Kigali offers a 5-star hotel experience featuring a swimming pool with a stunning view, a sun terrace, and a lush garden. Guests can relax in the outdoor fireplace or enjoy the pool bar.

Dining Options: The family-friendly restaurant offers a diverse menu featuring African, French, American, German, international, and Caribbean cuisines. Breakfast includes continental, full English/Irish, and vegetarian options. Dinner is available in a modern and romantic ambience.

Convenient Location: Situated 3.7 miles from Kigali International Airport, the hotel is near attractions such as Niyo Arts Gallery and the Kigali Convention Centre, both 1.2 miles away. Free on-site private parking is available.', 'Kigali', 'Rwanda', '', 0, 'https://daydreamhub.com/wp-content/uploads/2025/09/703728952.jpg', '["daycation","personal_time","transit_use"]', '["Bar / Restaurant","Laundry Service","Luggage Storage","Massage","Parking on Premises","Pool","Bathtub","Coffee maker","Desk/Workspace","Electric pot","Free Wi-Fi","Hair Dryer","Kitchen","Night wear","Refrigerator","Scanner / Printer","Shampoo","Shower","Toothbrush","Towels","TV"]', 'B&B', 1);
INSERT INTO plans (hotel_id, name, description, price_usd, check_in_time, check_out_time, plan_type, max_guests, is_active) VALUES (40, '【6H】Morning(prepayment)', '', 60, '6:00', '12:00', 'daycation', 2, 1);
INSERT INTO plans (hotel_id, name, description, price_usd, check_in_time, check_out_time, plan_type, max_guests, is_active) VALUES (40, '【10H】Daytime(prepayment)', '', 80, '10:00', '20:00', 'daycation', 2, 1);
INSERT INTO plans (hotel_id, name, description, price_usd, check_in_time, check_out_time, plan_type, max_guests, is_active) VALUES (40, '【10H】Airport Shuttle(prepayment)', '', 100, '10:00', '20:00', 'daycation', 2, 1);
INSERT INTO plans (hotel_id, name, description, price_usd, check_in_time, check_out_time, plan_type, max_guests, is_active) VALUES (40, '【28H】Overnight(prepayment)', '', 120, '8:00', '12:00', 'overnight', 2, 1);
INSERT INTO hotel_images (hotel_id, image_url, alt_text, sort_order) VALUES (40, 'https://daydreamhub.com/wp-content/uploads/2025/09/703728952.jpg', 'Eagle View Golf / 1 King Room Executive - Image 1', 0);
INSERT INTO hotel_images (hotel_id, image_url, alt_text, sort_order) VALUES (40, 'https://daydreamhub.com/wp-content/uploads/2025/10/R1A2840.jpg', 'Eagle View Golf / 1 King Room Executive - Image 2', 1);
INSERT INTO hotel_images (hotel_id, image_url, alt_text, sort_order) VALUES (40, 'https://daydreamhub.com/wp-content/uploads/2025/10/EVGolf-10.jpg', 'Eagle View Golf / 1 King Room Executive - Image 3', 2);
INSERT INTO hotel_images (hotel_id, image_url, alt_text, sort_order) VALUES (40, 'https://daydreamhub.com/wp-content/uploads/2025/10/EVGolf-9.jpg', 'Eagle View Golf / 1 King Room Executive - Image 4', 3);
INSERT INTO hotel_images (hotel_id, image_url, alt_text, sort_order) VALUES (40, 'https://daydreamhub.com/wp-content/uploads/2025/10/R1A2803.jpg', 'Eagle View Golf / 1 King Room Executive - Image 5', 4);
INSERT INTO hotel_images (hotel_id, image_url, alt_text, sort_order) VALUES (40, 'https://daydreamhub.com/wp-content/uploads/2025/10/R1A2758.jpg', 'Eagle View Golf / 1 King Room Executive - Image 6', 5);
INSERT INTO hotel_images (hotel_id, image_url, alt_text, sort_order) VALUES (40, 'https://daydreamhub.com/wp-content/uploads/2025/10/R1A2865.jpg', 'Eagle View Golf / 1 King Room Executive - Image 7', 6);
INSERT INTO hotel_images (hotel_id, image_url, alt_text, sort_order) VALUES (40, 'https://daydreamhub.com/wp-content/uploads/2025/10/R1A2864.jpg', 'Eagle View Golf / 1 King Room Executive - Image 8', 7);
INSERT INTO hotel_images (hotel_id, image_url, alt_text, sort_order) VALUES (40, 'https://daydreamhub.com/wp-content/uploads/2025/10/R1A2858.jpg', 'Eagle View Golf / 1 King Room Executive - Image 9', 8);
INSERT INTO hotel_images (hotel_id, image_url, alt_text, sort_order) VALUES (40, 'https://daydreamhub.com/wp-content/uploads/2025/10/R1A2848.jpg', 'Eagle View Golf / 1 King Room Executive - Image 10', 9);
INSERT INTO hotel_images (hotel_id, image_url, alt_text, sort_order) VALUES (40, 'https://daydreamhub.com/wp-content/uploads/2025/10/R1A2842.jpg', 'Eagle View Golf / 1 King Room Executive - Image 11', 10);
INSERT INTO hotel_images (hotel_id, image_url, alt_text, sort_order) VALUES (40, 'https://daydreamhub.com/wp-content/uploads/2025/10/R1A2838.jpg', 'Eagle View Golf / 1 King Room Executive - Image 12', 11);
INSERT INTO hotel_images (hotel_id, image_url, alt_text, sort_order) VALUES (40, 'https://daydreamhub.com/wp-content/uploads/2025/10/R1A2837.jpg', 'Eagle View Golf / 1 King Room Executive - Image 13', 12);
INSERT INTO hotel_images (hotel_id, image_url, alt_text, sort_order) VALUES (40, 'https://daydreamhub.com/wp-content/uploads/2025/10/R1A2831.jpg', 'Eagle View Golf / 1 King Room Executive - Image 14', 13);
INSERT INTO hotel_images (hotel_id, image_url, alt_text, sort_order) VALUES (40, 'https://daydreamhub.com/wp-content/uploads/2025/09/703728969.jpg', 'Eagle View Golf / 1 King Room Executive - Image 15', 14);
INSERT INTO hotel_images (hotel_id, image_url, alt_text, sort_order) VALUES (40, 'https://daydreamhub.com/wp-content/uploads/2025/09/695970225.jpg', 'Eagle View Golf / 1 King Room Executive - Image 16', 15);
INSERT INTO hotel_images (hotel_id, image_url, alt_text, sort_order) VALUES (40, 'https://daydreamhub.com/wp-content/uploads/2025/09/703729108.jpg', 'Eagle View Golf / 1 King Room Executive - Image 17', 16);
INSERT INTO hotel_images (hotel_id, image_url, alt_text, sort_order) VALUES (40, 'https://daydreamhub.com/wp-content/uploads/2025/09/695970246.jpg', 'Eagle View Golf / 1 King Room Executive - Image 18', 17);
INSERT INTO hotel_images (hotel_id, image_url, alt_text, sort_order) VALUES (40, 'https://daydreamhub.com/wp-content/uploads/2025/09/695970305.jpg', 'Eagle View Golf / 1 King Room Executive - Image 19', 18);
INSERT INTO hotel_images (hotel_id, image_url, alt_text, sort_order) VALUES (40, 'https://daydreamhub.com/wp-content/uploads/2025/09/711679504.jpg', 'Eagle View Golf / 1 King Room Executive - Image 20', 19);
INSERT INTO hotels (id, name, slug, description, city, country, address, rating, thumbnail_url, categories, amenities, property_type, is_active) VALUES (41, 'Hotel test K (Copy)', 'hotel-test-k-copy', 'Test listing property please ignore', 'Kyoto', 'Japan', '', 0, 'https://daydreamhub.com/wp-content/uploads/2023/05/ddh_logo_white.png', '["daycation"]', '["ATM","Bar / Restaurant","Currency Exchange","Elevator in Building","Laundry Service"]', 'Villa', 1);
INSERT INTO plans (hotel_id, name, description, price_usd, check_in_time, check_out_time, plan_type, max_guests, is_active) VALUES (41, 'Daycation(prepayment)', '', 20, '6:00', '24:00', 'daycation', 2, 1);
INSERT INTO plans (hotel_id, name, description, price_usd, check_in_time, check_out_time, plan_type, max_guests, is_active) VALUES (41, 'Daycation2(prepayment)', '', 25, '6:00', '23:00', 'daycation', 2, 1);
INSERT INTO hotel_images (hotel_id, image_url, alt_text, sort_order) VALUES (41, 'https://daydreamhub.com/wp-content/uploads/2023/05/ddh_logo_white.png', 'Hotel test K (Copy) - Image 1', 0);
INSERT INTO hotel_images (hotel_id, image_url, alt_text, sort_order) VALUES (41, 'https://daydreamhub.com/wp-content/uploads/2023/05/ddh_logo.png', 'Hotel test K (Copy) - Image 2', 1);
INSERT INTO hotel_images (hotel_id, image_url, alt_text, sort_order) VALUES (41, 'https://daydreamhub.com/wp-content/uploads/2026/01/SANDBOX-FA-LOGO-square-black-1.png', 'Hotel test K (Copy) - Image 3', 2);
INSERT INTO hotel_images (hotel_id, image_url, alt_text, sort_order) VALUES (41, 'https://daydreamhub.com/wp-content/uploads/2025/09/Flux_Dev_A_neat_office_desk_scene_with_a_laptop_open_a_clean_d_0.jpg', 'Hotel test K (Copy) - Image 4', 3);
INSERT INTO hotel_images (hotel_id, image_url, alt_text, sort_order) VALUES (41, 'https://daydreamhub.com/wp-content/uploads/2024/08/ddh_logo-4.png', 'Hotel test K (Copy) - Image 5', 4);
INSERT INTO hotels (id, name, slug, description, city, country, address, rating, thumbnail_url, categories, amenities, property_type, is_active) VALUES (42, 'HOUSE of WAINE / Double Standard Room', 'house-of-waine-double-standard-room', 'Our 11 spacious rooms are individually styled and their names reflect the different themes. 9 of our rooms can be Single/ Double or Twin rooms . All the large marble bathrooms are filled with natural light from the large windows.', 'Nairobi', 'Kenya', '', 0, 'https://daydreamhub.com/wp-content/uploads/2025/09/Cottage-Bedroom-2.jpg', '["daycation"]', '["Bar / Restaurant","Laundry Service","Luggage Storage","Parking on Premises","Pool","Wheelchair Accessible","Air Conditioner (Cooling)","Air Conditioner (Heating)","Bathtub","Coffee maker","Desk/Workspace","Electric pot","Free Wi-Fi","Hair Dryer","Projector(s)","Refrigerator","Scanner / Printer","Shampoo","Shower","TEL","Toothbrush","Towels","TV"]', 'Hotel', 1);
INSERT INTO plans (hotel_id, name, description, price_usd, check_in_time, check_out_time, plan_type, max_guests, is_active) VALUES (42, '【7H】Daytime (prepayment)', '', 360, '13:00', '20:00', 'daycation', 2, 1);
INSERT INTO plans (hotel_id, name, description, price_usd, check_in_time, check_out_time, plan_type, max_guests, is_active) VALUES (42, '【20H】Overnight(prepayment)', '', 780, '14:00', '11:00', 'overnight', 2, 1);
INSERT INTO hotel_images (hotel_id, image_url, alt_text, sort_order) VALUES (42, 'https://daydreamhub.com/wp-content/uploads/2025/09/Cottage-Bedroom-2.jpg', 'HOUSE of WAINE / Double Standard Room - Image 1', 0);
INSERT INTO hotel_images (hotel_id, image_url, alt_text, sort_order) VALUES (42, 'https://daydreamhub.com/wp-content/uploads/2025/09/Cottage-2nd-bedroom-1.jpg', 'HOUSE of WAINE / Double Standard Room - Image 2', 1);
INSERT INTO hotel_images (hotel_id, image_url, alt_text, sort_order) VALUES (42, 'https://daydreamhub.com/wp-content/uploads/2025/09/Cottage-Dining-Area-1.jpg', 'HOUSE of WAINE / Double Standard Room - Image 3', 2);
INSERT INTO hotel_images (hotel_id, image_url, alt_text, sort_order) VALUES (42, 'https://daydreamhub.com/wp-content/uploads/2025/09/Cottage-Entrance-1.jpg', 'HOUSE of WAINE / Double Standard Room - Image 4', 3);
INSERT INTO hotel_images (hotel_id, image_url, alt_text, sort_order) VALUES (42, 'https://daydreamhub.com/wp-content/uploads/2025/09/Cottage-Living-Area-1.jpg', 'HOUSE of WAINE / Double Standard Room - Image 5', 4);
INSERT INTO hotel_images (hotel_id, image_url, alt_text, sort_order) VALUES (42, 'https://daydreamhub.com/wp-content/uploads/2025/09/Cottage-Master-Bath-2-1.jpg', 'HOUSE of WAINE / Double Standard Room - Image 6', 5);
INSERT INTO hotel_images (hotel_id, image_url, alt_text, sort_order) VALUES (42, 'https://daydreamhub.com/wp-content/uploads/2025/09/Cottage-Master-Bath-1.jpg', 'HOUSE of WAINE / Double Standard Room - Image 7', 6);
INSERT INTO hotels (id, name, slug, description, city, country, address, rating, thumbnail_url, categories, amenities, property_type, is_active) VALUES (43, 'Al Madina Suites / King Suites', 'al-madina-suites-king-suites', 'A Living Room , Bed Room , Kitchen with Kitchenette coffee kettle Refrigerator & Microwave oven bath tubs & cubical bathrooms . No hot plates available . Some rooms are city view .', 'Doha', 'Qatar', '', 0, 'https://daydreamhub.com/wp-content/uploads/2025/08/スクリーンショット-2025-08-29-230816.jpg', '["daycation","for_couple"]', '["Elevator in Building","Fax","Gym","Laundry Service","Luggage Storage","Parking on Premises","Wheelchair Accessible","Air Conditioner (Cooling)","Air Conditioner (Heating)","Bathtub","Desk/Workspace","Electric pot","Free Wi-Fi","Hair Dryer","Refrigerator","Shampoo","Shower","TEL","Toothbrush","Towels","TV"]', 'Hotel', 1);
INSERT INTO plans (hotel_id, name, description, price_usd, check_in_time, check_out_time, plan_type, max_guests, is_active) VALUES (43, '【13H】Daytime (prepayment)', '', 65, '8:00', '21:00', 'daycation', 2, 1);
INSERT INTO plans (hotel_id, name, description, price_usd, check_in_time, check_out_time, plan_type, max_guests, is_active) VALUES (43, '【22H】Overnight(prepayment)', '', 70, '14:00', '12:00', 'overnight', 2, 1);
INSERT INTO hotel_images (hotel_id, image_url, alt_text, sort_order) VALUES (43, 'https://daydreamhub.com/wp-content/uploads/2025/08/スクリーンショット-2025-08-29-230816.jpg', 'Al Madina Suites / King Suites - Image 1', 0);
INSERT INTO hotels (id, name, slug, description, city, country, address, rating, thumbnail_url, categories, amenities, property_type, is_active) VALUES (44, 'HOUSE of WAINE / Single Standard Room', 'house-of-waine-standard-room', 'Our 11 spacious rooms are individually styled and their names reflect the different themes. 9 of our rooms can be Single/ Double or Twin rooms . All the large marble bathrooms are filled with natural light from the large windows.', 'Nairobi', 'Kenya', '', 0, 'https://daydreamhub.com/wp-content/uploads/2025/09/Cottage-Bedroom-2.jpg', '["daycation"]', '["Bar / Restaurant","Laundry Service","Luggage Storage","Parking on Premises","Pool","Wheelchair Accessible","Air Conditioner (Cooling)","Air Conditioner (Heating)","Bathtub","Coffee maker","Desk/Workspace","Electric pot","Free Wi-Fi","Hair Dryer","Projector(s)","Refrigerator","Scanner / Printer","Shampoo","Shower","TEL","Toothbrush","Towels","TV"]', 'Hotel', 1);
INSERT INTO plans (hotel_id, name, description, price_usd, check_in_time, check_out_time, plan_type, max_guests, is_active) VALUES (44, '【7H】Daytime (prepayment)', '', 260, '13:00', '20:00', 'daycation', 2, 1);
INSERT INTO plans (hotel_id, name, description, price_usd, check_in_time, check_out_time, plan_type, max_guests, is_active) VALUES (44, '【20H】Overnight(prepayment)', '', 515, '14:00', '11:00', 'overnight', 2, 1);
INSERT INTO hotel_images (hotel_id, image_url, alt_text, sort_order) VALUES (44, 'https://daydreamhub.com/wp-content/uploads/2025/09/Cottage-Bedroom-2.jpg', 'HOUSE of WAINE / Single Standard Room - Image 1', 0);
INSERT INTO hotel_images (hotel_id, image_url, alt_text, sort_order) VALUES (44, 'https://daydreamhub.com/wp-content/uploads/2025/09/Cottage-2nd-bedroom.jpg', 'HOUSE of WAINE / Single Standard Room - Image 2', 1);
INSERT INTO hotel_images (hotel_id, image_url, alt_text, sort_order) VALUES (44, 'https://daydreamhub.com/wp-content/uploads/2025/09/Cottage-Dining-Area.jpg', 'HOUSE of WAINE / Single Standard Room - Image 3', 2);
INSERT INTO hotel_images (hotel_id, image_url, alt_text, sort_order) VALUES (44, 'https://daydreamhub.com/wp-content/uploads/2025/09/Cottage-Living-Area.jpg', 'HOUSE of WAINE / Single Standard Room - Image 4', 3);
INSERT INTO hotel_images (hotel_id, image_url, alt_text, sort_order) VALUES (44, 'https://daydreamhub.com/wp-content/uploads/2025/09/Cottage-Master-Bath.jpg', 'HOUSE of WAINE / Single Standard Room - Image 5', 4);
INSERT INTO hotel_images (hotel_id, image_url, alt_text, sort_order) VALUES (44, 'https://daydreamhub.com/wp-content/uploads/2025/09/Cottage-Master-Bath-2.jpg', 'HOUSE of WAINE / Single Standard Room - Image 6', 5);
INSERT INTO hotel_images (hotel_id, image_url, alt_text, sort_order) VALUES (44, 'https://daydreamhub.com/wp-content/uploads/2025/09/Cottage-Entrance.jpg', 'HOUSE of WAINE / Single Standard Room - Image 7', 6);
INSERT INTO hotels (id, name, slug, description, city, country, address, rating, thumbnail_url, categories, amenities, property_type, is_active) VALUES (45, 'City center 3-room apartment, Parking', 'city-center-3-room-apartment-parking', '※The Morning Plan is not available for same-day reservations.
 Bookings must be made by 6:00 PM on the previous day.
 ————————————————
 Comfortable Accommodations: Lovely Northern Apartment in Oulu offers a one-bedroom apartment with a balcony. The property features a fully equipped kitchen, washing machine, and free WiFi.

Convenient Facilities: Guests benefit from private check-in and check-out, a paid shuttle service, elevator, 24-hour front desk, family rooms, bicycle parking, and express services.

Prime Location: Located 8.1 mi from Oulu Airport, the apartment is a 19-minute walk from Oulu Railway Station, 1.2 mi from Oulu Bus Station and University of Applied, and City Hall. Nearby attractions include Ouluhalli (1.9 mi) and Oulu Golf Club (9.9 mi). Guests appreciate the convenient location.', 'Oulu', 'Finland', '', 0, 'https://daydreamhub.com/wp-content/uploads/2025/10/IMG_2183.jpg', '["daycation","for_couple","for_work","luxury","personal_time"]', '["Elevator in Building","Luggage Storage","Parking on Premises","Air Conditioner (Heating)","Coffee maker","Desk/Workspace","Electric pot","Free Wi-Fi","Hair Dryer","Kitchen","Refrigerator","Shampoo","Shower","Towels","TV"]', 'Apartment', 1);
INSERT INTO plans (hotel_id, name, description, price_usd, check_in_time, check_out_time, plan_type, max_guests, is_active) VALUES (45, '【20H】Overnight(prepayment)', '', 82, '15:00', '11:00', 'overnight', 2, 1);
INSERT INTO hotel_images (hotel_id, image_url, alt_text, sort_order) VALUES (45, 'https://daydreamhub.com/wp-content/uploads/2025/10/IMG_2183.jpg', 'City center 3-room apartment, Parking - Image 1', 0);
INSERT INTO hotel_images (hotel_id, image_url, alt_text, sort_order) VALUES (45, 'https://daydreamhub.com/wp-content/uploads/2025/10/IMG_2164.jpg', 'City center 3-room apartment, Parking - Image 2', 1);
INSERT INTO hotel_images (hotel_id, image_url, alt_text, sort_order) VALUES (45, 'https://daydreamhub.com/wp-content/uploads/2025/10/IMG_2172.jpg', 'City center 3-room apartment, Parking - Image 3', 2);
INSERT INTO hotel_images (hotel_id, image_url, alt_text, sort_order) VALUES (45, 'https://daydreamhub.com/wp-content/uploads/2025/10/IMG_2174.jpg', 'City center 3-room apartment, Parking - Image 4', 3);
INSERT INTO hotel_images (hotel_id, image_url, alt_text, sort_order) VALUES (45, 'https://daydreamhub.com/wp-content/uploads/2025/10/IMG_2177.jpg', 'City center 3-room apartment, Parking - Image 5', 4);
INSERT INTO hotel_images (hotel_id, image_url, alt_text, sort_order) VALUES (45, 'https://daydreamhub.com/wp-content/uploads/2025/10/IMG_2181.jpg', 'City center 3-room apartment, Parking - Image 6', 5);
INSERT INTO hotel_images (hotel_id, image_url, alt_text, sort_order) VALUES (45, 'https://daydreamhub.com/wp-content/uploads/2025/10/IMG_2190.jpg', 'City center 3-room apartment, Parking - Image 7', 6);
INSERT INTO hotel_images (hotel_id, image_url, alt_text, sort_order) VALUES (45, 'https://daydreamhub.com/wp-content/uploads/2025/10/IMG_2195.jpg', 'City center 3-room apartment, Parking - Image 8', 7);
INSERT INTO hotel_images (hotel_id, image_url, alt_text, sort_order) VALUES (45, 'https://daydreamhub.com/wp-content/uploads/2025/10/IMG_2203.jpg', 'City center 3-room apartment, Parking - Image 9', 8);
INSERT INTO hotel_images (hotel_id, image_url, alt_text, sort_order) VALUES (45, 'https://daydreamhub.com/wp-content/uploads/2025/10/IMG_2209.jpg', 'City center 3-room apartment, Parking - Image 10', 9);
INSERT INTO hotel_images (hotel_id, image_url, alt_text, sort_order) VALUES (45, 'https://daydreamhub.com/wp-content/uploads/2025/10/IMG_2210.jpg', 'City center 3-room apartment, Parking - Image 11', 10);
INSERT INTO hotel_images (hotel_id, image_url, alt_text, sort_order) VALUES (45, 'https://daydreamhub.com/wp-content/uploads/2025/10/IMG_2213.jpg', 'City center 3-room apartment, Parking - Image 12', 11);
INSERT INTO hotels (id, name, slug, description, city, country, address, rating, thumbnail_url, categories, amenities, property_type, is_active) VALUES (46, 'City center brand new studio, parking', 'city-center-brand-new-studio-parking-2', '※The Morning Plan is not available for same-day reservations.
 Bookings must be made by 6:00 PM on the previous day.
 ————————————————
 Comfortable Accommodations: Lovely Northern Apartment in Oulu offers a one-bedroom apartment with a balcony. The property features a fully equipped kitchen, washing machine, and free WiFi.

Convenient Facilities: Guests benefit from private check-in and check-out, a paid shuttle service, elevator, 24-hour front desk, family rooms, bicycle parking, and express services.

Prime Location: Located 8.1 mi from Oulu Airport, the apartment is a 19-minute walk from Oulu Railway Station, 1.2 mi from Oulu Bus Station and University of Applied, and City Hall. Nearby attractions include Ouluhalli (1.9 mi) and Oulu Golf Club (9.9 mi). Guests appreciate the convenient location.', 'Oulu', 'Finland', '', 0, 'https://daydreamhub.com/wp-content/uploads/2025/09/IMG_2330.jpg', '["daycation","for_couple","for_work","personal_time"]', '["Elevator in Building","Laundry Service","Parking on Premises","Air Conditioner (Heating)","Coffee maker","Desk/Workspace","Electric pot","Free Wi-Fi","Hair Dryer","Kitchen","Refrigerator","Shampoo","Shower","Towels","TV"]', 'Apartment', 1);
INSERT INTO plans (hotel_id, name, description, price_usd, check_in_time, check_out_time, plan_type, max_guests, is_active) VALUES (46, '【20H】Overnight(prepayment)', '', 82, '15:00', '11:00', 'overnight', 2, 1);
INSERT INTO hotel_images (hotel_id, image_url, alt_text, sort_order) VALUES (46, 'https://daydreamhub.com/wp-content/uploads/2025/09/IMG_2330.jpg', 'City center brand new studio, parking - Image 1', 0);
INSERT INTO hotel_images (hotel_id, image_url, alt_text, sort_order) VALUES (46, 'https://daydreamhub.com/wp-content/uploads/2025/09/IMG_2332.jpg', 'City center brand new studio, parking - Image 2', 1);
INSERT INTO hotel_images (hotel_id, image_url, alt_text, sort_order) VALUES (46, 'https://daydreamhub.com/wp-content/uploads/2025/09/IMG_2351.jpg', 'City center brand new studio, parking - Image 3', 2);
INSERT INTO hotel_images (hotel_id, image_url, alt_text, sort_order) VALUES (46, 'https://daydreamhub.com/wp-content/uploads/2025/09/IMG_2334.jpg', 'City center brand new studio, parking - Image 4', 3);
INSERT INTO hotel_images (hotel_id, image_url, alt_text, sort_order) VALUES (46, 'https://daydreamhub.com/wp-content/uploads/2025/09/IMG_2341.jpg', 'City center brand new studio, parking - Image 5', 4);
INSERT INTO hotel_images (hotel_id, image_url, alt_text, sort_order) VALUES (46, 'https://daydreamhub.com/wp-content/uploads/2025/09/IMG_2323.jpg', 'City center brand new studio, parking - Image 6', 5);
INSERT INTO hotel_images (hotel_id, image_url, alt_text, sort_order) VALUES (46, 'https://daydreamhub.com/wp-content/uploads/2025/09/IMG_2346.jpg', 'City center brand new studio, parking - Image 7', 6);
INSERT INTO hotel_images (hotel_id, image_url, alt_text, sort_order) VALUES (46, 'https://daydreamhub.com/wp-content/uploads/2025/09/IMG_2349.jpg', 'City center brand new studio, parking - Image 8', 7);
INSERT INTO hotel_images (hotel_id, image_url, alt_text, sort_order) VALUES (46, 'https://daydreamhub.com/wp-content/uploads/2025/09/IMG_2358.jpg', 'City center brand new studio, parking - Image 9', 8);
INSERT INTO hotel_images (hotel_id, image_url, alt_text, sort_order) VALUES (46, 'https://daydreamhub.com/wp-content/uploads/2025/09/IMG_2360.jpg', 'City center brand new studio, parking - Image 10', 9);
INSERT INTO hotel_images (hotel_id, image_url, alt_text, sort_order) VALUES (46, 'https://daydreamhub.com/wp-content/uploads/2025/09/IMG_2363.jpg', 'City center brand new studio, parking - Image 11', 10);
INSERT INTO hotel_images (hotel_id, image_url, alt_text, sort_order) VALUES (46, 'https://daydreamhub.com/wp-content/uploads/2025/09/IMG_2311.jpg', 'City center brand new studio, parking - Image 12', 11);
INSERT INTO hotels (id, name, slug, description, city, country, address, rating, thumbnail_url, categories, amenities, property_type, is_active) VALUES (47, 'Spacious 2room apartment in the center of Oulu, Parking', 'city-center-brand-new-studio-parking', '※The Morning Plan is not available for same-day reservations.
 Bookings must be made by 6:00 PM on the previous day.
 ————————————————
 Comfortable Accommodations: Lovely Northern Apartment in Oulu offers a one-bedroom apartment with a balcony. The property features a fully equipped kitchen, washing machine, and free WiFi.

Convenient Facilities: Guests benefit from private check-in and check-out, a paid shuttle service, elevator, 24-hour front desk, family rooms, bicycle parking, and express services.

Prime Location: Located 8.1 mi from Oulu Airport, the apartment is a 19-minute walk from Oulu Railway Station, 1.2 mi from Oulu Bus Station and University of Applied, and City Hall. Nearby attractions include Ouluhalli (1.9 mi) and Oulu Golf Club (9.9 mi). Guests appreciate the convenient location.', 'Oulu', 'Finland', '', 0, 'https://daydreamhub.com/wp-content/uploads/2025/09/IMG_2025.jpg', '["daycation","for_couple","for_work","luxury","personal_time"]', '["Elevator in Building","Luggage Storage","Parking on Premises","Air Conditioner (Heating)","Coffee maker","Desk/Workspace","Electric pot","Free Wi-Fi","Hair Dryer","Kitchen","Refrigerator","Shampoo","Shower","Towels","TV"]', 'Apartment', 1);
INSERT INTO plans (hotel_id, name, description, price_usd, check_in_time, check_out_time, plan_type, max_guests, is_active) VALUES (47, '【20H】Overnight(prepayment)', '', 82, '15:00', '11:00', 'overnight', 2, 1);
INSERT INTO hotel_images (hotel_id, image_url, alt_text, sort_order) VALUES (47, 'https://daydreamhub.com/wp-content/uploads/2025/09/IMG_2025.jpg', 'Spacious 2room apartment in the center of Oulu, Parking - Image 1', 0);
INSERT INTO hotel_images (hotel_id, image_url, alt_text, sort_order) VALUES (47, 'https://daydreamhub.com/wp-content/uploads/2025/09/IMG_2031.jpg', 'Spacious 2room apartment in the center of Oulu, Parking - Image 2', 1);
INSERT INTO hotel_images (hotel_id, image_url, alt_text, sort_order) VALUES (47, 'https://daydreamhub.com/wp-content/uploads/2025/09/IMG_2032.jpg', 'Spacious 2room apartment in the center of Oulu, Parking - Image 3', 2);
INSERT INTO hotel_images (hotel_id, image_url, alt_text, sort_order) VALUES (47, 'https://daydreamhub.com/wp-content/uploads/2025/09/IMG_2122.jpg', 'Spacious 2room apartment in the center of Oulu, Parking - Image 4', 3);
INSERT INTO hotel_images (hotel_id, image_url, alt_text, sort_order) VALUES (47, 'https://daydreamhub.com/wp-content/uploads/2025/09/IMG_2123.jpg', 'Spacious 2room apartment in the center of Oulu, Parking - Image 5', 4);
INSERT INTO hotel_images (hotel_id, image_url, alt_text, sort_order) VALUES (47, 'https://daydreamhub.com/wp-content/uploads/2025/09/IMG_2128.jpg', 'Spacious 2room apartment in the center of Oulu, Parking - Image 6', 5);
INSERT INTO hotel_images (hotel_id, image_url, alt_text, sort_order) VALUES (47, 'https://daydreamhub.com/wp-content/uploads/2025/09/IMG_2143.jpg', 'Spacious 2room apartment in the center of Oulu, Parking - Image 7', 6);
INSERT INTO hotel_images (hotel_id, image_url, alt_text, sort_order) VALUES (47, 'https://daydreamhub.com/wp-content/uploads/2025/09/IMG_2149.jpg', 'Spacious 2room apartment in the center of Oulu, Parking - Image 8', 7);
INSERT INTO hotel_images (hotel_id, image_url, alt_text, sort_order) VALUES (47, 'https://daydreamhub.com/wp-content/uploads/2025/09/IMG_2150.jpg', 'Spacious 2room apartment in the center of Oulu, Parking - Image 9', 8);
INSERT INTO hotel_images (hotel_id, image_url, alt_text, sort_order) VALUES (47, 'https://daydreamhub.com/wp-content/uploads/2025/09/IMG_2154.jpg', 'Spacious 2room apartment in the center of Oulu, Parking - Image 10', 9);
INSERT INTO hotel_images (hotel_id, image_url, alt_text, sort_order) VALUES (47, 'https://daydreamhub.com/wp-content/uploads/2025/09/IMG_2159.jpg', 'Spacious 2room apartment in the center of Oulu, Parking - Image 11', 10);
INSERT INTO hotels (id, name, slug, description, city, country, address, rating, thumbnail_url, categories, amenities, property_type, is_active) VALUES (48, 'DAMAC Maison Cour Jardin/ One Bedroom Suite', 'damac-maison-cour-jardin-one-bedroom-suite', 'Located in the heart of Business Bay, DAMAC Maison Cour Jardin offers luxurious apartments with an Arabesque décor and panoramic views of Downtown Dubai. Only a 5-minute drive from the Business Bay metro station , it is within walking distance to Bay Avenue with its many shops and restaurants. The Cour Jardin offers high-speed complimentary WiFi in all areas, an outdoor infinity pool and a state-of-the-art fitness center.

All accommodations are bright and spacious and feature a living area with a satellite flat-screen TV, a work desk and a fully equipped kitchenette/ kitchen with a washing machine and a dishwasher. The private bathroom is fitted with double sinks, a shower, soaking bathtub and complimentary Elemis toiletries.

Guests can enjoy the vertical garden, a sauna, a steam room and herbal aroma hot tub, while the younger guests have several entertainment options including Heads Up!, the indoor kids club (at an added charge), a playground  and kids’ pool. The Dreamworks Spa offers treatments in calm and serene surroundings.

Featuring a contemporary and colorful décor, the Maison Café offers spectacular views of the canal where guests can enjoy a variety of international dishes and refreshments.

Dubai International Financial Center is 10 minutes away by car, while Dubai Mall and the Dubai Fountains are 5 minute drive from the property. The nearest airport is Dubai International Airport, 7.5 mi from DAMAC Maison Cour Jardin. An airport shuttle is provided upon request. Free valet parking is available on site.', 'Dubai', 'UAE', '', 0, 'https://daydreamhub.com/wp-content/uploads/2025/08/43088515.jpg', '["daycation","for_couple"]', '["Elevator in Building","Gym","Laundry Service","Parking on Premises","Pool","Air Conditioner (Cooling)","Air Conditioner (Heating)","Bathtub","Coffee maker","Desk/Workspace","Electric pot","Free Wi-Fi","Hair Dryer","Kitchen","Refrigerator","Shampoo","Shower","TEL","Toothbrush","Towels","TV"]', 'Apartment', 1);
INSERT INTO plans (hotel_id, name, description, price_usd, check_in_time, check_out_time, plan_type, max_guests, is_active) VALUES (48, '【20H】Over Night (prepayment)', '', 80, '15:00', '11:00', 'overnight', 2, 1);
INSERT INTO hotel_images (hotel_id, image_url, alt_text, sort_order) VALUES (48, 'https://daydreamhub.com/wp-content/uploads/2025/08/43088515.jpg', 'DAMAC Maison Cour Jardin/ One Bedroom Suite - Image 1', 0);
INSERT INTO hotel_images (hotel_id, image_url, alt_text, sort_order) VALUES (48, 'https://daydreamhub.com/wp-content/uploads/2025/08/2c7d12a0-786a-4bd8-8b8b-9607422d7bc2.jpeg', 'DAMAC Maison Cour Jardin/ One Bedroom Suite - Image 2', 1);
INSERT INTO hotels (id, name, slug, description, city, country, address, rating, thumbnail_url, categories, amenities, property_type, is_active) VALUES (49, 'Barth Hotel Apartments / Standard Single Room', 'barth-hotel-apartments-standard-single-room', '※The Morning Plan is not available for same-day reservations.
 Bookings must be made by 6:00 PM on the previous day.
 ————————————————
 A cozy and well-equipped space for solo travelers. Enjoy a plush bed, air conditioning, Wi-Fi, a work desk, and an ensuite bathroom for a comfortable stay.', 'Dodoma', 'Tanzania', '', 0, 'https://daydreamhub.com/wp-content/uploads/2025/08/スクリーンショット-2025-08-29-233554.jpg', '["daycation","for_couple"]', '["Air Conditioner (Cooling)","Air Conditioner (Heating)","Electric pot","Free Wi-Fi","Hair Dryer","Refrigerator","Shampoo","Shower","TEL","Toothbrush","Towels","TV"]', 'Hotel', 1);
INSERT INTO plans (hotel_id, name, description, price_usd, check_in_time, check_out_time, plan_type, max_guests, is_active) VALUES (49, '【6H】Morning(prepayment)', '', 50, '6:00', '12:00', 'daycation', 2, 1);
INSERT INTO plans (hotel_id, name, description, price_usd, check_in_time, check_out_time, plan_type, max_guests, is_active) VALUES (49, '【10H】Daytime (prepayment)', '', 50, '10:00', '20:00', 'daycation', 2, 1);
INSERT INTO plans (hotel_id, name, description, price_usd, check_in_time, check_out_time, plan_type, max_guests, is_active) VALUES (49, '【16H】Overnight(prepayment)', '', 60, '20:00', '12:00', 'overnight', 2, 1);
INSERT INTO hotel_images (hotel_id, image_url, alt_text, sort_order) VALUES (49, 'https://daydreamhub.com/wp-content/uploads/2025/08/スクリーンショット-2025-08-29-233554.jpg', 'Barth Hotel Apartments / Standard Single Room - Image 1', 0);
INSERT INTO hotel_images (hotel_id, image_url, alt_text, sort_order) VALUES (49, 'https://daydreamhub.com/wp-content/uploads/2025/09/RICK0043.jpg', 'Barth Hotel Apartments / Standard Single Room - Image 2', 1);
INSERT INTO hotel_images (hotel_id, image_url, alt_text, sort_order) VALUES (49, 'https://daydreamhub.com/wp-content/uploads/2025/09/RICK0050.jpg', 'Barth Hotel Apartments / Standard Single Room - Image 3', 2);
INSERT INTO hotel_images (hotel_id, image_url, alt_text, sort_order) VALUES (49, 'https://daydreamhub.com/wp-content/uploads/2025/09/RICK0051.jpg', 'Barth Hotel Apartments / Standard Single Room - Image 4', 3);
INSERT INTO hotel_images (hotel_id, image_url, alt_text, sort_order) VALUES (49, 'https://daydreamhub.com/wp-content/uploads/2025/09/RICK0055.jpg', 'Barth Hotel Apartments / Standard Single Room - Image 5', 4);
INSERT INTO hotel_images (hotel_id, image_url, alt_text, sort_order) VALUES (49, 'https://daydreamhub.com/wp-content/uploads/2025/09/RICK0070.jpg', 'Barth Hotel Apartments / Standard Single Room - Image 6', 5);
INSERT INTO hotel_images (hotel_id, image_url, alt_text, sort_order) VALUES (49, 'https://daydreamhub.com/wp-content/uploads/2025/09/RICK0076.jpg', 'Barth Hotel Apartments / Standard Single Room - Image 7', 6);
INSERT INTO hotel_images (hotel_id, image_url, alt_text, sort_order) VALUES (49, 'https://daydreamhub.com/wp-content/uploads/2025/09/RICK0125.jpg', 'Barth Hotel Apartments / Standard Single Room - Image 8', 7);
INSERT INTO hotel_images (hotel_id, image_url, alt_text, sort_order) VALUES (49, 'https://daydreamhub.com/wp-content/uploads/2025/09/RICK0130.jpg', 'Barth Hotel Apartments / Standard Single Room - Image 9', 8);
INSERT INTO hotel_images (hotel_id, image_url, alt_text, sort_order) VALUES (49, 'https://daydreamhub.com/wp-content/uploads/2025/09/RICK0143.jpg', 'Barth Hotel Apartments / Standard Single Room - Image 10', 9);
INSERT INTO hotel_images (hotel_id, image_url, alt_text, sort_order) VALUES (49, 'https://daydreamhub.com/wp-content/uploads/2025/09/RICK0147.jpg', 'Barth Hotel Apartments / Standard Single Room - Image 11', 10);
INSERT INTO hotel_images (hotel_id, image_url, alt_text, sort_order) VALUES (49, 'https://daydreamhub.com/wp-content/uploads/2025/09/RICK0164.jpg', 'Barth Hotel Apartments / Standard Single Room - Image 12', 11);
INSERT INTO hotel_images (hotel_id, image_url, alt_text, sort_order) VALUES (49, 'https://daydreamhub.com/wp-content/uploads/2025/08/スクリーンショット-2025-08-29-233826.jpg', 'Barth Hotel Apartments / Standard Single Room - Image 13', 12);
INSERT INTO hotel_images (hotel_id, image_url, alt_text, sort_order) VALUES (49, 'https://daydreamhub.com/wp-content/uploads/2025/08/スクリーンショット-2025-08-29-233848.jpg', 'Barth Hotel Apartments / Standard Single Room - Image 14', 13);
INSERT INTO hotels (id, name, slug, description, city, country, address, rating, thumbnail_url, categories, amenities, property_type, is_active) VALUES (50, 'Al Madina Suites / Twin Suites', 'al-madina-suites-hotel-one-bed-room-king-suite', 'A Living Room , Bed Room , Kitchen with Kitchenette coffee kettle Refrigerator & Microwave oven bath tubs & cubical bathrooms . No hot plates available . Some rooms are city view .', 'Doha', 'Qatar', '', 0, 'https://daydreamhub.com/wp-content/uploads/2025/08/スクリーンショット-2025-08-29-230816.jpg', '["daycation","for_couple"]', '["Elevator in Building","Fax","Gym","Laundry Service","Luggage Storage","Parking on Premises","Wheelchair Accessible","Air Conditioner (Cooling)","Air Conditioner (Heating)","Bathtub","Desk/Workspace","Electric pot","Free Wi-Fi","Hair Dryer","Refrigerator","Shampoo","Shower","TEL","Toothbrush","Towels","TV"]', 'Hotel', 1);
INSERT INTO plans (hotel_id, name, description, price_usd, check_in_time, check_out_time, plan_type, max_guests, is_active) VALUES (50, '【13H】Daytime (prepayment)', '', 65, '8:00', '21:00', 'daycation', 2, 1);
INSERT INTO plans (hotel_id, name, description, price_usd, check_in_time, check_out_time, plan_type, max_guests, is_active) VALUES (50, '【22H】Overnight(prepayment)', '', 70, '14:00', '12:00', 'overnight', 2, 1);
INSERT INTO hotel_images (hotel_id, image_url, alt_text, sort_order) VALUES (50, 'https://daydreamhub.com/wp-content/uploads/2025/08/スクリーンショット-2025-08-29-230816.jpg', 'Al Madina Suites / Twin Suites - Image 1', 0);
INSERT INTO hotel_images (hotel_id, image_url, alt_text, sort_order) VALUES (50, 'https://daydreamhub.com/wp-content/uploads/2025/09/Twin-Room.jpg', 'Al Madina Suites / Twin Suites - Image 2', 1);
INSERT INTO hotel_images (hotel_id, image_url, alt_text, sort_order) VALUES (50, 'https://daydreamhub.com/wp-content/uploads/2025/09/Al-Madina-Brouchure-2.jpg', 'Al Madina Suites / Twin Suites - Image 3', 2);
INSERT INTO hotel_images (hotel_id, image_url, alt_text, sort_order) VALUES (50, 'https://daydreamhub.com/wp-content/uploads/2025/09/Living-Room-.jpg', 'Al Madina Suites / Twin Suites - Image 4', 3);
INSERT INTO hotel_images (hotel_id, image_url, alt_text, sort_order) VALUES (50, 'https://daydreamhub.com/wp-content/uploads/2025/09/Al-Madina-Brouchure1-.jpg', 'Al Madina Suites / Twin Suites - Image 5', 4);
INSERT INTO hotel_images (hotel_id, image_url, alt_text, sort_order) VALUES (50, 'https://daydreamhub.com/wp-content/uploads/2025/08/スクリーンショット-2025-08-29-230947.jpg', 'Al Madina Suites / Twin Suites - Image 6', 5);
INSERT INTO hotel_images (hotel_id, image_url, alt_text, sort_order) VALUES (50, 'https://daydreamhub.com/wp-content/uploads/2025/08/スクリーンショット-2025-08-29-231007.jpg', 'Al Madina Suites / Twin Suites - Image 7', 6);
INSERT INTO hotel_images (hotel_id, image_url, alt_text, sort_order) VALUES (50, 'https://daydreamhub.com/wp-content/uploads/2025/09/GYM.jpg', 'Al Madina Suites / Twin Suites - Image 8', 7);
INSERT INTO hotels (id, name, slug, description, city, country, address, rating, thumbnail_url, categories, amenities, property_type, is_active) VALUES (51, 'Act One Act Two/ 3Bedroom', 'act-one-act-two-3bedroom', 'Act One | Act Two brings a new vision of luxury to The Opera District renowned for its culture and cosmopolitanism. The two-tower complex is comprised of one, two and three-bedroom premium apartments inspired by the iconic Dubai Fountain. The dynamic façades of these towering masterpieces mark the gateway to the world’s most notable skyscraper, Burj Khalifa – and a door to everything the iconic Downtown Dubai has to offer.

Nestled in the heart of Downtown Dubai’s Opera District, Act 1 | Act 2 offers fantastic views of The Dubai Fountain and Burj Khalifa. With access to the Sheikh Mohammed bin Rashid Boulevard, this prime residential address is only a short walk from major attractions such as The Dubai Mall, The Dubai Fountain and Souk Al Bahar, to name a few. With its proximity to the Dubai Metro, the whole city is within reach.

Act One | Act Two boasts a fully-equipped gymnasium and health club to complement your active lifestyle. The temperature-controlled swimming pools offer respite from the heat and an opportunity to supplement your workout routine. It’s the perfect place to simply lounge and soak up the breathtaking views over the iconic horizon.', 'Dubai', 'UAE', '', 0, 'https://daydreamhub.com/wp-content/uploads/2025/08/2c7d12a0-786a-4bd8-8b8b-9607422d7bc2.jpeg', '["daycation","for_couple"]', '["Elevator in Building","Gym","Laundry Service","Parking on Premises","Pool","Air Conditioner (Cooling)","Air Conditioner (Heating)","Bathtub","Coffee maker","Desk/Workspace","Electric pot","Free Wi-Fi","Hair Dryer","Kitchen","Refrigerator","Shampoo","Shower","TEL","Toothbrush","Towels","TV"]', 'Apartment', 1);
INSERT INTO plans (hotel_id, name, description, price_usd, check_in_time, check_out_time, plan_type, max_guests, is_active) VALUES (51, '【20H】Over Night (prepayment)', '', 80, '15:00', '11:00', 'overnight', 2, 1);
INSERT INTO hotel_images (hotel_id, image_url, alt_text, sort_order) VALUES (51, 'https://daydreamhub.com/wp-content/uploads/2025/08/2c7d12a0-786a-4bd8-8b8b-9607422d7bc2.jpeg', 'Act One Act Two/ 3Bedroom - Image 1', 0);
INSERT INTO hotel_images (hotel_id, image_url, alt_text, sort_order) VALUES (51, 'https://daydreamhub.com/wp-content/uploads/2025/08/1a619d55-23dc-4cd3-a8bc-3b108990faf5.jpeg', 'Act One Act Two/ 3Bedroom - Image 2', 1);
INSERT INTO hotel_images (hotel_id, image_url, alt_text, sort_order) VALUES (51, 'https://daydreamhub.com/wp-content/uploads/2025/08/66eb573f-1498-42cd-9f14-2d1d5218e0fd.jpeg', 'Act One Act Two/ 3Bedroom - Image 3', 2);
INSERT INTO hotel_images (hotel_id, image_url, alt_text, sort_order) VALUES (51, 'https://daydreamhub.com/wp-content/uploads/2025/08/093e898c-d6c1-4ced-b8dc-8726be8d2518.jpeg', 'Act One Act Two/ 3Bedroom - Image 4', 3);
INSERT INTO hotel_images (hotel_id, image_url, alt_text, sort_order) VALUES (51, 'https://daydreamhub.com/wp-content/uploads/2025/08/a2593658-accb-40f4-806c-d17297f1ee17.jpeg', 'Act One Act Two/ 3Bedroom - Image 5', 4);
INSERT INTO hotel_images (hotel_id, image_url, alt_text, sort_order) VALUES (51, 'https://daydreamhub.com/wp-content/uploads/2025/08/e24a6401-dbf9-43c4-aad6-00409e718e40.jpeg', 'Act One Act Two/ 3Bedroom - Image 6', 5);
INSERT INTO hotel_images (hotel_id, image_url, alt_text, sort_order) VALUES (51, 'https://daydreamhub.com/wp-content/uploads/2025/08/IMG_2212.jpg', 'Act One Act Two/ 3Bedroom - Image 7', 6);
INSERT INTO hotels (id, name, slug, description, city, country, address, rating, thumbnail_url, categories, amenities, property_type, is_active) VALUES (52, 'Bahwan Tower / 3Bedroom + MR', 'vera-tower-2-bedroom-apartment-copy', 'Bahwan Tower Downtown Dubai is close to popular leisure destinations and commercial districts. Burj Khalifa, Dubai Fountain, The Dubai Mall, Dubai Opera and DIFC, Dubai are well within reach.

Bahwan Tower Downtown Dubai is the first freehold property by the developer. It features contemporary architecture topped with Italian porcelain tiles on walls and floors and European sanitary fittings. Each apartment has a German close-concept kitchen with dedicated space for laundry.', 'Dubai', 'UAE', '', 0, 'https://daydreamhub.com/wp-content/uploads/2025/08/IMG_2212.jpg', '["daycation","for_couple"]', '["Elevator in Building","Gym","Laundry Service","Parking on Premises","Pool","Air Conditioner (Cooling)","Air Conditioner (Heating)","Bathtub","Coffee maker","Desk/Workspace","Electric pot","Free Wi-Fi","Hair Dryer","Kitchen","Refrigerator","Shampoo","Shower","TEL","Toothbrush","Towels","TV"]', 'Apartment', 1);
INSERT INTO plans (hotel_id, name, description, price_usd, check_in_time, check_out_time, plan_type, max_guests, is_active) VALUES (52, '【20H】Over Night (prepayment)', '', 80, '15:00', '11:00', 'overnight', 2, 1);
INSERT INTO hotel_images (hotel_id, image_url, alt_text, sort_order) VALUES (52, 'https://daydreamhub.com/wp-content/uploads/2025/08/IMG_2212.jpg', 'Bahwan Tower / 3Bedroom + MR - Image 1', 0);
INSERT INTO hotel_images (hotel_id, image_url, alt_text, sort_order) VALUES (52, 'https://daydreamhub.com/wp-content/uploads/2025/08/IMG_2208.jpg', 'Bahwan Tower / 3Bedroom + MR - Image 2', 1);
INSERT INTO hotel_images (hotel_id, image_url, alt_text, sort_order) VALUES (52, 'https://daydreamhub.com/wp-content/uploads/2025/08/IMG_2253.jpg', 'Bahwan Tower / 3Bedroom + MR - Image 3', 2);
INSERT INTO hotel_images (hotel_id, image_url, alt_text, sort_order) VALUES (52, 'https://daydreamhub.com/wp-content/uploads/2025/08/IMG_2166.jpg', 'Bahwan Tower / 3Bedroom + MR - Image 4', 3);
INSERT INTO hotel_images (hotel_id, image_url, alt_text, sort_order) VALUES (52, 'https://daydreamhub.com/wp-content/uploads/2025/08/IMG_2215.jpg', 'Bahwan Tower / 3Bedroom + MR - Image 5', 4);
INSERT INTO hotel_images (hotel_id, image_url, alt_text, sort_order) VALUES (52, 'https://daydreamhub.com/wp-content/uploads/2025/08/IMG_2257.jpg', 'Bahwan Tower / 3Bedroom + MR - Image 6', 5);
INSERT INTO hotel_images (hotel_id, image_url, alt_text, sort_order) VALUES (52, 'https://daydreamhub.com/wp-content/uploads/2025/08/IMG_2190.jpg', 'Bahwan Tower / 3Bedroom + MR - Image 7', 6);
INSERT INTO hotels (id, name, slug, description, city, country, address, rating, thumbnail_url, categories, amenities, property_type, is_active) VALUES (53, 'Vera Tower / 2 Bedroom Apartment', 'vera-tower-2-bedroom-apartment', 'Just a 18-minute walk from The Dubai Fountain and 1.1 miles from Dubai Mall, Vera Residences Business Bay features accommodations in Dubai with an indoor pool. This property offers access to a balcony, free private parking, and free Wifi. Dubai World Trade Centre is 5.2 miles away and Grand Mosque is 8.4 miles from the apartment.

Offering direct access to a terrace, this air-conditioned apartment comes with 2 separate bedrooms and a fully equipped kitchen. A flat-screen TV is available. The accommodation is non-smoking.

The apartment also features a pool with a view and a sauna for guests to relax in.

Burj Khalifa is 2.1 miles from Vera Residences Business Bay, while City Walk Mall is 3.3 miles from the property. The nearest airport is Dubai International Airport, 9.3 miles from the accommodation.', 'Dubai', 'UAE', '', 8, 'https://daydreamhub.com/wp-content/uploads/2025/08/fb27dd9c-1a9b-41ca-ad23-e303732f30f3.jpeg', '["daycation","for_couple"]', '["Elevator in Building","Gym","Laundry Service","Parking on Premises","Pool","Sauna","Air Conditioner (Cooling)","Air Conditioner (Heating)","Bathtub","Coffee maker","Desk/Workspace","Electric pot","Free Wi-Fi","Hair Dryer","Kitchen","Refrigerator","Shampoo","Shower","TEL","Toothbrush","Towels","TV"]', 'Apartment', 1);
INSERT INTO plans (hotel_id, name, description, price_usd, check_in_time, check_out_time, plan_type, max_guests, is_active) VALUES (53, '【20H】Over Night (prepayment)', '', 80, '15:00', '11:00', 'overnight', 2, 1);
INSERT INTO hotel_images (hotel_id, image_url, alt_text, sort_order) VALUES (53, 'https://daydreamhub.com/wp-content/uploads/2025/08/fb27dd9c-1a9b-41ca-ad23-e303732f30f3.jpeg', 'Vera Tower / 2 Bedroom Apartment - Image 1', 0);
INSERT INTO hotel_images (hotel_id, image_url, alt_text, sort_order) VALUES (53, 'https://daydreamhub.com/wp-content/uploads/2025/08/43cee976-9af3-47db-9b14-da6e4a608a39.jpeg', 'Vera Tower / 2 Bedroom Apartment - Image 2', 1);
INSERT INTO hotel_images (hotel_id, image_url, alt_text, sort_order) VALUES (53, 'https://daydreamhub.com/wp-content/uploads/2025/08/3281da06-8d79-4046-9803-d123d655a5f3.jpeg', 'Vera Tower / 2 Bedroom Apartment - Image 3', 2);
INSERT INTO hotel_images (hotel_id, image_url, alt_text, sort_order) VALUES (53, 'https://daydreamhub.com/wp-content/uploads/2025/08/496a23a4-7500-40dd-9b19-a0a4ee532fea.jpeg', 'Vera Tower / 2 Bedroom Apartment - Image 4', 3);
INSERT INTO hotel_images (hotel_id, image_url, alt_text, sort_order) VALUES (53, 'https://daydreamhub.com/wp-content/uploads/2025/08/647eac87-e10e-42d7-ac8e-4b69b5b6e18f.jpeg', 'Vera Tower / 2 Bedroom Apartment - Image 5', 4);
INSERT INTO hotel_images (hotel_id, image_url, alt_text, sort_order) VALUES (53, 'https://daydreamhub.com/wp-content/uploads/2025/08/5cf5fdab-643e-4a96-ab88-2dcb13f3ba2d.jpeg', 'Vera Tower / 2 Bedroom Apartment - Image 6', 5);
INSERT INTO hotel_images (hotel_id, image_url, alt_text, sort_order) VALUES (53, 'https://daydreamhub.com/wp-content/uploads/2025/08/3263e67f-0a60-458a-a7e0-776d4505eb6b.jpeg', 'Vera Tower / 2 Bedroom Apartment - Image 7', 6);
INSERT INTO hotel_images (hotel_id, image_url, alt_text, sort_order) VALUES (53, 'https://daydreamhub.com/wp-content/uploads/2025/08/6aea2bd9-8da9-4978-92e7-2f16161e999e.jpeg', 'Vera Tower / 2 Bedroom Apartment - Image 8', 7);
INSERT INTO hotels (id, name, slug, description, city, country, address, rating, thumbnail_url, categories, amenities, property_type, is_active) VALUES (54, 'Forte Tower 1 / 2 Bedroom Apartment', 'forte-tower-1-2-bedroom-apartment-copy', 'Forte Tower 1 in Dubai offers a spacious apartment with three bedrooms and three bathrooms. The property features a balcony with a view, air-conditioning, and a fully equipped kitchen.
 Guests can enjoy a fitness center, sun terrace, year-round outdoor swimming pool, and free WiFi. Additional amenities include a lounge, elevator, concierge service, indoor play area, laundry service, outdoor seating area, games room, and children’s playground.

Located in Downtown Dubai, the apartment is an 8-minute walk from Burj Khalifa and 0.6 mi from Dubai Mall. Dubai International Airport is 8.7 mi away. Nearby attractions include The Dubai Fountain and City Walk Mall.', 'Dubai', 'UAE', '', 0, 'https://daydreamhub.com/wp-content/uploads/2025/08/DSC00188.jpg', '["daycation","for_couple"]', '["Elevator in Building","Gym","Laundry Service","Parking on Premises","Pool","Air Conditioner (Cooling)","Air Conditioner (Heating)","Bathtub","Coffee maker","Desk/Workspace","Electric pot","Free Wi-Fi","Hair Dryer","Kitchen","Refrigerator","Shampoo","Shower","TEL","Toothbrush","Towels","TV"]', 'Apartment', 1);
INSERT INTO plans (hotel_id, name, description, price_usd, check_in_time, check_out_time, plan_type, max_guests, is_active) VALUES (54, '【20H】Over Night (prepayment)', '', 80, '15:00', '11:00', 'overnight', 2, 1);
INSERT INTO hotel_images (hotel_id, image_url, alt_text, sort_order) VALUES (54, 'https://daydreamhub.com/wp-content/uploads/2025/08/DSC00188.jpg', 'Forte Tower 1 / 2 Bedroom Apartment - Image 1', 0);
INSERT INTO hotel_images (hotel_id, image_url, alt_text, sort_order) VALUES (54, 'https://daydreamhub.com/wp-content/uploads/2025/08/DSC00199.jpg', 'Forte Tower 1 / 2 Bedroom Apartment - Image 2', 1);
INSERT INTO hotel_images (hotel_id, image_url, alt_text, sort_order) VALUES (54, 'https://daydreamhub.com/wp-content/uploads/2025/08/DSC00150.jpg', 'Forte Tower 1 / 2 Bedroom Apartment - Image 3', 2);
INSERT INTO hotel_images (hotel_id, image_url, alt_text, sort_order) VALUES (54, 'https://daydreamhub.com/wp-content/uploads/2025/08/DSC00177.jpg', 'Forte Tower 1 / 2 Bedroom Apartment - Image 4', 3);
INSERT INTO hotel_images (hotel_id, image_url, alt_text, sort_order) VALUES (54, 'https://daydreamhub.com/wp-content/uploads/2025/08/DSC00224.jpg', 'Forte Tower 1 / 2 Bedroom Apartment - Image 5', 4);
INSERT INTO hotel_images (hotel_id, image_url, alt_text, sort_order) VALUES (54, 'https://daydreamhub.com/wp-content/uploads/2025/08/IMG_3530.jpg', 'Forte Tower 1 / 2 Bedroom Apartment - Image 6', 5);
INSERT INTO hotel_images (hotel_id, image_url, alt_text, sort_order) VALUES (54, 'https://daydreamhub.com/wp-content/uploads/2025/08/IMG_3481.jpg', 'Forte Tower 1 / 2 Bedroom Apartment - Image 7', 6);
INSERT INTO hotel_images (hotel_id, image_url, alt_text, sort_order) VALUES (54, 'https://daydreamhub.com/wp-content/uploads/2025/08/IMG_3475.jpg', 'Forte Tower 1 / 2 Bedroom Apartment - Image 8', 7);
INSERT INTO hotels (id, name, slug, description, city, country, address, rating, thumbnail_url, categories, amenities, property_type, is_active) VALUES (55, 'Shamsan Airport Hotel / Executive Suite', 'shamsan-airport-hotel-executive-suite', '※The Morning Plan is not available for same-day reservations.
 Bookings must be made by 6:00 PM on the previous day.
 ————————————————
 Comfortable Accommodations: Shamsan Airport Hotel in Tashkent offers family rooms with air-conditioning, balconies, and private bathrooms. Each room includes a tea and coffee maker, work desk, and free WiFi.

Wellness and Leisure: Guests can enjoy spa facilities, a sauna, indoor swimming pool, fitness center, and terrace. Additional amenities include a steam room, hammam, and indoor play area.

Dining Experience: The family-friendly restaurant serves halal breakfast, brunch, lunch, dinner, high tea, and cocktails. Cuisines include seafood, Turkish, Russian, local, Asian, and international.

Convenient Location: Located 1.2 mi from Islam Karimov Tashkent International Airport, the hotel is near an ice-skating rink. Free on-site private parking is available.', 'Tashkent', 'Uzbekistan', '', 0, 'https://daydreamhub.com/wp-content/uploads/2025/08/Suite12.jpg', '["daycation","for_couple"]', '["ATM","Bar / Restaurant","Currency Exchange","Elevator in Building","Gym","Laundry Service","Luggage Storage","Massage","Parking on Premises","Pool","Sauna","Wheelchair Accessible","Air Conditioner (Cooling)","Air Conditioner (Heating)","Bathtub","Coffee maker","Desk/Workspace","Electric pot","Free Wi-Fi","Hair Dryer","Refrigerator","Shampoo","Shower","TEL","Toothbrush","Towels","TV"]', 'Hotel', 1);
INSERT INTO plans (hotel_id, name, description, price_usd, check_in_time, check_out_time, plan_type, max_guests, is_active) VALUES (55, '【6H】Morning(prepayment)', '', 100, '6:00', '12:00', 'daycation', 2, 1);
INSERT INTO plans (hotel_id, name, description, price_usd, check_in_time, check_out_time, plan_type, max_guests, is_active) VALUES (55, '【10H】Daytime (prepayment)', '', 110, '10:00', '20:00', 'daycation', 2, 1);
INSERT INTO plans (hotel_id, name, description, price_usd, check_in_time, check_out_time, plan_type, max_guests, is_active) VALUES (55, '【28H】Overnight(prepayment)', '', 120, '8:00', '12:00', 'overnight', 2, 1);
INSERT INTO hotel_images (hotel_id, image_url, alt_text, sort_order) VALUES (55, 'https://daydreamhub.com/wp-content/uploads/2025/08/Suite12.jpg', 'Shamsan Airport Hotel / Executive Suite - Image 1', 0);
INSERT INTO hotel_images (hotel_id, image_url, alt_text, sort_order) VALUES (55, 'https://daydreamhub.com/wp-content/uploads/2025/08/Suite1.jpg', 'Shamsan Airport Hotel / Executive Suite - Image 2', 1);
INSERT INTO hotel_images (hotel_id, image_url, alt_text, sort_order) VALUES (55, 'https://daydreamhub.com/wp-content/uploads/2025/08/Suite2.jpg', 'Shamsan Airport Hotel / Executive Suite - Image 3', 2);
INSERT INTO hotel_images (hotel_id, image_url, alt_text, sort_order) VALUES (55, 'https://daydreamhub.com/wp-content/uploads/2025/08/Suite3.jpg', 'Shamsan Airport Hotel / Executive Suite - Image 4', 3);
INSERT INTO hotel_images (hotel_id, image_url, alt_text, sort_order) VALUES (55, 'https://daydreamhub.com/wp-content/uploads/2025/08/Suite4.jpg', 'Shamsan Airport Hotel / Executive Suite - Image 5', 4);
INSERT INTO hotel_images (hotel_id, image_url, alt_text, sort_order) VALUES (55, 'https://daydreamhub.com/wp-content/uploads/2025/08/Suite5.jpg', 'Shamsan Airport Hotel / Executive Suite - Image 6', 5);
INSERT INTO hotel_images (hotel_id, image_url, alt_text, sort_order) VALUES (55, 'https://daydreamhub.com/wp-content/uploads/2025/08/Suite6.jpg', 'Shamsan Airport Hotel / Executive Suite - Image 7', 6);
INSERT INTO hotel_images (hotel_id, image_url, alt_text, sort_order) VALUES (55, 'https://daydreamhub.com/wp-content/uploads/2025/08/Suite7.jpg', 'Shamsan Airport Hotel / Executive Suite - Image 8', 7);
INSERT INTO hotel_images (hotel_id, image_url, alt_text, sort_order) VALUES (55, 'https://daydreamhub.com/wp-content/uploads/2025/08/Suite8.jpg', 'Shamsan Airport Hotel / Executive Suite - Image 9', 8);
INSERT INTO hotel_images (hotel_id, image_url, alt_text, sort_order) VALUES (55, 'https://daydreamhub.com/wp-content/uploads/2025/08/Suite9.jpg', 'Shamsan Airport Hotel / Executive Suite - Image 10', 9);
INSERT INTO hotel_images (hotel_id, image_url, alt_text, sort_order) VALUES (55, 'https://daydreamhub.com/wp-content/uploads/2025/08/Suite10.jpg', 'Shamsan Airport Hotel / Executive Suite - Image 11', 10);
INSERT INTO hotel_images (hotel_id, image_url, alt_text, sort_order) VALUES (55, 'https://daydreamhub.com/wp-content/uploads/2025/08/Suite11.jpg', 'Shamsan Airport Hotel / Executive Suite - Image 12', 11);
INSERT INTO hotel_images (hotel_id, image_url, alt_text, sort_order) VALUES (55, 'https://daydreamhub.com/wp-content/uploads/2025/08/Suite13.jpg', 'Shamsan Airport Hotel / Executive Suite - Image 13', 12);
INSERT INTO hotel_images (hotel_id, image_url, alt_text, sort_order) VALUES (55, 'https://daydreamhub.com/wp-content/uploads/2025/08/Suite14.jpg', 'Shamsan Airport Hotel / Executive Suite - Image 14', 13);
INSERT INTO hotels (id, name, slug, description, city, country, address, rating, thumbnail_url, categories, amenities, property_type, is_active) VALUES (56, 'Shamsan Airport Hotel / Superior King size', 'shamsan-airport-hotel-superior-king-size', '※The Morning Plan is not available for same-day reservations.
 Bookings must be made by 6:00 PM on the previous day.
 ————————————————
 Comfortable Accommodations: Shamsan Airport Hotel in Tashkent offers family rooms with air-conditioning, balconies, and private bathrooms. Each room includes a tea and coffee maker, work desk, and free WiFi.

Wellness and Leisure: Guests can enjoy spa facilities, a sauna, indoor swimming pool, fitness center, and terrace. Additional amenities include a steam room, hammam, and indoor play area.

Dining Experience: The family-friendly restaurant serves halal breakfast, brunch, lunch, dinner, high tea, and cocktails. Cuisines include seafood, Turkish, Russian, local, Asian, and international.

Convenient Location: Located 1.2 mi from Islam Karimov Tashkent International Airport, the hotel is near an ice-skating rink. Free on-site private parking is available.', 'Tashkent', 'Uzbekistan', '', 0, 'https://daydreamhub.com/wp-content/uploads/2025/08/sup18.jpg', '["daycation","for_couple"]', '["ATM","Bar / Restaurant","Currency Exchange","Elevator in Building","Gym","Laundry Service","Luggage Storage","Massage","Parking on Premises","Pool","Sauna","Wheelchair Accessible","Air Conditioner (Cooling)","Air Conditioner (Heating)","Bathtub","Coffee maker","Desk/Workspace","Electric pot","Free Wi-Fi","Hair Dryer","Refrigerator","Shampoo","Shower","TEL","Toothbrush","Towels","TV"]', 'Hotel', 1);
INSERT INTO plans (hotel_id, name, description, price_usd, check_in_time, check_out_time, plan_type, max_guests, is_active) VALUES (56, '【6H】Morning(prepayment)', '', 90, '6:00', '12:00', 'daycation', 2, 1);
INSERT INTO plans (hotel_id, name, description, price_usd, check_in_time, check_out_time, plan_type, max_guests, is_active) VALUES (56, '【10H】Daytime (prepayment)', '', 100, '10:00', '20:00', 'daycation', 2, 1);
INSERT INTO plans (hotel_id, name, description, price_usd, check_in_time, check_out_time, plan_type, max_guests, is_active) VALUES (56, '【28H】Overnight(prepayment)', '', 110, '8:00', '12:00', 'overnight', 2, 1);
INSERT INTO hotel_images (hotel_id, image_url, alt_text, sort_order) VALUES (56, 'https://daydreamhub.com/wp-content/uploads/2025/08/sup18.jpg', 'Shamsan Airport Hotel / Superior King size - Image 1', 0);
INSERT INTO hotel_images (hotel_id, image_url, alt_text, sort_order) VALUES (56, 'https://daydreamhub.com/wp-content/uploads/2025/08/sup10.jpg', 'Shamsan Airport Hotel / Superior King size - Image 2', 1);
INSERT INTO hotel_images (hotel_id, image_url, alt_text, sort_order) VALUES (56, 'https://daydreamhub.com/wp-content/uploads/2025/08/sup19.jpg', 'Shamsan Airport Hotel / Superior King size - Image 3', 2);
INSERT INTO hotel_images (hotel_id, image_url, alt_text, sort_order) VALUES (56, 'https://daydreamhub.com/wp-content/uploads/2025/08/sup17.jpg', 'Shamsan Airport Hotel / Superior King size - Image 4', 3);
INSERT INTO hotel_images (hotel_id, image_url, alt_text, sort_order) VALUES (56, 'https://daydreamhub.com/wp-content/uploads/2025/08/sup15.jpg', 'Shamsan Airport Hotel / Superior King size - Image 5', 4);
INSERT INTO hotel_images (hotel_id, image_url, alt_text, sort_order) VALUES (56, 'https://daydreamhub.com/wp-content/uploads/2025/08/sup14.jpg', 'Shamsan Airport Hotel / Superior King size - Image 6', 5);
INSERT INTO hotel_images (hotel_id, image_url, alt_text, sort_order) VALUES (56, 'https://daydreamhub.com/wp-content/uploads/2025/08/sup13.jpg', 'Shamsan Airport Hotel / Superior King size - Image 7', 6);
INSERT INTO hotel_images (hotel_id, image_url, alt_text, sort_order) VALUES (56, 'https://daydreamhub.com/wp-content/uploads/2025/08/sup12.jpg', 'Shamsan Airport Hotel / Superior King size - Image 8', 7);
INSERT INTO hotel_images (hotel_id, image_url, alt_text, sort_order) VALUES (56, 'https://daydreamhub.com/wp-content/uploads/2025/08/sup11.jpg', 'Shamsan Airport Hotel / Superior King size - Image 9', 8);
INSERT INTO hotel_images (hotel_id, image_url, alt_text, sort_order) VALUES (56, 'https://daydreamhub.com/wp-content/uploads/2025/08/Sup1.jpg', 'Shamsan Airport Hotel / Superior King size - Image 10', 9);
INSERT INTO hotel_images (hotel_id, image_url, alt_text, sort_order) VALUES (56, 'https://daydreamhub.com/wp-content/uploads/2025/08/Sup8.jpg', 'Shamsan Airport Hotel / Superior King size - Image 11', 10);
INSERT INTO hotel_images (hotel_id, image_url, alt_text, sort_order) VALUES (56, 'https://daydreamhub.com/wp-content/uploads/2025/08/Sup7.jpg', 'Shamsan Airport Hotel / Superior King size - Image 12', 11);
INSERT INTO hotel_images (hotel_id, image_url, alt_text, sort_order) VALUES (56, 'https://daydreamhub.com/wp-content/uploads/2025/08/Sup6.jpg', 'Shamsan Airport Hotel / Superior King size - Image 13', 12);
INSERT INTO hotel_images (hotel_id, image_url, alt_text, sort_order) VALUES (56, 'https://daydreamhub.com/wp-content/uploads/2025/08/sup5.jpg', 'Shamsan Airport Hotel / Superior King size - Image 14', 13);
INSERT INTO hotel_images (hotel_id, image_url, alt_text, sort_order) VALUES (56, 'https://daydreamhub.com/wp-content/uploads/2025/08/Sup4.jpg', 'Shamsan Airport Hotel / Superior King size - Image 15', 14);
INSERT INTO hotel_images (hotel_id, image_url, alt_text, sort_order) VALUES (56, 'https://daydreamhub.com/wp-content/uploads/2025/08/Sup3.jpg', 'Shamsan Airport Hotel / Superior King size - Image 16', 15);
INSERT INTO hotel_images (hotel_id, image_url, alt_text, sort_order) VALUES (56, 'https://daydreamhub.com/wp-content/uploads/2025/08/Sup2.jpg', 'Shamsan Airport Hotel / Superior King size - Image 17', 16);
INSERT INTO hotels (id, name, slug, description, city, country, address, rating, thumbnail_url, categories, amenities, property_type, is_active) VALUES (57, 'Shamsan Airport Hotel / Twin Room', 'shamsan-airport-hotel-twin-room', '※The Morning Plan is not available for same-day reservations.
 Bookings must be made by 6:00 PM on the previous day.
 ————————————————
 Comfortable Accommodations: Shamsan Airport Hotel in Tashkent offers family rooms with air-conditioning, balconies, and private bathrooms. Each room includes a tea and coffee maker, work desk, and free WiFi.

Wellness and Leisure: Guests can enjoy spa facilities, a sauna, indoor swimming pool, fitness center, and terrace. Additional amenities include a steam room, hammam, and indoor play area.

Dining Experience: The family-friendly restaurant serves halal breakfast, brunch, lunch, dinner, high tea, and cocktails. Cuisines include seafood, Turkish, Russian, local, Asian, and international.

Convenient Location: Located 1.2 mi from Islam Karimov Tashkent International Airport, the hotel is near an ice-skating rink. Free on-site private parking is available.', 'Tashkent', 'Uzbekistan', '', 0, 'https://daydreamhub.com/wp-content/uploads/2025/08/TWN3.jpg', '["daycation","for_couple"]', '["ATM","Bar / Restaurant","Currency Exchange","Elevator in Building","Gym","Laundry Service","Luggage Storage","Massage","Parking on Premises","Pool","Sauna","Wheelchair Accessible","Air Conditioner (Cooling)","Air Conditioner (Heating)","Bathtub","Coffee maker","Desk/Workspace","Electric pot","Free Wi-Fi","Hair Dryer","Refrigerator","Shampoo","Shower","TEL","Toothbrush","Towels","TV"]', 'Hotel', 1);
INSERT INTO plans (hotel_id, name, description, price_usd, check_in_time, check_out_time, plan_type, max_guests, is_active) VALUES (57, '【6H】Morning(prepayment)', '', 65, '6:00', '12:00', 'daycation', 2, 1);
INSERT INTO plans (hotel_id, name, description, price_usd, check_in_time, check_out_time, plan_type, max_guests, is_active) VALUES (57, '【10H】Daytime (prepayment)', '', 70, '10:00', '20:00', 'daycation', 2, 1);
INSERT INTO plans (hotel_id, name, description, price_usd, check_in_time, check_out_time, plan_type, max_guests, is_active) VALUES (57, '【28H】Overnight(prepayment)', '', 80, '8:00', '12:00', 'overnight', 2, 1);
INSERT INTO hotel_images (hotel_id, image_url, alt_text, sort_order) VALUES (57, 'https://daydreamhub.com/wp-content/uploads/2025/08/TWN3.jpg', 'Shamsan Airport Hotel / Twin Room - Image 1', 0);
INSERT INTO hotel_images (hotel_id, image_url, alt_text, sort_order) VALUES (57, 'https://daydreamhub.com/wp-content/uploads/2025/08/TWN1.jpg', 'Shamsan Airport Hotel / Twin Room - Image 2', 1);
INSERT INTO hotel_images (hotel_id, image_url, alt_text, sort_order) VALUES (57, 'https://daydreamhub.com/wp-content/uploads/2025/08/TWN2.jpg', 'Shamsan Airport Hotel / Twin Room - Image 3', 2);
INSERT INTO hotel_images (hotel_id, image_url, alt_text, sort_order) VALUES (57, 'https://daydreamhub.com/wp-content/uploads/2025/08/TWN4.jpg', 'Shamsan Airport Hotel / Twin Room - Image 4', 3);
INSERT INTO hotel_images (hotel_id, image_url, alt_text, sort_order) VALUES (57, 'https://daydreamhub.com/wp-content/uploads/2025/08/TWN5.jpg', 'Shamsan Airport Hotel / Twin Room - Image 5', 4);
INSERT INTO hotel_images (hotel_id, image_url, alt_text, sort_order) VALUES (57, 'https://daydreamhub.com/wp-content/uploads/2025/08/TWN6.jpg', 'Shamsan Airport Hotel / Twin Room - Image 6', 5);
INSERT INTO hotels (id, name, slug, description, city, country, address, rating, thumbnail_url, categories, amenities, property_type, is_active) VALUES (58, 'My Dream Boutique Resort / Deluxe Garden', 'my-dream-boutique-resort-deluxe-garden', '※The Morning Plan is not available for same-day reservations.
 Bookings must be made by 6:00 PM on the previous day.
 ————————————————
 Located by the Nam Khan River, My Dream Boutique Resort offers nonsmoking rooms with a private balcony. Guests can enjoy meals at the open-air restaurant on site. The resort also features an outdoor swimming pool, free WiFi and free bicycles for rent.

Cozy rooms come with elegant wooden interiors and have plenty of natural light. Each is equipped with a cable TV and personal safe. Shower facilities and toiletries are included.', 'Luang Prabang', 'Laos', '', 5, 'https://daydreamhub.com/wp-content/uploads/2025/08/692958770.jpg', '["daycation","for_couple"]', '["Bar / Restaurant","Laundry Service","Luggage Storage","Pool","Air Conditioner (Cooling)","Air Conditioner (Heating)","Bathtub","Coffee maker","Desk/Workspace","Electric pot","Free Wi-Fi","Hair Dryer","Night wear","Refrigerator","Shampoo","Shower","TEL","Toothbrush","Towels","TV"]', 'Hotel', 1);
INSERT INTO plans (hotel_id, name, description, price_usd, check_in_time, check_out_time, plan_type, max_guests, is_active) VALUES (58, '【22H】Overnight(prepayment)', '', 55, '14:00', '12:00', 'overnight', 2, 1);
INSERT INTO hotel_images (hotel_id, image_url, alt_text, sort_order) VALUES (58, 'https://daydreamhub.com/wp-content/uploads/2025/08/692958770.jpg', 'My Dream Boutique Resort / Deluxe Garden - Image 1', 0);
INSERT INTO hotel_images (hotel_id, image_url, alt_text, sort_order) VALUES (58, 'https://daydreamhub.com/wp-content/uploads/2025/08/PM200608.jpg', 'My Dream Boutique Resort / Deluxe Garden - Image 2', 1);
INSERT INTO hotel_images (hotel_id, image_url, alt_text, sort_order) VALUES (58, 'https://daydreamhub.com/wp-content/uploads/2025/08/PM200535-HDR-Edit.jpg', 'My Dream Boutique Resort / Deluxe Garden - Image 3', 2);
INSERT INTO hotel_images (hotel_id, image_url, alt_text, sort_order) VALUES (58, 'https://daydreamhub.com/wp-content/uploads/2025/08/TIA5965.jpg', 'My Dream Boutique Resort / Deluxe Garden - Image 4', 3);
INSERT INTO hotel_images (hotel_id, image_url, alt_text, sort_order) VALUES (58, 'https://daydreamhub.com/wp-content/uploads/2025/08/PM200550-HDR-Edit-Edit.jpg', 'My Dream Boutique Resort / Deluxe Garden - Image 5', 4);
INSERT INTO hotel_images (hotel_id, image_url, alt_text, sort_order) VALUES (58, 'https://daydreamhub.com/wp-content/uploads/2025/08/PM209419.jpg', 'My Dream Boutique Resort / Deluxe Garden - Image 6', 5);
INSERT INTO hotels (id, name, slug, description, city, country, address, rating, thumbnail_url, categories, amenities, property_type, is_active) VALUES (59, 'City center 1R studio with perfect view, parking', 'northern-apartments-furnished-studio-apartment-copy', '※The Morning Plan is not available for same-day reservations.
 Bookings must be made by 6:00 PM on the previous day.
 ————————————————
 Comfortable Accommodations: Lovely Northern Apartment in Oulu offers a one-bedroom apartment with a balcony. The property features a fully equipped kitchen, washing machine, and free WiFi.

Convenient Facilities: Guests benefit from private check-in and check-out, a paid shuttle service, elevator, 24-hour front desk, family rooms, bicycle parking, and express services.

Prime Location: Located 8.1 mi from Oulu Airport, the apartment is a 19-minute walk from Oulu Railway Station, 1.2 mi from Oulu Bus Station and University of Applied, and City Hall. Nearby attractions include Ouluhalli (1.9 mi) and Oulu Golf Club (9.9 mi). Guests appreciate the convenient location.', 'Oulu', 'Finland', '', 0, 'https://daydreamhub.com/wp-content/uploads/2025/09/IMG_2237.jpg', '["daycation","for_couple"]', '["Elevator in Building","Laundry Service","Parking on Premises","Air Conditioner (Heating)","Coffee maker","Desk/Workspace","Electric pot","Free Wi-Fi","Hair Dryer","Kitchen","Refrigerator","Shampoo","Shower","Towels","TV"]', 'Apartment', 1);
INSERT INTO plans (hotel_id, name, description, price_usd, check_in_time, check_out_time, plan_type, max_guests, is_active) VALUES (59, '【20H】Overnight(prepayment)', '', 82, '15:00', '11:00', 'overnight', 2, 1);
INSERT INTO hotel_images (hotel_id, image_url, alt_text, sort_order) VALUES (59, 'https://daydreamhub.com/wp-content/uploads/2025/09/IMG_2237.jpg', 'City center 1R studio with perfect view, parking - Image 1', 0);
INSERT INTO hotel_images (hotel_id, image_url, alt_text, sort_order) VALUES (59, 'https://daydreamhub.com/wp-content/uploads/2025/09/IMG_2256.jpg', 'City center 1R studio with perfect view, parking - Image 2', 1);
INSERT INTO hotel_images (hotel_id, image_url, alt_text, sort_order) VALUES (59, 'https://daydreamhub.com/wp-content/uploads/2025/09/IMG_2229.jpg', 'City center 1R studio with perfect view, parking - Image 3', 2);
INSERT INTO hotel_images (hotel_id, image_url, alt_text, sort_order) VALUES (59, 'https://daydreamhub.com/wp-content/uploads/2025/09/IMG_2257.jpg', 'City center 1R studio with perfect view, parking - Image 4', 3);
INSERT INTO hotel_images (hotel_id, image_url, alt_text, sort_order) VALUES (59, 'https://daydreamhub.com/wp-content/uploads/2025/09/IMG_2259.jpg', 'City center 1R studio with perfect view, parking - Image 5', 4);
INSERT INTO hotel_images (hotel_id, image_url, alt_text, sort_order) VALUES (59, 'https://daydreamhub.com/wp-content/uploads/2025/09/IMG_2267.jpg', 'City center 1R studio with perfect view, parking - Image 6', 5);
INSERT INTO hotel_images (hotel_id, image_url, alt_text, sort_order) VALUES (59, 'https://daydreamhub.com/wp-content/uploads/2025/09/IMG_2249.jpg', 'City center 1R studio with perfect view, parking - Image 7', 6);
INSERT INTO hotel_images (hotel_id, image_url, alt_text, sort_order) VALUES (59, 'https://daydreamhub.com/wp-content/uploads/2025/09/IMG_2311-1.jpg', 'City center 1R studio with perfect view, parking - Image 8', 7);
INSERT INTO hotel_images (hotel_id, image_url, alt_text, sort_order) VALUES (59, 'https://daydreamhub.com/wp-content/uploads/2025/09/IMG_2273.jpg', 'City center 1R studio with perfect view, parking - Image 9', 8);
INSERT INTO hotel_images (hotel_id, image_url, alt_text, sort_order) VALUES (59, 'https://daydreamhub.com/wp-content/uploads/2025/09/IMG_2275.jpg', 'City center 1R studio with perfect view, parking - Image 10', 9);
INSERT INTO hotels (id, name, slug, description, city, country, address, rating, thumbnail_url, categories, amenities, property_type, is_active) VALUES (60, 'The  Address Opera Tower 1 / 2 Bedroom Apartment', 'the-address-opera-tower-1-2-bedroom-apartment', 'Downtown – Address Residences Opera T1 1603 offers a great location, putting you within a 15-minute walk of Dubai Mall and Burj Khalifa. Other highlights include a fitness centre and a garden. The property is only a short walk to public transportation: Burj Khalifa – Dubai Mall Station is 11 minutes away.', 'Dubai', 'UAE', '', 0, 'https://daydreamhub.com/wp-content/uploads/2025/08/Bedroom-5.jpg', '["daycation","for_couple"]', '["Elevator in Building","Gym","Laundry Service","Parking on Premises","Pool","Air Conditioner (Cooling)","Air Conditioner (Heating)","Bathtub","Coffee maker","Desk/Workspace","Electric pot","Free Wi-Fi","Hair Dryer","Kitchen","Refrigerator","Shampoo","Shower","TEL","Toothbrush","Towels","TV"]', 'Apartment', 1);
INSERT INTO plans (hotel_id, name, description, price_usd, check_in_time, check_out_time, plan_type, max_guests, is_active) VALUES (60, '【20H】Over Night (prepayment)', '', 80, '15:00', '11:00', 'overnight', 2, 1);
INSERT INTO hotel_images (hotel_id, image_url, alt_text, sort_order) VALUES (60, 'https://daydreamhub.com/wp-content/uploads/2025/08/Bedroom-5.jpg', 'The  Address Opera Tower 1 / 2 Bedroom Apartment - Image 1', 0);
INSERT INTO hotel_images (hotel_id, image_url, alt_text, sort_order) VALUES (60, 'https://daydreamhub.com/wp-content/uploads/2025/08/Bedroom-7.jpg', 'The  Address Opera Tower 1 / 2 Bedroom Apartment - Image 2', 1);
INSERT INTO hotel_images (hotel_id, image_url, alt_text, sort_order) VALUES (60, 'https://daydreamhub.com/wp-content/uploads/2025/08/Living-room-5.jpg', 'The  Address Opera Tower 1 / 2 Bedroom Apartment - Image 3', 2);
INSERT INTO hotel_images (hotel_id, image_url, alt_text, sort_order) VALUES (60, 'https://daydreamhub.com/wp-content/uploads/2025/08/Living-room-3.jpg', 'The  Address Opera Tower 1 / 2 Bedroom Apartment - Image 4', 3);
INSERT INTO hotel_images (hotel_id, image_url, alt_text, sort_order) VALUES (60, 'https://daydreamhub.com/wp-content/uploads/2025/08/Bathroom-2.jpg', 'The  Address Opera Tower 1 / 2 Bedroom Apartment - Image 5', 4);
INSERT INTO hotel_images (hotel_id, image_url, alt_text, sort_order) VALUES (60, 'https://daydreamhub.com/wp-content/uploads/2025/08/Bathroom-1.jpg', 'The  Address Opera Tower 1 / 2 Bedroom Apartment - Image 6', 5);
INSERT INTO hotel_images (hotel_id, image_url, alt_text, sort_order) VALUES (60, 'https://daydreamhub.com/wp-content/uploads/2025/08/Gym-2.jpg', 'The  Address Opera Tower 1 / 2 Bedroom Apartment - Image 7', 6);
INSERT INTO hotels (id, name, slug, description, city, country, address, rating, thumbnail_url, categories, amenities, property_type, is_active) VALUES (61, 'Marina Vista T2 / 2 Bedroom Apartment', 'marina-vista-t2-2-bedroom-apartment', 'Marina Vista 2, Emaar Beachfront – Mint Stay offers a stylish apartment in Dubai. Guests enjoy sea views, air-conditioning, and a balcony. The property features a fully equipped kitchen, washing machine, and private bathroom.', 'Dubai', 'UAE', '', 0, 'https://daydreamhub.com/wp-content/uploads/2025/08/47c251ab-a862-4bd3-8e4d-e00faea720e6.jpeg', '["daycation","for_couple"]', '["Elevator in Building","Gym","Laundry Service","Parking on Premises","Pool","Air Conditioner (Cooling)","Air Conditioner (Heating)","Bathtub","Coffee maker","Desk/Workspace","Electric pot","Free Wi-Fi","Hair Dryer","Kitchen","Refrigerator","Shampoo","Shower","TEL","Toothbrush","Towels","TV"]', 'Hotel', 1);
INSERT INTO plans (hotel_id, name, description, price_usd, check_in_time, check_out_time, plan_type, max_guests, is_active) VALUES (61, '【20H】Over Night (prepayment)', '', 80, '15:00', '11:00', 'overnight', 2, 1);
INSERT INTO hotel_images (hotel_id, image_url, alt_text, sort_order) VALUES (61, 'https://daydreamhub.com/wp-content/uploads/2025/08/47c251ab-a862-4bd3-8e4d-e00faea720e6.jpeg', 'Marina Vista T2 / 2 Bedroom Apartment - Image 1', 0);
INSERT INTO hotel_images (hotel_id, image_url, alt_text, sort_order) VALUES (61, 'https://daydreamhub.com/wp-content/uploads/2025/08/8a718c41-fbfe-494a-8716-3750d5b67809.jpeg', 'Marina Vista T2 / 2 Bedroom Apartment - Image 2', 1);
INSERT INTO hotel_images (hotel_id, image_url, alt_text, sort_order) VALUES (61, 'https://daydreamhub.com/wp-content/uploads/2025/08/8a09843b-f94c-4656-b791-b726173d38a9.jpeg', 'Marina Vista T2 / 2 Bedroom Apartment - Image 3', 2);
INSERT INTO hotel_images (hotel_id, image_url, alt_text, sort_order) VALUES (61, 'https://daydreamhub.com/wp-content/uploads/2025/08/026a49c7-fcd6-43d5-99af-cb72aa74b2bc.jpeg', 'Marina Vista T2 / 2 Bedroom Apartment - Image 4', 3);
INSERT INTO hotel_images (hotel_id, image_url, alt_text, sort_order) VALUES (61, 'https://daydreamhub.com/wp-content/uploads/2025/08/aaead1e4-2243-4120-acd8-47634ea3aab6.jpeg', 'Marina Vista T2 / 2 Bedroom Apartment - Image 5', 4);
INSERT INTO hotels (id, name, slug, description, city, country, address, rating, thumbnail_url, categories, amenities, property_type, is_active) VALUES (62, 'Heart of Oulu, studio. Parking', 'northern-apartment-furnished-studio-apartment', '※The Morning Plan is not available for same-day reservations.
 Bookings must be made by 6:00 PM on the previous day.
 ————————————————
 Comfortable Accommodations: Lovely Northern Apartment in Oulu offers a one-bedroom apartment with a balcony. The property features a fully equipped kitchen, washing machine, and free WiFi.

Convenient Facilities: Guests benefit from private check-in and check-out, a paid shuttle service, elevator, 24-hour front desk, family rooms, bicycle parking, and express services.

Prime Location: Located 8.1 mi from Oulu Airport, the apartment is a 19-minute walk from Oulu Railway Station, 1.2 mi from Oulu Bus Station and University of Applied, and City Hall. Nearby attractions include Ouluhalli (1.9 mi) and Oulu Golf Club (9.9 mi). Guests appreciate the convenient location.', 'Oulu', 'Finland', '', 0, 'https://daydreamhub.com/wp-content/uploads/2025/08/IMG_2284.jpg', '["daycation","for_couple","for_work","luxury","personal_time"]', '["Elevator in Building","Laundry Service","Parking on Premises","Air Conditioner (Heating)","Coffee maker","Desk/Workspace","Electric pot","Free Wi-Fi","Hair Dryer","Kitchen","Refrigerator","Shampoo","Shower","Towels","TV"]', 'Apartment', 1);
INSERT INTO plans (hotel_id, name, description, price_usd, check_in_time, check_out_time, plan_type, max_guests, is_active) VALUES (62, '【20H】Overnight(prepayment)', '', 82, '15:00', '11:00', 'overnight', 2, 1);
INSERT INTO hotel_images (hotel_id, image_url, alt_text, sort_order) VALUES (62, 'https://daydreamhub.com/wp-content/uploads/2025/08/IMG_2284.jpg', 'Heart of Oulu, studio. Parking - Image 1', 0);
INSERT INTO hotel_images (hotel_id, image_url, alt_text, sort_order) VALUES (62, 'https://daydreamhub.com/wp-content/uploads/2025/09/IMG_2288.jpg', 'Heart of Oulu, studio. Parking - Image 2', 1);
INSERT INTO hotel_images (hotel_id, image_url, alt_text, sort_order) VALUES (62, 'https://daydreamhub.com/wp-content/uploads/2025/09/IMG_2320.jpg', 'Heart of Oulu, studio. Parking - Image 3', 2);
INSERT INTO hotel_images (hotel_id, image_url, alt_text, sort_order) VALUES (62, 'https://daydreamhub.com/wp-content/uploads/2025/09/IMG_2316.jpg', 'Heart of Oulu, studio. Parking - Image 4', 3);
INSERT INTO hotel_images (hotel_id, image_url, alt_text, sort_order) VALUES (62, 'https://daydreamhub.com/wp-content/uploads/2025/09/IMG_2308.jpg', 'Heart of Oulu, studio. Parking - Image 5', 4);
INSERT INTO hotel_images (hotel_id, image_url, alt_text, sort_order) VALUES (62, 'https://daydreamhub.com/wp-content/uploads/2025/09/IMG_2304.jpg', 'Heart of Oulu, studio. Parking - Image 6', 5);
INSERT INTO hotel_images (hotel_id, image_url, alt_text, sort_order) VALUES (62, 'https://daydreamhub.com/wp-content/uploads/2025/09/IMG_2303.jpg', 'Heart of Oulu, studio. Parking - Image 7', 6);
INSERT INTO hotel_images (hotel_id, image_url, alt_text, sort_order) VALUES (62, 'https://daydreamhub.com/wp-content/uploads/2025/09/IMG_2300.jpg', 'Heart of Oulu, studio. Parking - Image 8', 7);
INSERT INTO hotel_images (hotel_id, image_url, alt_text, sort_order) VALUES (62, 'https://daydreamhub.com/wp-content/uploads/2025/09/IMG_2299.jpg', 'Heart of Oulu, studio. Parking - Image 9', 8);
INSERT INTO hotel_images (hotel_id, image_url, alt_text, sort_order) VALUES (62, 'https://daydreamhub.com/wp-content/uploads/2025/09/IMG_2295.jpg', 'Heart of Oulu, studio. Parking - Image 10', 9);
INSERT INTO hotel_images (hotel_id, image_url, alt_text, sort_order) VALUES (62, 'https://daydreamhub.com/wp-content/uploads/2025/09/IMG_2285.jpg', 'Heart of Oulu, studio. Parking - Image 11', 10);
INSERT INTO hotel_images (hotel_id, image_url, alt_text, sort_order) VALUES (62, 'https://daydreamhub.com/wp-content/uploads/2025/10/IMG_2279.jpg', 'Heart of Oulu, studio. Parking - Image 12', 11);
INSERT INTO hotels (id, name, slug, description, city, country, address, rating, thumbnail_url, categories, amenities, property_type, is_active) VALUES (63, 'Plaza Residences / Jumeirah Village Circle', 'plaza-residences-jumeirah-village-circle', '※The Morning Plan is not available for same-day reservations.
 Bookings must be made by 6:00 PM on the previous day.
 ————————————————
 Welcome to your stylish and comfortable home away from home in Plaza Residences, Jumeirah Village Circle. This one-bedroom apartment is perfect for solo travelers, couples, or small families seeking a relaxing and convenient stay in Dubai.

Apartment Highlights:

-One Bedroom: A spacious and cozy bedroom with access to a large private balcony, perfect for morning coffee or evening relaxation.

-1.5 Bathrooms: Enjoy the convenience of a full bathroom and a guest powder room.

-Open Kitchen: Fully equipped with modern appliances to make meal preparation a breeze.

-Living Area: A comfortable space to unwind, featuring contemporary furnishings and a relaxing ambiance.

-Balcony: Overlooking the serene community, the balcony provides the perfect spot to relax and enjoy the view.

Nearby Attractions:

-Circle Mall (5 minutes): A great spot for shopping, dining, and entertainment.

-Dubai Miracle Garden (10 minutes): A vibrant floral wonderland with stunning displays.

-Global Village (15 minutes): A cultural and shopping experience with pavilions from across the globe.

-Mall of the Emirates (20 minutes): Luxury shopping, Ski Dubai, and diverse dining options.

-JBR Beach & Dubai Marina (20 minutes): Perfect for sunbathing, watersports, and waterfront dining.

-Downtown Dubai (25 minutes): Explore the Burj Khalifa, Dubai Mall, and Dubai Fountain.

Guess Access

Building Amenities:

-Swimming Pool: Take a refreshing dip in the outdoor pool, ideal for both relaxation and exercise.

-Gym: Stay fit during your stay with access to a fully equipped fitness center.

-24/7 Security: Enjoy peace of mind with round-the-clock security services.

Interaction with Guests

To assist with the check-in procedure, our representative will be there. Additionally, you can get in touch with us using the details we provide once you make a reservation.', 'Dubai', 'UAE', '', 0, 'https://daydreamhub.com/wp-content/uploads/2025/08/IMG_5765-scaled-1.jpg', '["daycation","for_couple"]', '["Elevator in Building","Gym","Laundry Service","Parking on Premises","Pool","Air Conditioner (Cooling)","Air Conditioner (Heating)","Bathtub","Coffee maker","Desk/Workspace","Electric pot","Free Wi-Fi","Hair Dryer","Kitchen","Refrigerator","Shampoo","Shower","TEL","Toothbrush","Towels","TV"]', 'Hotel', 1);
INSERT INTO plans (hotel_id, name, description, price_usd, check_in_time, check_out_time, plan_type, max_guests, is_active) VALUES (63, 'Over Night (prepayment)', '', 80, '15:00', '11:00', 'overnight', 2, 1);
INSERT INTO hotel_images (hotel_id, image_url, alt_text, sort_order) VALUES (63, 'https://daydreamhub.com/wp-content/uploads/2025/08/IMG_5765-scaled-1.jpg', 'Plaza Residences / Jumeirah Village Circle - Image 1', 0);
INSERT INTO hotel_images (hotel_id, image_url, alt_text, sort_order) VALUES (63, 'https://daydreamhub.com/wp-content/uploads/2025/08/IMG_5768-1-scaled-1.jpg', 'Plaza Residences / Jumeirah Village Circle - Image 2', 1);
INSERT INTO hotel_images (hotel_id, image_url, alt_text, sort_order) VALUES (63, 'https://daydreamhub.com/wp-content/uploads/2025/08/IMG_5753-scaled-1.jpg', 'Plaza Residences / Jumeirah Village Circle - Image 3', 2);
INSERT INTO hotel_images (hotel_id, image_url, alt_text, sort_order) VALUES (63, 'https://daydreamhub.com/wp-content/uploads/2025/08/IMG_5811-scaled-1.jpg', 'Plaza Residences / Jumeirah Village Circle - Image 4', 3);
INSERT INTO hotel_images (hotel_id, image_url, alt_text, sort_order) VALUES (63, 'https://daydreamhub.com/wp-content/uploads/2025/08/IMG_5813-scaled-1.jpg', 'Plaza Residences / Jumeirah Village Circle - Image 5', 4);
INSERT INTO hotel_images (hotel_id, image_url, alt_text, sort_order) VALUES (63, 'https://daydreamhub.com/wp-content/uploads/2025/08/IMG_5754-scaled-1.jpg', 'Plaza Residences / Jumeirah Village Circle - Image 6', 5);
INSERT INTO hotel_images (hotel_id, image_url, alt_text, sort_order) VALUES (63, 'https://daydreamhub.com/wp-content/uploads/2025/08/IMG_5758-scaled-1.jpg', 'Plaza Residences / Jumeirah Village Circle - Image 7', 6);
INSERT INTO hotel_images (hotel_id, image_url, alt_text, sort_order) VALUES (63, 'https://daydreamhub.com/wp-content/uploads/2025/08/IMG_5759-scaled-1.jpg', 'Plaza Residences / Jumeirah Village Circle - Image 8', 7);
INSERT INTO hotel_images (hotel_id, image_url, alt_text, sort_order) VALUES (63, 'https://daydreamhub.com/wp-content/uploads/2025/08/IMG_5762-scaled-1.jpg', 'Plaza Residences / Jumeirah Village Circle - Image 9', 8);
INSERT INTO hotel_images (hotel_id, image_url, alt_text, sort_order) VALUES (63, 'https://daydreamhub.com/wp-content/uploads/2025/08/IMG_5803-scaled-1.jpg', 'Plaza Residences / Jumeirah Village Circle - Image 10', 9);
INSERT INTO hotel_images (hotel_id, image_url, alt_text, sort_order) VALUES (63, 'https://daydreamhub.com/wp-content/uploads/2025/08/IMG_5819-scaled-1.jpg', 'Plaza Residences / Jumeirah Village Circle - Image 11', 10);
INSERT INTO hotel_images (hotel_id, image_url, alt_text, sort_order) VALUES (63, 'https://daydreamhub.com/wp-content/uploads/2025/08/IMG_5818-scaled-1.jpg', 'Plaza Residences / Jumeirah Village Circle - Image 12', 11);
INSERT INTO hotels (id, name, slug, description, city, country, address, rating, thumbnail_url, categories, amenities, property_type, is_active) VALUES (64, 'Lavender Hotel Sharjah / Standard Double Room', 'lavender-hotel-sharjah-standard-double-room', '※The Morning Plan is not available for same-day reservations.
 Bookings must be made by 6:00 PM on the previous day.
 ————————————————
 Designed to resemble a ship, this 4-star boutique hotel is located beside the Khalidia Beach, in the Al Khan area. It offers an outdoor pool and a fitness center with a sauna and kids Play area.

Lavender Hotel Sharjah has air-conditioned rooms with flat-screen TVs and mini-bars. A welcome tray with free tea and coffee service is also provided. Each bathroom includes a weighing scale.

The Waves restaurant offers all-day dining in an elegant setting, decorated with gold chandeliers and marble. Seafood and grilled meat can be enjoyed at the Harbor Lounge and relax your long day with the best pastries and selective beverages at Sky lite cafe.

Lavender Hotel Sharjah is located 25 minutes’ drive from Dubai International Airport and Sharjah International Airport. Transfers are can be arranged to and from Sharjah International Airport at a surcharge.', 'Sharjah', 'UAE', '', 0, 'https://daydreamhub.com/wp-content/uploads/2025/08/61393348.jpg', '["daycation","for_couple"]', '["Bar / Restaurant","Elevator in Building","Gym","Laundry Service","Luggage Storage","Parking on Premises","Pool","Sauna","Vending machine","Wheelchair Accessible","Air Conditioner (Cooling)","Air Conditioner (Heating)","Desk/Workspace","Electric pot","Free Wi-Fi","Hair Dryer","Shampoo","Shower","TEL","Toothbrush","Towels","TV"]', 'Hotel', 1);
INSERT INTO plans (hotel_id, name, description, price_usd, check_in_time, check_out_time, plan_type, max_guests, is_active) VALUES (64, '【6H】Morning(prepayment)', '', 40, '6:00', '12:00', 'daycation', 2, 1);
INSERT INTO plans (hotel_id, name, description, price_usd, check_in_time, check_out_time, plan_type, max_guests, is_active) VALUES (64, '【10H】Daytime (prepayment)', '', 45, '10:00', '20:00', 'daycation', 2, 1);
INSERT INTO plans (hotel_id, name, description, price_usd, check_in_time, check_out_time, plan_type, max_guests, is_active) VALUES (64, '22 Hrs Overnight(prepayment)', '', 75, '14:00', '12:00', 'overnight', 2, 1);
INSERT INTO hotel_images (hotel_id, image_url, alt_text, sort_order) VALUES (64, 'https://daydreamhub.com/wp-content/uploads/2025/08/61393348.jpg', 'Lavender Hotel Sharjah / Standard Double Room - Image 1', 0);
INSERT INTO hotel_images (hotel_id, image_url, alt_text, sort_order) VALUES (64, 'https://daydreamhub.com/wp-content/uploads/2025/08/61393425.jpg', 'Lavender Hotel Sharjah / Standard Double Room - Image 2', 1);
INSERT INTO hotel_images (hotel_id, image_url, alt_text, sort_order) VALUES (64, 'https://daydreamhub.com/wp-content/uploads/2025/08/16500881.jpg', 'Lavender Hotel Sharjah / Standard Double Room - Image 3', 2);
INSERT INTO hotel_images (hotel_id, image_url, alt_text, sort_order) VALUES (64, 'https://daydreamhub.com/wp-content/uploads/2025/08/61544520.jpg', 'Lavender Hotel Sharjah / Standard Double Room - Image 4', 3);
INSERT INTO hotel_images (hotel_id, image_url, alt_text, sort_order) VALUES (64, 'https://daydreamhub.com/wp-content/uploads/2025/08/178792201.jpg', 'Lavender Hotel Sharjah / Standard Double Room - Image 5', 4);
INSERT INTO hotel_images (hotel_id, image_url, alt_text, sort_order) VALUES (64, 'https://daydreamhub.com/wp-content/uploads/2025/08/16500511.jpg', 'Lavender Hotel Sharjah / Standard Double Room - Image 6', 5);
INSERT INTO hotels (id, name, slug, description, city, country, address, rating, thumbnail_url, categories, amenities, property_type, is_active) VALUES (65, 'Kazakhstan Hotel / Express Economy Room', 'kazakhstan-hotel-express-economy-room', '※The Morning Plan is not available for same-day reservations.
 Bookings must be made by 6:00 PM on the previous day.
 ————————————————
 Offering stylish rooms with great views, free Wi-Fi, and a 24-hour restaurant serving European and Turkish cuisine, this design hotel in Almaty is 3.1 mi from the Atakent Exhibition Center.', 'Almaty', 'Kazakhstan', '', 0, 'https://daydreamhub.com/wp-content/uploads/2025/08/スクリーンショット-2025-08-16-205355-1.jpg', '["daycation","for_couple"]', '["Bar / Restaurant","Air Conditioner (Cooling)","Air Conditioner (Heating)","Coffee maker","Desk/Workspace","Electric pot","Free Wi-Fi","Hair Dryer","Refrigerator","Shampoo","Shower","TEL","Toothbrush","Towels","TV"]', 'Hotel', 1);
INSERT INTO plans (hotel_id, name, description, price_usd, check_in_time, check_out_time, plan_type, max_guests, is_active) VALUES (65, '【6H】Morning(prepayment)', '', 150, '6:00', '12:00', 'daycation', 2, 1);
INSERT INTO plans (hotel_id, name, description, price_usd, check_in_time, check_out_time, plan_type, max_guests, is_active) VALUES (65, '【10H】Daytime (prepayment)', '', 175, '10:00', '20:00', 'daycation', 2, 1);
INSERT INTO plans (hotel_id, name, description, price_usd, check_in_time, check_out_time, plan_type, max_guests, is_active) VALUES (65, '【10H】Airport Shuttle(prepayment)', '', 175, '10:00', '20:00', 'daycation', 2, 1);
INSERT INTO plans (hotel_id, name, description, price_usd, check_in_time, check_out_time, plan_type, max_guests, is_active) VALUES (65, '【28H】Overnight(prepayment)', '', 300, '8:00', '12:00', 'overnight', 2, 1);
INSERT INTO hotel_images (hotel_id, image_url, alt_text, sort_order) VALUES (65, 'https://daydreamhub.com/wp-content/uploads/2025/08/スクリーンショット-2025-08-16-205355-1.jpg', 'Kazakhstan Hotel / Express Economy Room - Image 1', 0);
INSERT INTO hotel_images (hotel_id, image_url, alt_text, sort_order) VALUES (65, 'https://daydreamhub.com/wp-content/uploads/2025/08/スクリーンショット-2025-08-16-205421-2.jpg', 'Kazakhstan Hotel / Express Economy Room - Image 2', 1);
INSERT INTO hotel_images (hotel_id, image_url, alt_text, sort_order) VALUES (65, 'https://daydreamhub.com/wp-content/uploads/2025/08/スクリーンショット-2025-08-16-205341-2.jpg', 'Kazakhstan Hotel / Express Economy Room - Image 3', 2);
INSERT INTO hotels (id, name, slug, description, city, country, address, rating, thumbnail_url, categories, amenities, property_type, is_active) VALUES (66, 'Shamsan Airport Hotel / Double Room King', 'shamsan-airport-hotel-double-room-king', '※The Morning Plan is not available for same-day reservations.
 Bookings must be made by 6:00 PM on the previous day.
 ————————————————
 Comfortable Accommodations: Shamsan Airport Hotel in Tashkent offers family rooms with air-conditioning, balconies, and private bathrooms. Each room includes a tea and coffee maker, work desk, and free WiFi.

Wellness and Leisure: Guests can enjoy spa facilities, a sauna, indoor swimming pool, fitness center, and terrace. Additional amenities include a steam room, hammam, and indoor play area.

Dining Experience: The family-friendly restaurant serves halal breakfast, brunch, lunch, dinner, high tea, and cocktails. Cuisines include seafood, Turkish, Russian, local, Asian, and international.

Convenient Location: Located 1.2 mi from Islam Karimov Tashkent International Airport, the hotel is near an ice-skating rink. Free on-site private parking is available.', 'Tashkent', 'Uzbekistan', '', 8, 'https://daydreamhub.com/wp-content/uploads/2025/08/481108400-1.jpg', '["daycation","for_couple"]', '["ATM","Bar / Restaurant","Currency Exchange","Elevator in Building","Gym","Laundry Service","Luggage Storage","Massage","Parking on Premises","Pool","Sauna","Wheelchair Accessible","Air Conditioner (Cooling)","Air Conditioner (Heating)","Bathtub","Coffee maker","Desk/Workspace","Electric pot","Free Wi-Fi","Hair Dryer","Refrigerator","Shampoo","Shower","TEL","Toothbrush","Towels","TV"]', 'Hotel', 1);
INSERT INTO plans (hotel_id, name, description, price_usd, check_in_time, check_out_time, plan_type, max_guests, is_active) VALUES (66, '【6H】Morning(prepayment)', '', 65, '6:00', '12:00', 'daycation', 2, 1);
INSERT INTO plans (hotel_id, name, description, price_usd, check_in_time, check_out_time, plan_type, max_guests, is_active) VALUES (66, '【10H】Daytime (prepayment)', '', 70, '10:00', '20:00', 'daycation', 2, 1);
INSERT INTO plans (hotel_id, name, description, price_usd, check_in_time, check_out_time, plan_type, max_guests, is_active) VALUES (66, '【28H】Overnight(prepayment)', '', 80, '8:00', '12:00', 'overnight', 2, 1);
INSERT INTO hotel_images (hotel_id, image_url, alt_text, sort_order) VALUES (66, 'https://daydreamhub.com/wp-content/uploads/2025/08/481108400-1.jpg', 'Shamsan Airport Hotel / Double Room King - Image 1', 0);
INSERT INTO hotel_images (hotel_id, image_url, alt_text, sort_order) VALUES (66, 'https://daydreamhub.com/wp-content/uploads/2025/08/KSB1.jpg', 'Shamsan Airport Hotel / Double Room King - Image 2', 1);
INSERT INTO hotel_images (hotel_id, image_url, alt_text, sort_order) VALUES (66, 'https://daydreamhub.com/wp-content/uploads/2025/08/KSB2.jpg', 'Shamsan Airport Hotel / Double Room King - Image 3', 2);
INSERT INTO hotel_images (hotel_id, image_url, alt_text, sort_order) VALUES (66, 'https://daydreamhub.com/wp-content/uploads/2025/08/KSB9.jpg', 'Shamsan Airport Hotel / Double Room King - Image 4', 3);
INSERT INTO hotel_images (hotel_id, image_url, alt_text, sort_order) VALUES (66, 'https://daydreamhub.com/wp-content/uploads/2025/08/481108337.jpg', 'Shamsan Airport Hotel / Double Room King - Image 5', 4);
INSERT INTO hotel_images (hotel_id, image_url, alt_text, sort_order) VALUES (66, 'https://daydreamhub.com/wp-content/uploads/2025/08/481108920-1.jpg', 'Shamsan Airport Hotel / Double Room King - Image 6', 5);
INSERT INTO hotel_images (hotel_id, image_url, alt_text, sort_order) VALUES (66, 'https://daydreamhub.com/wp-content/uploads/2025/08/481111329-1.jpg', 'Shamsan Airport Hotel / Double Room King - Image 7', 6);
INSERT INTO hotel_images (hotel_id, image_url, alt_text, sort_order) VALUES (66, 'https://daydreamhub.com/wp-content/uploads/2025/08/504608572-1.jpg', 'Shamsan Airport Hotel / Double Room King - Image 8', 7);
INSERT INTO hotels (id, name, slug, description, city, country, address, rating, thumbnail_url, categories, amenities, property_type, is_active) VALUES (67, 'Air Manis Secret SurfCamp / Deluxe Double Room (Copy)', 'air-manis-secret-surfcamp-deluxe-double-room-copy-2', '※The Morning Plan is not available for same-day reservations.
 Bookings must be made by 6:00 PM on the previous day.

Air Manis Secret Surfcamp in Kota Padang offers family rooms with air-conditioning, private bathrooms, and garden views. Each room includes a work desk, seating area, and modern amenities.
 Guests enjoy a sun terrace, free WiFi, fitness room, and yoga classes. The property features a restaurant, bar, and outdoor seating areas. Free bicycles are available for exploring the surroundings.
 Air Manis Beach is a 6-minute walk away, while Siti Nurbaya Bridge lies 3.7 mi from the homestay. Minangkabau International Airport is 21 mi distant. Guests appreciate the beach access and attentive staff.', 'Padang', 'Indonesia', '', 0, 'https://daydreamhub.com/wp-content/uploads/2025/08/644908914.jpg', '["early_check-in","for_work","transit_use"]', '["Bar / Restaurant","Currency Exchange","Gym","Laundry Service","Luggage Storage","Massage","Parking on Premises","Air Conditioner (Cooling)","Air Conditioner (Heating)","Coffee maker","Free Wi-Fi","Hair Dryer","Kitchen","Shampoo","Shower","Towels"]', 'Hotel', 1);
INSERT INTO plans (hotel_id, name, description, price_usd, check_in_time, check_out_time, plan_type, max_guests, is_active) VALUES (67, '【10H】Daytime(prepayment)', '', 10, '10:00', '20:00', 'early_check-in', 2, 1);
INSERT INTO plans (hotel_id, name, description, price_usd, check_in_time, check_out_time, plan_type, max_guests, is_active) VALUES (67, '【23H】Overnight(prepayment)', '', 19, '13:00', '12:00', 'overnight', 2, 1);
INSERT INTO hotel_images (hotel_id, image_url, alt_text, sort_order) VALUES (67, 'https://daydreamhub.com/wp-content/uploads/2025/08/644908914.jpg', 'Air Manis Secret SurfCamp / Deluxe Double Room (Copy) - Image 1', 0);
INSERT INTO hotel_images (hotel_id, image_url, alt_text, sort_order) VALUES (67, 'https://daydreamhub.com/wp-content/uploads/2025/08/Kamar-5-1.jpg', 'Air Manis Secret SurfCamp / Deluxe Double Room (Copy) - Image 2', 1);
INSERT INTO hotel_images (hotel_id, image_url, alt_text, sort_order) VALUES (67, 'https://daydreamhub.com/wp-content/uploads/2025/08/Kamar-6-1.jpg', 'Air Manis Secret SurfCamp / Deluxe Double Room (Copy) - Image 3', 2);
INSERT INTO hotel_images (hotel_id, image_url, alt_text, sort_order) VALUES (67, 'https://daydreamhub.com/wp-content/uploads/2025/08/Kamar-7.jpg', 'Air Manis Secret SurfCamp / Deluxe Double Room (Copy) - Image 4', 3);
INSERT INTO hotel_images (hotel_id, image_url, alt_text, sort_order) VALUES (67, 'https://daydreamhub.com/wp-content/uploads/2025/08/Kamar-8.jpg', 'Air Manis Secret SurfCamp / Deluxe Double Room (Copy) - Image 5', 4);
INSERT INTO hotel_images (hotel_id, image_url, alt_text, sort_order) VALUES (67, 'https://daydreamhub.com/wp-content/uploads/2025/08/Kamar-8-1.jpg', 'Air Manis Secret SurfCamp / Deluxe Double Room (Copy) - Image 6', 5);
INSERT INTO hotel_images (hotel_id, image_url, alt_text, sort_order) VALUES (67, 'https://daydreamhub.com/wp-content/uploads/2025/08/Resepsionis.jpg', 'Air Manis Secret SurfCamp / Deluxe Double Room (Copy) - Image 7', 6);
INSERT INTO hotel_images (hotel_id, image_url, alt_text, sort_order) VALUES (67, 'https://daydreamhub.com/wp-content/uploads/2025/08/Kamar-2.jpg', 'Air Manis Secret SurfCamp / Deluxe Double Room (Copy) - Image 8', 7);
INSERT INTO hotel_images (hotel_id, image_url, alt_text, sort_order) VALUES (67, 'https://daydreamhub.com/wp-content/uploads/2025/08/Kamar-1.jpg', 'Air Manis Secret SurfCamp / Deluxe Double Room (Copy) - Image 9', 8);
INSERT INTO hotels (id, name, slug, description, city, country, address, rating, thumbnail_url, categories, amenities, property_type, is_active) VALUES (68, 'Air Manis Secret SurfCamp / Deluxe Double Room', 'air-manis-secret-surfcamp-deluxe-double-room-copy-3', '※The Morning Plan is not available for same-day reservations.
 Bookings must be made by 6:00 PM on the previous day.

Air Manis Secret Surfcamp in Kota Padang offers family rooms with air-conditioning, private bathrooms, and garden views. Each room includes a work desk, seating area, and modern amenities.
 Guests enjoy a sun terrace, free WiFi, fitness room, and yoga classes. The property features a restaurant, bar, and outdoor seating areas. Free bicycles are available for exploring the surroundings.
 Air Manis Beach is a 6-minute walk away, while Siti Nurbaya Bridge lies 3.7 mi from the homestay. Minangkabau International Airport is 21 mi distant. Guests appreciate the beach access and attentive staff.', 'Padang', 'Indonesia', '', 0, 'https://daydreamhub.com/wp-content/uploads/2025/08/644908914.jpg', '["early_check-in","for_work","transit_use"]', '["Bar / Restaurant","Currency Exchange","Gym","Laundry Service","Luggage Storage","Massage","Parking on Premises","Air Conditioner (Cooling)","Air Conditioner (Heating)","Coffee maker","Free Wi-Fi","Hair Dryer","Kitchen","Shampoo","Shower","Towels"]', 'Hotel', 1);
INSERT INTO plans (hotel_id, name, description, price_usd, check_in_time, check_out_time, plan_type, max_guests, is_active) VALUES (68, '【10H】Daytime(prepayment)', '', 10, '10:00', '20:00', 'early_check-in', 2, 1);
INSERT INTO plans (hotel_id, name, description, price_usd, check_in_time, check_out_time, plan_type, max_guests, is_active) VALUES (68, '【23H】Overnight(prepayment)', '', 19, '13:00', '12:00', 'overnight', 2, 1);
INSERT INTO hotel_images (hotel_id, image_url, alt_text, sort_order) VALUES (68, 'https://daydreamhub.com/wp-content/uploads/2025/08/644908914.jpg', 'Air Manis Secret SurfCamp / Deluxe Double Room - Image 1', 0);
INSERT INTO hotel_images (hotel_id, image_url, alt_text, sort_order) VALUES (68, 'https://daydreamhub.com/wp-content/uploads/2025/08/Kamar-3.jpg', 'Air Manis Secret SurfCamp / Deluxe Double Room - Image 2', 1);
INSERT INTO hotel_images (hotel_id, image_url, alt_text, sort_order) VALUES (68, 'https://daydreamhub.com/wp-content/uploads/2025/08/Kamar-4.jpg', 'Air Manis Secret SurfCamp / Deluxe Double Room - Image 3', 2);
INSERT INTO hotel_images (hotel_id, image_url, alt_text, sort_order) VALUES (68, 'https://daydreamhub.com/wp-content/uploads/2025/08/Kamar-5.jpg', 'Air Manis Secret SurfCamp / Deluxe Double Room - Image 4', 3);
INSERT INTO hotel_images (hotel_id, image_url, alt_text, sort_order) VALUES (68, 'https://daydreamhub.com/wp-content/uploads/2025/08/Kamar-6.jpg', 'Air Manis Secret SurfCamp / Deluxe Double Room - Image 5', 4);
INSERT INTO hotel_images (hotel_id, image_url, alt_text, sort_order) VALUES (68, 'https://daydreamhub.com/wp-content/uploads/2025/08/20250108_105534.jpg', 'Air Manis Secret SurfCamp / Deluxe Double Room - Image 6', 5);
INSERT INTO hotel_images (hotel_id, image_url, alt_text, sort_order) VALUES (68, 'https://daydreamhub.com/wp-content/uploads/2025/08/20250108_110047.jpg', 'Air Manis Secret SurfCamp / Deluxe Double Room - Image 7', 6);
INSERT INTO hotel_images (hotel_id, image_url, alt_text, sort_order) VALUES (68, 'https://daydreamhub.com/wp-content/uploads/2025/08/20250108_112022.jpg', 'Air Manis Secret SurfCamp / Deluxe Double Room - Image 8', 7);
INSERT INTO hotel_images (hotel_id, image_url, alt_text, sort_order) VALUES (68, 'https://daydreamhub.com/wp-content/uploads/2025/08/20250108_112116.jpg', 'Air Manis Secret SurfCamp / Deluxe Double Room - Image 9', 8);
INSERT INTO hotel_images (hotel_id, image_url, alt_text, sort_order) VALUES (68, 'https://daydreamhub.com/wp-content/uploads/2025/08/DSC_1977.jpg', 'Air Manis Secret SurfCamp / Deluxe Double Room - Image 10', 9);
INSERT INTO hotel_images (hotel_id, image_url, alt_text, sort_order) VALUES (68, 'https://daydreamhub.com/wp-content/uploads/2025/08/DSC_1986-rev.jpg', 'Air Manis Secret SurfCamp / Deluxe Double Room - Image 11', 10);
INSERT INTO hotel_images (hotel_id, image_url, alt_text, sort_order) VALUES (68, 'https://daydreamhub.com/wp-content/uploads/2025/08/DSC_1992.jpg', 'Air Manis Secret SurfCamp / Deluxe Double Room - Image 12', 11);
INSERT INTO hotel_images (hotel_id, image_url, alt_text, sort_order) VALUES (68, 'https://daydreamhub.com/wp-content/uploads/2025/08/DSC_1996.jpg', 'Air Manis Secret SurfCamp / Deluxe Double Room - Image 13', 12);
INSERT INTO hotel_images (hotel_id, image_url, alt_text, sort_order) VALUES (68, 'https://daydreamhub.com/wp-content/uploads/2025/08/DSC_1998.jpg', 'Air Manis Secret SurfCamp / Deluxe Double Room - Image 14', 13);
INSERT INTO hotel_images (hotel_id, image_url, alt_text, sort_order) VALUES (68, 'https://daydreamhub.com/wp-content/uploads/2025/08/DSC_2002.jpg', 'Air Manis Secret SurfCamp / Deluxe Double Room - Image 15', 14);
INSERT INTO hotel_images (hotel_id, image_url, alt_text, sort_order) VALUES (68, 'https://daydreamhub.com/wp-content/uploads/2025/08/DSC_2010.jpg', 'Air Manis Secret SurfCamp / Deluxe Double Room - Image 16', 15);
INSERT INTO hotel_images (hotel_id, image_url, alt_text, sort_order) VALUES (68, 'https://daydreamhub.com/wp-content/uploads/2025/08/DSC_2016.jpg', 'Air Manis Secret SurfCamp / Deluxe Double Room - Image 17', 16);
INSERT INTO hotel_images (hotel_id, image_url, alt_text, sort_order) VALUES (68, 'https://daydreamhub.com/wp-content/uploads/2025/08/DSC_2018.jpg', 'Air Manis Secret SurfCamp / Deluxe Double Room - Image 18', 17);
INSERT INTO hotel_images (hotel_id, image_url, alt_text, sort_order) VALUES (68, 'https://daydreamhub.com/wp-content/uploads/2025/08/DSC_2027.jpg', 'Air Manis Secret SurfCamp / Deluxe Double Room - Image 19', 18);
INSERT INTO hotel_images (hotel_id, image_url, alt_text, sort_order) VALUES (68, 'https://daydreamhub.com/wp-content/uploads/2025/08/DSC_2029.jpg', 'Air Manis Secret SurfCamp / Deluxe Double Room - Image 20', 19);
INSERT INTO hotel_images (hotel_id, image_url, alt_text, sort_order) VALUES (68, 'https://daydreamhub.com/wp-content/uploads/2025/08/DSC_2031.jpg', 'Air Manis Secret SurfCamp / Deluxe Double Room - Image 21', 20);
INSERT INTO hotel_images (hotel_id, image_url, alt_text, sort_order) VALUES (68, 'https://daydreamhub.com/wp-content/uploads/2025/08/DSC_2033.jpg', 'Air Manis Secret SurfCamp / Deluxe Double Room - Image 22', 21);
INSERT INTO hotel_images (hotel_id, image_url, alt_text, sort_order) VALUES (68, 'https://daydreamhub.com/wp-content/uploads/2025/08/DSC_2034.jpg', 'Air Manis Secret SurfCamp / Deluxe Double Room - Image 23', 22);
INSERT INTO hotel_images (hotel_id, image_url, alt_text, sort_order) VALUES (68, 'https://daydreamhub.com/wp-content/uploads/2025/08/DSC_2042.jpg', 'Air Manis Secret SurfCamp / Deluxe Double Room - Image 24', 23);
INSERT INTO hotels (id, name, slug, description, city, country, address, rating, thumbnail_url, categories, amenities, property_type, is_active) VALUES (69, 'Ammatara Pura Pool Villa / Garden View Pool Villa', 'ammatara-pura-pool-villa-garden-view-pool-villa', 'This boutique resort features contemporary Thai villas with living area, kitchen and a balcony overlooking Lamai Beach. Offering free Wi-Fi, it houses a multi-cuisine beachfront restaurant with 2 large swimming pools.

Fitted with tiled flooring, the spacious villas at Ammatara Pura feature classic and natural beige and brown interiors, decorated with influences from traditional Thai palaces and temples. Equipped with a dining area and a washing machine, they offer a flat-screen TV and a mini-bar. Each has a private pool.', 'Koh Samui', 'Thailand', '', 8, 'https://daydreamhub.com/wp-content/uploads/2025/08/MG_6538.jpg', '["daycation","for_couple"]', '["Bar / Restaurant","Gym","Laundry Service","Luggage Storage","Massage","Parking on Premises","Pool","Air Conditioner (Cooling)","Bathtub","Coffee maker","Desk/Workspace","Free Wi-Fi","Hair Dryer","Kitchen","Refrigerator","Shampoo","Shower","Toothbrush","Towels","TV"]', 'Hotel', 1);
INSERT INTO plans (hotel_id, name, description, price_usd, check_in_time, check_out_time, plan_type, max_guests, is_active) VALUES (69, '【6H】Daytime (prepayment)', '', 230, '10:00', '16:00', 'daycation', 2, 1);
INSERT INTO plans (hotel_id, name, description, price_usd, check_in_time, check_out_time, plan_type, max_guests, is_active) VALUES (69, '【22H】Overnight(prepayment)', '', 460, '14:00', '12:00', 'overnight', 2, 1);
INSERT INTO hotel_images (hotel_id, image_url, alt_text, sort_order) VALUES (69, 'https://daydreamhub.com/wp-content/uploads/2025/08/MG_6538.jpg', 'Ammatara Pura Pool Villa / Garden View Pool Villa - Image 1', 0);
INSERT INTO hotel_images (hotel_id, image_url, alt_text, sort_order) VALUES (69, 'https://daydreamhub.com/wp-content/uploads/2025/08/55709573.jpg', 'Ammatara Pura Pool Villa / Garden View Pool Villa - Image 2', 1);
INSERT INTO hotel_images (hotel_id, image_url, alt_text, sort_order) VALUES (69, 'https://daydreamhub.com/wp-content/uploads/2025/08/MG_6712.jpg', 'Ammatara Pura Pool Villa / Garden View Pool Villa - Image 3', 2);
INSERT INTO hotel_images (hotel_id, image_url, alt_text, sort_order) VALUES (69, 'https://daydreamhub.com/wp-content/uploads/2025/08/MG_6519.jpg', 'Ammatara Pura Pool Villa / Garden View Pool Villa - Image 4', 3);
INSERT INTO hotel_images (hotel_id, image_url, alt_text, sort_order) VALUES (69, 'https://daydreamhub.com/wp-content/uploads/2025/08/MG_5269.jpg', 'Ammatara Pura Pool Villa / Garden View Pool Villa - Image 5', 4);
INSERT INTO hotel_images (hotel_id, image_url, alt_text, sort_order) VALUES (69, 'https://daydreamhub.com/wp-content/uploads/2025/08/MG_5206.jpg', 'Ammatara Pura Pool Villa / Garden View Pool Villa - Image 6', 5);
INSERT INTO hotel_images (hotel_id, image_url, alt_text, sort_order) VALUES (69, 'https://daydreamhub.com/wp-content/uploads/2025/08/MG_5122.jpg', 'Ammatara Pura Pool Villa / Garden View Pool Villa - Image 7', 6);
INSERT INTO hotel_images (hotel_id, image_url, alt_text, sort_order) VALUES (69, 'https://daydreamhub.com/wp-content/uploads/2025/08/MG_5651.jpg', 'Ammatara Pura Pool Villa / Garden View Pool Villa - Image 8', 7);
INSERT INTO hotel_images (hotel_id, image_url, alt_text, sort_order) VALUES (69, 'https://daydreamhub.com/wp-content/uploads/2025/08/MG_5293.jpg', 'Ammatara Pura Pool Villa / Garden View Pool Villa - Image 9', 8);
INSERT INTO hotel_images (hotel_id, image_url, alt_text, sort_order) VALUES (69, 'https://daydreamhub.com/wp-content/uploads/2025/08/MG_5031.jpg', 'Ammatara Pura Pool Villa / Garden View Pool Villa - Image 10', 9);
INSERT INTO hotel_images (hotel_id, image_url, alt_text, sort_order) VALUES (69, 'https://daydreamhub.com/wp-content/uploads/2025/08/MG_5172.jpg', 'Ammatara Pura Pool Villa / Garden View Pool Villa - Image 11', 10);
INSERT INTO hotel_images (hotel_id, image_url, alt_text, sort_order) VALUES (69, 'https://daydreamhub.com/wp-content/uploads/2025/08/55709324.jpg', 'Ammatara Pura Pool Villa / Garden View Pool Villa - Image 12', 11);
INSERT INTO hotel_images (hotel_id, image_url, alt_text, sort_order) VALUES (69, 'https://daydreamhub.com/wp-content/uploads/2025/08/55708804.jpg', 'Ammatara Pura Pool Villa / Garden View Pool Villa - Image 13', 12);
INSERT INTO hotel_images (hotel_id, image_url, alt_text, sort_order) VALUES (69, 'https://daydreamhub.com/wp-content/uploads/2025/08/25194749.jpg', 'Ammatara Pura Pool Villa / Garden View Pool Villa - Image 14', 13);
INSERT INTO hotel_images (hotel_id, image_url, alt_text, sort_order) VALUES (69, 'https://daydreamhub.com/wp-content/uploads/2025/08/25194748.jpg', 'Ammatara Pura Pool Villa / Garden View Pool Villa - Image 15', 14);
INSERT INTO hotel_images (hotel_id, image_url, alt_text, sort_order) VALUES (69, 'https://daydreamhub.com/wp-content/uploads/2025/08/25194714.jpg', 'Ammatara Pura Pool Villa / Garden View Pool Villa - Image 16', 15);
INSERT INTO hotel_images (hotel_id, image_url, alt_text, sort_order) VALUES (69, 'https://daydreamhub.com/wp-content/uploads/2025/08/55709650.jpg', 'Ammatara Pura Pool Villa / Garden View Pool Villa - Image 17', 16);
INSERT INTO hotels (id, name, slug, description, city, country, address, rating, thumbnail_url, categories, amenities, property_type, is_active) VALUES (70, 'Valley Escapes Homes / Double Room', 'valley-escapes-homes-double-room-copy', '※The Morning Plan is not available for same-day reservations.
 Bookings must be made by 6:00 PM on the previous day.
 ————————————————
 Guests enjoy a rooftop swimming pool, sun terrace, and lush garden. The on-site restaurant serves African cuisine, while the bar provides a relaxing atmosphere. Free WiFi is available throughout the property.', 'Kiambu', 'Kenya', '', 0, 'https://daydreamhub.com/wp-content/uploads/2025/08/スクリーンショット-2025-08-04-232723.jpg', '["daycation","for_couple"]', '["Bar / Restaurant","Fax","Air Conditioner (Cooling)","Air Conditioner (Heating)","Coffee maker","Electric pot","Free Wi-Fi","Hair Dryer","Refrigerator","Shampoo","Shower","TEL","Toothbrush","Towels","TV"]', 'Hotel', 1);
INSERT INTO plans (hotel_id, name, description, price_usd, check_in_time, check_out_time, plan_type, max_guests, is_active) VALUES (70, '【6H】Morning(prepayment)', '', 15, '6:00', '12:00', 'daycation', 2, 1);
INSERT INTO plans (hotel_id, name, description, price_usd, check_in_time, check_out_time, plan_type, max_guests, is_active) VALUES (70, '【10H】Daytime (prepayment)', '', 20, '10:00', '20:00', 'daycation', 2, 1);
INSERT INTO plans (hotel_id, name, description, price_usd, check_in_time, check_out_time, plan_type, max_guests, is_active) VALUES (70, '【10H】Airport Shuttle(prepayment)', '', 20, '10:00', '20:00', 'daycation', 2, 1);
INSERT INTO plans (hotel_id, name, description, price_usd, check_in_time, check_out_time, plan_type, max_guests, is_active) VALUES (70, '【28H】Overnight(prepayment)', '', 30, '10:00', '14:00', 'overnight', 2, 1);
INSERT INTO hotel_images (hotel_id, image_url, alt_text, sort_order) VALUES (70, 'https://daydreamhub.com/wp-content/uploads/2025/08/スクリーンショット-2025-08-04-232723.jpg', 'Valley Escapes Homes / Double Room - Image 1', 0);
INSERT INTO hotels (id, name, slug, description, city, country, address, rating, thumbnail_url, categories, amenities, property_type, is_active) VALUES (71, 'Khweza Bed and Breakfast / Double Room', 'khweza-bed-and-breakfast-double-room', '※The Morning Plan is not available for same-day reservations.
 Bookings must be made by 6:00 PM on the previous day.
 ————————————————
 The colorful rooms all come with a TV and desk. Each private bathroom is equipped with a shower and free toiletries. The rooms are serviced daily.', 'Nairobi', 'Kenya', '', 0, 'https://daydreamhub.com/wp-content/uploads/2025/08/スクリーンショット-2025-08-04-075936.jpg', '["daycation","early_check-in","for_couple","transit_use"]', '["Bar / Restaurant","Laundry Service","Luggage Storage","Coffee maker","Desk/Workspace","Free Wi-Fi","Hair Dryer","Scanner / Printer","Shower","TEL","Towels","TV"]', 'Hotel', 1);
INSERT INTO plans (hotel_id, name, description, price_usd, check_in_time, check_out_time, plan_type, max_guests, is_active) VALUES (71, '【6H】Morning(prepayment)', '', 25, '6:00', '12:00', 'daycation', 2, 1);
INSERT INTO plans (hotel_id, name, description, price_usd, check_in_time, check_out_time, plan_type, max_guests, is_active) VALUES (71, '【10H】Daytime (prepayment)', '', 30, '8:00', '18:00', 'daycation', 2, 1);
INSERT INTO plans (hotel_id, name, description, price_usd, check_in_time, check_out_time, plan_type, max_guests, is_active) VALUES (71, '【10H】Airport Shuttle(prepayment)', '', 53, '8:00', '18:00', 'daycation', 2, 1);
INSERT INTO plans (hotel_id, name, description, price_usd, check_in_time, check_out_time, plan_type, max_guests, is_active) VALUES (71, '【23H】Overnight(prepayment)', '', 30, '11:00', '10:00', 'overnight', 2, 1);
INSERT INTO hotel_images (hotel_id, image_url, alt_text, sort_order) VALUES (71, 'https://daydreamhub.com/wp-content/uploads/2025/08/スクリーンショット-2025-08-04-075936.jpg', 'Khweza Bed and Breakfast / Double Room - Image 1', 0);
INSERT INTO hotel_images (hotel_id, image_url, alt_text, sort_order) VALUES (71, 'https://daydreamhub.com/wp-content/uploads/2025/08/スクリーンショット-2025-08-04-075957.png', 'Khweza Bed and Breakfast / Double Room - Image 2', 1);
INSERT INTO hotel_images (hotel_id, image_url, alt_text, sort_order) VALUES (71, 'https://daydreamhub.com/wp-content/uploads/2025/08/スクリーンショット-2025-08-04-080007.jpg', 'Khweza Bed and Breakfast / Double Room - Image 3', 2);
INSERT INTO hotels (id, name, slug, description, city, country, address, rating, thumbnail_url, categories, amenities, property_type, is_active) VALUES (72, 'Air Manis Secret SurfCamp / Deluxe Double Room', 'air-manis-secret-surfcamp-deluxe-double-room-copy', 'Air Manis Secret Surfcamp in Kota Padang offers family rooms with air-conditioning, private bathrooms, and garden views. Each room includes a work desk, seating area, and modern amenities.
 Guests enjoy a sun terrace, free WiFi, fitness room, and yoga classes. The property features a restaurant, bar, and outdoor seating areas. Free bicycles are available for exploring the surroundings.
 Air Manis Beach is a 6-minute walk away, while Siti Nurbaya Bridge lies 3.7 mi from the homestay. Minangkabau International Airport is 21 mi distant. Guests appreciate the beach access and attentive staff.', 'Padang', 'Indonesia', '', 0, 'https://daydreamhub.com/wp-content/uploads/2025/08/644908914.jpg', '["early_check-in","for_work","transit_use"]', '["Bar / Restaurant","Currency Exchange","Gym","Laundry Service","Luggage Storage","Massage","Parking on Premises","Air Conditioner (Cooling)","Air Conditioner (Heating)","Coffee maker","Free Wi-Fi","Hair Dryer","Kitchen","Shampoo","Shower","Towels"]', 'Hotel', 1);
INSERT INTO plans (hotel_id, name, description, price_usd, check_in_time, check_out_time, plan_type, max_guests, is_active) VALUES (72, '【10H】Daytime(prepayment)', '', 10, '10:00', '20:00', 'early_check-in', 2, 1);
INSERT INTO plans (hotel_id, name, description, price_usd, check_in_time, check_out_time, plan_type, max_guests, is_active) VALUES (72, '【23H】Overnight(prepayment)', '', 19, '13:00', '12:00', 'overnight', 2, 1);
INSERT INTO hotel_images (hotel_id, image_url, alt_text, sort_order) VALUES (72, 'https://daydreamhub.com/wp-content/uploads/2025/08/644908914.jpg', 'Air Manis Secret SurfCamp / Deluxe Double Room - Image 1', 0);
INSERT INTO hotel_images (hotel_id, image_url, alt_text, sort_order) VALUES (72, 'https://daydreamhub.com/wp-content/uploads/2025/08/Kamar-1-1.jpg', 'Air Manis Secret SurfCamp / Deluxe Double Room - Image 2', 1);
INSERT INTO hotels (id, name, slug, description, city, country, address, rating, thumbnail_url, categories, amenities, property_type, is_active) VALUES (73, 'Hotel Taj Plaza / Standard Non AC Room', 'hotel-taj-plaza-standard-non-ac-room-copy', 'The Morning Plan is not available for same-day reservations.
 Bookings must be made by 6:00 PM on the previous day.

Hotel Taj Plaza in Agra offers family rooms with private bathrooms, air-conditioning, and free WiFi. Each room includes a work desk, TV, and complimentary toiletries.The family-friendly restaurant serves continental, American, vegetarian, halal, and Asian breakfasts.
 Guests can enjoy lunch, dinner, high tea, and cocktails in a traditional, modern, or romantic ambiance.
 The hotel features a sun terrace, outdoor dining area, and picnic spots. Additional amenities include a coffee shop, business area, and free on-site parking.', 'Agra', 'India', '', 0, 'https://daydreamhub.com/wp-content/uploads/2025/10/WhatsApp-Image-2025-10-06-at-11.57.48.jpeg', '["daycation","early_check-in","for_couple","personal_time","transit_use"]', '["Bar / Restaurant","Elevator in Building","Luggage Storage","Parking on Premises","Air Conditioner (Cooling)","Desk/Workspace","Free Wi-Fi","Shower","TEL","Towels","TV"]', 'Hotel', 1);
INSERT INTO plans (hotel_id, name, description, price_usd, check_in_time, check_out_time, plan_type, max_guests, is_active) VALUES (73, '【4H】Afternoon(prepayment)', '', 12, '12:00', '16:00', 'daycation', 2, 1);
INSERT INTO plans (hotel_id, name, description, price_usd, check_in_time, check_out_time, plan_type, max_guests, is_active) VALUES (73, '【28H】Overnight(prepayment)', '', 20, '6:00', '12:00', 'overnight', 2, 1);
INSERT INTO hotel_images (hotel_id, image_url, alt_text, sort_order) VALUES (73, 'https://daydreamhub.com/wp-content/uploads/2025/10/WhatsApp-Image-2025-10-06-at-11.57.48.jpeg', 'Hotel Taj Plaza / Standard Non AC Room - Image 1', 0);
INSERT INTO hotel_images (hotel_id, image_url, alt_text, sort_order) VALUES (73, 'https://daydreamhub.com/wp-content/uploads/2025/08/13213612.jpg', 'Hotel Taj Plaza / Standard Non AC Room - Image 2', 1);
INSERT INTO hotel_images (hotel_id, image_url, alt_text, sort_order) VALUES (73, 'https://daydreamhub.com/wp-content/uploads/2025/10/WhatsApp-Image-2025-10-06-at-11.57.49.jpeg', 'Hotel Taj Plaza / Standard Non AC Room - Image 3', 2);
INSERT INTO hotel_images (hotel_id, image_url, alt_text, sort_order) VALUES (73, 'https://daydreamhub.com/wp-content/uploads/2025/10/WhatsApp-Image-2025-10-06-at-11.57.51.jpeg', 'Hotel Taj Plaza / Standard Non AC Room - Image 4', 3);
INSERT INTO hotel_images (hotel_id, image_url, alt_text, sort_order) VALUES (73, 'https://daydreamhub.com/wp-content/uploads/2025/10/WhatsApp-Image-2025-10-06-at-11.57.52.jpeg', 'Hotel Taj Plaza / Standard Non AC Room - Image 5', 4);
INSERT INTO hotel_images (hotel_id, image_url, alt_text, sort_order) VALUES (73, 'https://daydreamhub.com/wp-content/uploads/2025/10/WhatsApp-Image-2025-10-06-at-11.57.56-1.jpeg', 'Hotel Taj Plaza / Standard Non AC Room - Image 6', 5);
INSERT INTO hotel_images (hotel_id, image_url, alt_text, sort_order) VALUES (73, 'https://daydreamhub.com/wp-content/uploads/2025/10/WhatsApp-Image-2025-10-06-at-11.57.56.jpeg', 'Hotel Taj Plaza / Standard Non AC Room - Image 7', 6);
INSERT INTO hotel_images (hotel_id, image_url, alt_text, sort_order) VALUES (73, 'https://daydreamhub.com/wp-content/uploads/2025/10/WhatsApp-Image-2025-10-06-at-11.57.57-1.jpeg', 'Hotel Taj Plaza / Standard Non AC Room - Image 8', 7);
INSERT INTO hotel_images (hotel_id, image_url, alt_text, sort_order) VALUES (73, 'https://daydreamhub.com/wp-content/uploads/2025/10/WhatsApp-Image-2025-10-06-at-11.57.57.jpeg', 'Hotel Taj Plaza / Standard Non AC Room - Image 9', 8);
INSERT INTO hotel_images (hotel_id, image_url, alt_text, sort_order) VALUES (73, 'https://daydreamhub.com/wp-content/uploads/2025/10/WhatsApp-Image-2025-10-06-at-11.57.58-1.jpeg', 'Hotel Taj Plaza / Standard Non AC Room - Image 10', 9);
INSERT INTO hotel_images (hotel_id, image_url, alt_text, sort_order) VALUES (73, 'https://daydreamhub.com/wp-content/uploads/2025/10/WhatsApp-Image-2025-10-06-at-11.57.58.jpeg', 'Hotel Taj Plaza / Standard Non AC Room - Image 11', 10);
INSERT INTO hotel_images (hotel_id, image_url, alt_text, sort_order) VALUES (73, 'https://daydreamhub.com/wp-content/uploads/2025/10/WhatsApp-Image-2025-10-06-at-11.57.59.jpeg', 'Hotel Taj Plaza / Standard Non AC Room - Image 12', 11);
INSERT INTO hotels (id, name, slug, description, city, country, address, rating, thumbnail_url, categories, amenities, property_type, is_active) VALUES (74, 'My Dream Boutique Resort / Classic Double', 'my-dream-boutique-resort-classic-double', '※The Morning Plan is not available for same-day reservations.
 Bookings must be made by 6:00 PM on the previous day.
 ————————————————
 Located by the Nam Khan River, My Dream Boutique Resort offers nonsmoking rooms with a private balcony. Guests can enjoy meals at the open-air restaurant on site. The resort also features an outdoor swimming pool, free WiFi and free bicycles for rent.

Cozy rooms come with elegant wooden interiors and have plenty of natural light. Each is equipped with a cable TV and personal safe. Shower facilities and toiletries are included.', 'Luang Prabang', 'Laos', '', 5, 'https://daydreamhub.com/wp-content/uploads/2025/08/692958770.jpg', '["daycation","for_couple"]', '["Bar / Restaurant","Laundry Service","Luggage Storage","Pool","Air Conditioner (Cooling)","Air Conditioner (Heating)","Bathtub","Coffee maker","Desk/Workspace","Electric pot","Free Wi-Fi","Hair Dryer","Night wear","Refrigerator","Shampoo","Shower","TEL","Toothbrush","Towels","TV"]', 'Hotel', 1);
INSERT INTO plans (hotel_id, name, description, price_usd, check_in_time, check_out_time, plan_type, max_guests, is_active) VALUES (74, '【6H】Morning(prepayment)', '', 40, '6:00', '12:00', 'daycation', 2, 1);
INSERT INTO plans (hotel_id, name, description, price_usd, check_in_time, check_out_time, plan_type, max_guests, is_active) VALUES (74, '【10H】Daytime (prepayment)', '', 50, '10:00', '20:00', 'daycation', 2, 1);
INSERT INTO plans (hotel_id, name, description, price_usd, check_in_time, check_out_time, plan_type, max_guests, is_active) VALUES (74, '【22H】Overnight(prepayment)', '', 55, '14:00', '12:00', 'overnight', 2, 1);
INSERT INTO hotel_images (hotel_id, image_url, alt_text, sort_order) VALUES (74, 'https://daydreamhub.com/wp-content/uploads/2025/08/692958770.jpg', 'My Dream Boutique Resort / Classic Double - Image 1', 0);
INSERT INTO hotel_images (hotel_id, image_url, alt_text, sort_order) VALUES (74, 'https://daydreamhub.com/wp-content/uploads/2025/08/PM200537-HDR-Edit.jpg', 'My Dream Boutique Resort / Classic Double - Image 2', 1);
INSERT INTO hotel_images (hotel_id, image_url, alt_text, sort_order) VALUES (74, 'https://daydreamhub.com/wp-content/uploads/2025/08/PM200604.jpg', 'My Dream Boutique Resort / Classic Double - Image 3', 2);
INSERT INTO hotel_images (hotel_id, image_url, alt_text, sort_order) VALUES (74, 'https://daydreamhub.com/wp-content/uploads/2025/08/PM209817.jpg', 'My Dream Boutique Resort / Classic Double - Image 4', 3);
INSERT INTO hotel_images (hotel_id, image_url, alt_text, sort_order) VALUES (74, 'https://daydreamhub.com/wp-content/uploads/2025/08/493726285.jpg', 'My Dream Boutique Resort / Classic Double - Image 5', 4);
INSERT INTO hotel_images (hotel_id, image_url, alt_text, sort_order) VALUES (74, 'https://daydreamhub.com/wp-content/uploads/2025/08/692958913.jpg', 'My Dream Boutique Resort / Classic Double - Image 6', 5);
INSERT INTO hotel_images (hotel_id, image_url, alt_text, sort_order) VALUES (74, 'https://daydreamhub.com/wp-content/uploads/2025/08/694732939.jpg', 'My Dream Boutique Resort / Classic Double - Image 7', 6);
INSERT INTO hotel_images (hotel_id, image_url, alt_text, sort_order) VALUES (74, 'https://daydreamhub.com/wp-content/uploads/2025/08/692959055.jpg', 'My Dream Boutique Resort / Classic Double - Image 8', 7);
INSERT INTO hotel_images (hotel_id, image_url, alt_text, sort_order) VALUES (74, 'https://daydreamhub.com/wp-content/uploads/2025/08/692998921.jpg', 'My Dream Boutique Resort / Classic Double - Image 9', 8);
INSERT INTO hotel_images (hotel_id, image_url, alt_text, sort_order) VALUES (74, 'https://daydreamhub.com/wp-content/uploads/2025/08/493743883.jpg', 'My Dream Boutique Resort / Classic Double - Image 10', 9);
INSERT INTO hotels (id, name, slug, description, city, country, address, rating, thumbnail_url, categories, amenities, property_type, is_active) VALUES (75, 'Tajmani Hostel Arequipa / Double Family Bedroom', 'tajmani-hostel-arequipa-deluxe-king-room', '2 QUEEN BED w/ TV – Perfect for FAMILY or GROUP Travel  Breakfast & Full Kitchen (Air Fryer) New Tandem Double Bicycle For Rent! Gym (New Squat Rack) & Beautiful Rooftop 4 Yoga & Relaxation Sunset Terrace. TV Room & Bikes4Rent! PS1 & PS4 and so much more!

Location: 3 Blocks from the Plaza De Armas
 2 Blocks from San Camilo Market', 'Arequipa', 'Peru', '', 0, 'https://daydreamhub.com/wp-content/uploads/2025/08/IMG_E0429.jpg', '["daycation","for_couple"]', '["Bar / Restaurant","Currency Exchange","Gym","Laundry Service","Luggage Storage","Wheelchair Accessible","Coffee maker","Desk/Workspace","Electric pot","Free Wi-Fi","Hair Dryer","Kitchen","Projector(s)","Refrigerator","Scanner / Printer","Shampoo","Shower","TEL","Toothbrush","Towels","TV"]', 'Hotel', 1);
INSERT INTO plans (hotel_id, name, description, price_usd, check_in_time, check_out_time, plan_type, max_guests, is_active) VALUES (75, '【6H】Morning(prepayment)', '', 15, '6:00', '12:00', 'daycation', 2, 1);
INSERT INTO plans (hotel_id, name, description, price_usd, check_in_time, check_out_time, plan_type, max_guests, is_active) VALUES (75, '【10H】Daytime (prepayment)', '', 20, '10:00', '20:00', 'daycation', 2, 1);
INSERT INTO plans (hotel_id, name, description, price_usd, check_in_time, check_out_time, plan_type, max_guests, is_active) VALUES (75, '【21H】Overnight(prepayment)', '', 35, '14:00', '11:00', 'overnight', 2, 1);
INSERT INTO hotel_images (hotel_id, image_url, alt_text, sort_order) VALUES (75, 'https://daydreamhub.com/wp-content/uploads/2025/08/IMG_E0429.jpg', 'Tajmani Hostel Arequipa / Double Family Bedroom - Image 1', 0);
INSERT INTO hotel_images (hotel_id, image_url, alt_text, sort_order) VALUES (75, 'https://daydreamhub.com/wp-content/uploads/2025/08/Gym-Panaramic.jpg', 'Tajmani Hostel Arequipa / Double Family Bedroom - Image 2', 1);
INSERT INTO hotel_images (hotel_id, image_url, alt_text, sort_order) VALUES (75, 'https://daydreamhub.com/wp-content/uploads/2025/08/2-IMG_E0537.jpg', 'Tajmani Hostel Arequipa / Double Family Bedroom - Image 3', 2);
INSERT INTO hotel_images (hotel_id, image_url, alt_text, sort_order) VALUES (75, 'https://daydreamhub.com/wp-content/uploads/2025/08/1620124461.webp', 'Tajmani Hostel Arequipa / Double Family Bedroom - Image 4', 3);
INSERT INTO hotel_images (hotel_id, image_url, alt_text, sort_order) VALUES (75, 'https://daydreamhub.com/wp-content/uploads/2025/08/1620124458.webp', 'Tajmani Hostel Arequipa / Double Family Bedroom - Image 5', 4);
INSERT INTO hotel_images (hotel_id, image_url, alt_text, sort_order) VALUES (75, 'https://daydreamhub.com/wp-content/uploads/2025/08/1619980596.webp', 'Tajmani Hostel Arequipa / Double Family Bedroom - Image 6', 5);
INSERT INTO hotel_images (hotel_id, image_url, alt_text, sort_order) VALUES (75, 'https://daydreamhub.com/wp-content/uploads/2025/08/1620124438.webp', 'Tajmani Hostel Arequipa / Double Family Bedroom - Image 7', 6);
INSERT INTO hotels (id, name, slug, description, city, country, address, rating, thumbnail_url, categories, amenities, property_type, is_active) VALUES (76, 'Holiday Inn Ulaanbaatar / Standard King Room', 'holiday-inn-ulaanbaatar-standard-king-room-2', '※The Morning Plan is not available for same-day reservations.
 Bookings must be made by 6:00 PM on the previous day.
 ————————————————
 Holiday Inn Ulaanbaatar is ideally located in the Chingeltei district in Ulaanbaatar, 984 feet from Ulaanbaatar Opera House and 15 minutes’ walk from Chinggis Khaan Square.

National Museum of Mongolian History is 0.7 mi from Holiday Inn Ulaanbaatar, while Sukhbaatar Square is 0.7 mi from the property. Chinggis Khaan International Airport is less than 20 minutes’ drive away and all the fascinating sights of the city are also within easy walking distance from the hotel such as the Government House,

Holiday Inn Ulaanbaatar features purpose built meeting rooms and a spacious ballroom for large events.', 'Ulaanbaatar', 'Mongolia', '', 0, 'https://daydreamhub.com/wp-content/uploads/2025/08/245806581.jpg', '["daycation","for_couple"]', '["Bar / Restaurant","Coin laundry","Currency Exchange","Elevator in Building","Luggage Storage","Parking on Premises","Sauna","Wheelchair Accessible","Air Conditioner (Cooling)","Air Conditioner (Heating)","Desk/Workspace","Electric pot","Free Wi-Fi","Hair Dryer","Night wear","Refrigerator","Shampoo","Shower","TEL","Toothbrush","Towels","TV"]', 'Hotel', 1);
INSERT INTO plans (hotel_id, name, description, price_usd, check_in_time, check_out_time, plan_type, max_guests, is_active) VALUES (76, '【6H】Morning(prepayment)', '', 75, '6:00', '12:00', 'daycation', 2, 1);
INSERT INTO plans (hotel_id, name, description, price_usd, check_in_time, check_out_time, plan_type, max_guests, is_active) VALUES (76, '【10H】Daytime (prepayment)', '', 85, '10:00', '20:00', 'daycation', 2, 1);
INSERT INTO plans (hotel_id, name, description, price_usd, check_in_time, check_out_time, plan_type, max_guests, is_active) VALUES (76, '【28H】Overnight(prepayment)', '', 145, '8:00', '12:00', 'overnight', 2, 1);
INSERT INTO hotel_images (hotel_id, image_url, alt_text, sort_order) VALUES (76, 'https://daydreamhub.com/wp-content/uploads/2025/08/245806581.jpg', 'Holiday Inn Ulaanbaatar / Standard King Room - Image 1', 0);
INSERT INTO hotel_images (hotel_id, image_url, alt_text, sort_order) VALUES (76, 'https://daydreamhub.com/wp-content/uploads/2025/08/245756673.jpg', 'Holiday Inn Ulaanbaatar / Standard King Room - Image 2', 1);
INSERT INTO hotel_images (hotel_id, image_url, alt_text, sort_order) VALUES (76, 'https://daydreamhub.com/wp-content/uploads/2025/08/245756574.jpg', 'Holiday Inn Ulaanbaatar / Standard King Room - Image 3', 2);
INSERT INTO hotel_images (hotel_id, image_url, alt_text, sort_order) VALUES (76, 'https://daydreamhub.com/wp-content/uploads/2025/08/245756952.jpg', 'Holiday Inn Ulaanbaatar / Standard King Room - Image 4', 3);
INSERT INTO hotel_images (hotel_id, image_url, alt_text, sort_order) VALUES (76, 'https://daydreamhub.com/wp-content/uploads/2025/08/245756903.jpg', 'Holiday Inn Ulaanbaatar / Standard King Room - Image 5', 4);
INSERT INTO hotels (id, name, slug, description, city, country, address, rating, thumbnail_url, categories, amenities, property_type, is_active) VALUES (77, 'PLATINUM MOTEL/ DELUXE ROOM', 'platinum-motel-king-suite', '※The Morning Plan is not available for same-day reservations.
 Bookings must be made by 6:00 PM on the previous day.
 ————————————————
 Platinum Motel in Cannington offers family rooms with air-conditioning, private bathrooms, and modern amenities.', 'Perth', 'Australia', '', 0, 'https://daydreamhub.com/wp-content/uploads/2025/06/スクリーンショット-2025-06-29-233829.jpg', '["daycation","early_check-in","for_work","personal_time","transit_use"]', '["Parking on Premises","Pool","Wheelchair Accessible","Air Conditioner (Cooling)","Air Conditioner (Heating)","Free Wi-Fi","Hair Dryer","Refrigerator","Shampoo","Shower","TEL","Toothbrush","Towels","TV"]', 'Private Room', 1);
INSERT INTO plans (hotel_id, name, description, price_usd, check_in_time, check_out_time, plan_type, max_guests, is_active) VALUES (77, '【4H】Morning(prepayment)', '', 100, '9:00', '13:00', 'daycation', 2, 1);
INSERT INTO plans (hotel_id, name, description, price_usd, check_in_time, check_out_time, plan_type, max_guests, is_active) VALUES (77, '【8H】Daytime (prepayment)', '', 105, '10:00', '18:00', 'daycation', 2, 1);
INSERT INTO plans (hotel_id, name, description, price_usd, check_in_time, check_out_time, plan_type, max_guests, is_active) VALUES (77, '【11H】Overnight(prepayment)', '', 110, '21:00', '10:00', 'overnight', 2, 1);
INSERT INTO hotel_images (hotel_id, image_url, alt_text, sort_order) VALUES (77, 'https://daydreamhub.com/wp-content/uploads/2025/06/スクリーンショット-2025-06-29-233829.jpg', 'PLATINUM MOTEL/ DELUXE ROOM - Image 1', 0);
INSERT INTO hotel_images (hotel_id, image_url, alt_text, sort_order) VALUES (77, 'https://daydreamhub.com/wp-content/uploads/2025/06/スクリーンショット-2025-06-29-233751.jpg', 'PLATINUM MOTEL/ DELUXE ROOM - Image 2', 1);
INSERT INTO hotel_images (hotel_id, image_url, alt_text, sort_order) VALUES (77, 'https://daydreamhub.com/wp-content/uploads/2025/07/スクリーンショット-2025-07-22-235905.jpg', 'PLATINUM MOTEL/ DELUXE ROOM - Image 3', 2);
INSERT INTO hotels (id, name, slug, description, city, country, address, rating, thumbnail_url, categories, amenities, property_type, is_active) VALUES (78, '185@Surawong Residence / Standard', '185surawong-residence-standard', '※The Morning Plan is not available for same-day reservations.
 Bookings must be made by 6:00 PM on the previous day.
 ————————————————
 Comfortable Accommodations: 185@Surawong Residence in Bangkok offers four-star comfort with air-conditioning, private bathrooms, refrigerators, work desks, free toiletries, showers, TVs, and wardrobes. Balconies provide relaxing outdoor spaces.

Convenient Facilities: Guests benefit from a elevator, 24-hour front desk, housekeeping service, full-day security, and bicycle parking. Free on-site private parking is available.

Prime Location: Located 17 mi from Don Mueang International Airport, the hotel is near One Bangkok, MBK Center, Siam Paragon Mall, and other attractions. Highly rated by guests.', 'Bangkok', 'Thailand', '', 0, 'https://daydreamhub.com/wp-content/uploads/2025/06/mg-3610_1_orig.jpg', '["daycation","for_work"]', '["Parking on Premises","Air Conditioner (Cooling)","Air Conditioner (Heating)","Electric pot","Free Wi-Fi","Hair Dryer","Refrigerator","Shampoo","Shower","Towels","TV"]', 'Hotel', 1);
INSERT INTO plans (hotel_id, name, description, price_usd, check_in_time, check_out_time, plan_type, max_guests, is_active) VALUES (78, '【6H】Morning(prepayment)', '', 15, '6:00', '12:00', 'daycation', 2, 1);
INSERT INTO plans (hotel_id, name, description, price_usd, check_in_time, check_out_time, plan_type, max_guests, is_active) VALUES (78, '【10H】Daytime (prepayment)', '', 17, '10:00', '20:00', 'daycation', 2, 1);
INSERT INTO plans (hotel_id, name, description, price_usd, check_in_time, check_out_time, plan_type, max_guests, is_active) VALUES (78, '【28H】Overnight(prepayment)', '', 30, '8:00', '12:00', 'overnight', 2, 1);
INSERT INTO hotel_images (hotel_id, image_url, alt_text, sort_order) VALUES (78, 'https://daydreamhub.com/wp-content/uploads/2025/06/mg-3610_1_orig.jpg', '185@Surawong Residence / Standard - Image 1', 0);
INSERT INTO hotel_images (hotel_id, image_url, alt_text, sort_order) VALUES (78, 'https://daydreamhub.com/wp-content/uploads/2025/06/bsd-standard-new-pic04_1_orig.jpg', '185@Surawong Residence / Standard - Image 2', 1);
INSERT INTO hotel_images (hotel_id, image_url, alt_text, sort_order) VALUES (78, 'https://daydreamhub.com/wp-content/uploads/2025/06/bsd-standard-new-pic03_1_orig.jpg', '185@Surawong Residence / Standard - Image 3', 2);
INSERT INTO hotel_images (hotel_id, image_url, alt_text, sort_order) VALUES (78, 'https://daydreamhub.com/wp-content/uploads/2025/06/185surawong-standard-pic02_2_orig.jpg', '185@Surawong Residence / Standard - Image 4', 3);
INSERT INTO hotels (id, name, slug, description, city, country, address, rating, thumbnail_url, categories, amenities, property_type, is_active) VALUES (79, 'Summerset Continental Hotel / Superior Room', 'summerset-continental-hotel-superior-room', '※The Morning Plan is not available for same-day reservations.
 Bookings must be made by 6:00 PM on the previous day.
 ————————————————
 Experience unparalleled comfort and luxury in our exquisitely designed Superior Rooms, dedicated to providing  the utmost relaxation and indulgence for our esteemed guests.', 'Abuja (F.c.t.)', 'Nigeria', '', 6, 'https://daydreamhub.com/wp-content/uploads/2025/06/575064547.jpg', '["early_check-in","for_couple","for_work","personal_time","transit_use"]', '["Bar / Restaurant","Luggage Storage","Parking on Premises","Pool","Air Conditioner (Cooling)","Air Conditioner (Heating)","Desk/Workspace","Free Wi-Fi","Hair Dryer","Kitchen","Refrigerator","Shampoo","Shower","TEL","Towels","TV"]', 'Hotel', 1);
INSERT INTO plans (hotel_id, name, description, price_usd, check_in_time, check_out_time, plan_type, max_guests, is_active) VALUES (79, '【6H】Morning(prepayment)', '', 70, '6:00', '12:00', 'early_check-in', 2, 1);
INSERT INTO plans (hotel_id, name, description, price_usd, check_in_time, check_out_time, plan_type, max_guests, is_active) VALUES (79, '【10H】Dayuse(prepayment)', '', 80, '10:00', '20:00', 'early_check-in', 2, 1);
INSERT INTO plans (hotel_id, name, description, price_usd, check_in_time, check_out_time, plan_type, max_guests, is_active) VALUES (79, '【22H】Overnight(prepayment)', '', 120, '14:00', '12:00', 'overnight', 2, 1);
INSERT INTO hotel_images (hotel_id, image_url, alt_text, sort_order) VALUES (79, 'https://daydreamhub.com/wp-content/uploads/2025/06/575064547.jpg', 'Summerset Continental Hotel / Superior Room - Image 1', 0);
INSERT INTO hotel_images (hotel_id, image_url, alt_text, sort_order) VALUES (79, 'https://daydreamhub.com/wp-content/uploads/2025/06/580356351.jpg', 'Summerset Continental Hotel / Superior Room - Image 2', 1);
INSERT INTO hotel_images (hotel_id, image_url, alt_text, sort_order) VALUES (79, 'https://daydreamhub.com/wp-content/uploads/2025/06/580356652.jpg', 'Summerset Continental Hotel / Superior Room - Image 3', 2);
INSERT INTO hotel_images (hotel_id, image_url, alt_text, sort_order) VALUES (79, 'https://daydreamhub.com/wp-content/uploads/2025/06/575418304.jpg', 'Summerset Continental Hotel / Superior Room - Image 4', 3);
INSERT INTO hotel_images (hotel_id, image_url, alt_text, sort_order) VALUES (79, 'https://daydreamhub.com/wp-content/uploads/2025/06/575418312.jpg', 'Summerset Continental Hotel / Superior Room - Image 5', 4);
INSERT INTO hotel_images (hotel_id, image_url, alt_text, sort_order) VALUES (79, 'https://daydreamhub.com/wp-content/uploads/2025/06/582537382.jpg', 'Summerset Continental Hotel / Superior Room - Image 6', 5);
INSERT INTO hotel_images (hotel_id, image_url, alt_text, sort_order) VALUES (79, 'https://daydreamhub.com/wp-content/uploads/2025/06/582361905.jpg', 'Summerset Continental Hotel / Superior Room - Image 7', 6);
INSERT INTO hotel_images (hotel_id, image_url, alt_text, sort_order) VALUES (79, 'https://daydreamhub.com/wp-content/uploads/2025/06/575061324.jpg', 'Summerset Continental Hotel / Superior Room - Image 8', 7);
INSERT INTO hotels (id, name, slug, description, city, country, address, rating, thumbnail_url, categories, amenities, property_type, is_active) VALUES (80, 'Hotel test K', 'hotel-test-k', 'Test listing property please ignore', 'Kyoto', 'Japan', '', 0, 'https://daydreamhub.com/wp-content/uploads/2025/09/Flux_Dev_A_neat_office_desk_scene_with_a_laptop_open_a_clean_d_0.jpg', '["daycation"]', '["ATM","Bar / Restaurant","Currency Exchange","Elevator in Building","Laundry Service"]', 'Villa', 1);
INSERT INTO plans (hotel_id, name, description, price_usd, check_in_time, check_out_time, plan_type, max_guests, is_active) VALUES (80, 'Daycation(payment on location)', '', 20, '6:00', '24:00', 'daycation', 2, 1);
INSERT INTO plans (hotel_id, name, description, price_usd, check_in_time, check_out_time, plan_type, max_guests, is_active) VALUES (80, 'Daycation2(prepayment)', '', 25, '6:00', '23:00', 'daycation', 2, 1);
INSERT INTO hotel_images (hotel_id, image_url, alt_text, sort_order) VALUES (80, 'https://daydreamhub.com/wp-content/uploads/2025/09/Flux_Dev_A_neat_office_desk_scene_with_a_laptop_open_a_clean_d_0.jpg', 'Hotel test K - Image 1', 0);
INSERT INTO hotels (id, name, slug, description, city, country, address, rating, thumbnail_url, categories, amenities, property_type, is_active) VALUES (81, 'Hotel test M', 'hotel-test-m', 'test room descriptons', 'Tokyo', 'Japan', '', 0, 'https://daydreamhub.com/wp-content/uploads/2023/05/ddh_logo_white.png', '["daycation"]', '["ATM","Bar / Restaurant","Gym","Luggage Storage","Pool","Vending machine","Wheelchair Accessible","Desk/Workspace","Hair Dryer","Kitchen"]', 'Shared Room', 1);
INSERT INTO plans (hotel_id, name, description, price_usd, check_in_time, check_out_time, plan_type, max_guests, is_active) VALUES (81, 'Daycation(payment on location)', '', 20, '10:00', '24:00', 'daycation', 2, 1);
INSERT INTO hotel_images (hotel_id, image_url, alt_text, sort_order) VALUES (81, 'https://daydreamhub.com/wp-content/uploads/2023/05/ddh_logo_white.png', 'Hotel test M - Image 1', 0);
INSERT INTO hotel_images (hotel_id, image_url, alt_text, sort_order) VALUES (81, 'https://daydreamhub.com/wp-content/uploads/2023/05/ddh_logo.png', 'Hotel test M - Image 2', 1);
INSERT INTO hotel_images (hotel_id, image_url, alt_text, sort_order) VALUES (81, 'https://daydreamhub.com/wp-content/uploads/2026/01/SANDBOX-FA-LOGO-square-black-1.png', 'Hotel test M - Image 3', 2);
INSERT INTO hotel_images (hotel_id, image_url, alt_text, sort_order) VALUES (81, 'https://daydreamhub.com/wp-content/uploads/2024/08/ddh_logo-4.png', 'Hotel test M - Image 4', 3);
INSERT INTO hotels (id, name, slug, description, city, country, address, rating, thumbnail_url, categories, amenities, property_type, is_active) VALUES (82, 'AMSTEL HouseBoats NEW LAKE', 'amstel-houseboats-new-lake-2', '※The Morning Plan is not available for same-day reservations.
 Bookings must be made by 6:00 PM on the previous day.
 ————————————————
 This room (18m2) with lake view is suitable for singles or a couple. This boat is located near the Olympic Stadium. It has its own entrance which you directly enter from the jetty in front of the houseboat. The room has a very big sliding door window.

sleeping, bathing and living
 This room is modest in size but cleverly furnished and equipped with all comforts. The en-suite bathroom has a shower, sink, toilet and heating. Linen, towels and soap are provided. Next to a little cabinet with coffee and tea making facilities there is a small table to relax and to enjoy the river view. The room is furnished with a luxury kingsize bed.

key-less entry
 No Keys required at AMSTEL HouseBoat. Use your Phone and a digital key to open the door. Simple as that. We will send you an email with an App prior to your arrival. Just make sure Bluetooth is on and enter with the push of a button.

free bicycles
 There are free bikes provided at NEW LAKE HouseBoat. This way you’ll ride through town in a flash. Amsterdam is quite small; you’ll get to Dam Square in a 15 minute ride.', 'Amsterdam', 'Netherlands', '', 0, 'https://daydreamhub.com/wp-content/uploads/2025/06/3fe86fe992a7336cfa2843ac208076200c181d6644bffc0d50dbdd4ccec93841-1.webp', '["daycation","early_check-in","for_couple","for_work","transit_use"]', '["Massage","Pool","Air Conditioner (Cooling)","Air Conditioner (Heating)","Coffee maker","Electric pot","Free Wi-Fi","Hair Dryer","Refrigerator","Shampoo","Shower","Towels","TV"]', 'B&B', 1);
INSERT INTO plans (hotel_id, name, description, price_usd, check_in_time, check_out_time, plan_type, max_guests, is_active) VALUES (82, '【3H】Early Check In(prepayment) 9:00 - 12:00(prepayment)', '', 99, '9:00', '12:00', 'daycation', 2, 1);
INSERT INTO plans (hotel_id, name, description, price_usd, check_in_time, check_out_time, plan_type, max_guests, is_active) VALUES (82, '【3H】Daytime(prepayment) 12:00 - 15:00(prepayment)', '', 99, '12:00', '15:00', 'daycation', 2, 1);
INSERT INTO plans (hotel_id, name, description, price_usd, check_in_time, check_out_time, plan_type, max_guests, is_active) VALUES (82, '【3H】Afternoon(prepayment) 15:00 - 18:00(prepayment)', '', 99, '15:00', '18:00', 'daycation', 2, 1);
INSERT INTO plans (hotel_id, name, description, price_usd, check_in_time, check_out_time, plan_type, max_guests, is_active) VALUES (82, '【6H】Morning(prepayment) 9:00 - 15:00(prepayment)', '', 149, '9:00', '15:00', 'daycation', 2, 1);
INSERT INTO plans (hotel_id, name, description, price_usd, check_in_time, check_out_time, plan_type, max_guests, is_active) VALUES (82, '【6H】Noon(prepayment) 12:00 - 18:00(prepayment)', '', 149, '12:00', '18:00', 'daycation', 2, 1);
INSERT INTO plans (hotel_id, name, description, price_usd, check_in_time, check_out_time, plan_type, max_guests, is_active) VALUES (82, '【9H】All Day(prepayment) 9:00 - 18:00(prepayment)', '', 199, '9:00', '18:00', 'daycation', 2, 1);
INSERT INTO hotel_images (hotel_id, image_url, alt_text, sort_order) VALUES (82, 'https://daydreamhub.com/wp-content/uploads/2025/06/3fe86fe992a7336cfa2843ac208076200c181d6644bffc0d50dbdd4ccec93841-1.webp', 'AMSTEL HouseBoats NEW LAKE - Image 1', 0);
INSERT INTO hotel_images (hotel_id, image_url, alt_text, sort_order) VALUES (82, 'https://daydreamhub.com/wp-content/uploads/2025/06/NEW-LAKE-Studio-D-overview-towards-water.webp', 'AMSTEL HouseBoats NEW LAKE - Image 2', 1);
INSERT INTO hotel_images (hotel_id, image_url, alt_text, sort_order) VALUES (82, 'https://daydreamhub.com/wp-content/uploads/2025/06/NEW-LAKE-Studio-D-bed.webp', 'AMSTEL HouseBoats NEW LAKE - Image 3', 2);
INSERT INTO hotel_images (hotel_id, image_url, alt_text, sort_order) VALUES (82, 'https://daydreamhub.com/wp-content/uploads/2025/06/8f430fda6b60f90059ef01284cebb25e990cf66c30df6a1127f15ebc562ffb15.webp', 'AMSTEL HouseBoats NEW LAKE - Image 4', 3);
INSERT INTO hotel_images (hotel_id, image_url, alt_text, sort_order) VALUES (82, 'https://daydreamhub.com/wp-content/uploads/2025/06/NEW-LAKE-Studio-D-fridge.webp', 'AMSTEL HouseBoats NEW LAKE - Image 5', 4);
INSERT INTO hotel_images (hotel_id, image_url, alt_text, sort_order) VALUES (82, 'https://daydreamhub.com/wp-content/uploads/2025/06/NEW-LAKE-bluetooth-and-glasses.webp', 'AMSTEL HouseBoats NEW LAKE - Image 6', 5);
INSERT INTO hotel_images (hotel_id, image_url, alt_text, sort_order) VALUES (82, 'https://daydreamhub.com/wp-content/uploads/2025/06/NEW-LAKE-smart-TV.webp', 'AMSTEL HouseBoats NEW LAKE - Image 7', 6);
INSERT INTO hotel_images (hotel_id, image_url, alt_text, sort_order) VALUES (82, 'https://daydreamhub.com/wp-content/uploads/2025/06/NEW-LAKE-Japanese-style-toilet.webp', 'AMSTEL HouseBoats NEW LAKE - Image 8', 7);
INSERT INTO hotel_images (hotel_id, image_url, alt_text, sort_order) VALUES (82, 'https://daydreamhub.com/wp-content/uploads/2025/06/NEW-LAKE-deck-view-towards-start.webp', 'AMSTEL HouseBoats NEW LAKE - Image 9', 8);
INSERT INTO hotel_images (hotel_id, image_url, alt_text, sort_order) VALUES (82, 'https://daydreamhub.com/wp-content/uploads/2025/06/entrance-Studio-D.webp', 'AMSTEL HouseBoats NEW LAKE - Image 10', 9);
INSERT INTO hotel_images (hotel_id, image_url, alt_text, sort_order) VALUES (82, 'https://daydreamhub.com/wp-content/uploads/2025/06/HouseBoat-at-the-NEW-LAKE.webp', 'AMSTEL HouseBoats NEW LAKE - Image 11', 10);
INSERT INTO hotel_images (hotel_id, image_url, alt_text, sort_order) VALUES (82, 'https://daydreamhub.com/wp-content/uploads/2025/06/910c39b04731c7b6c1ecf348df128d14d3a2ca0fb90d64cc7679f4feb8064fc8.webp', 'AMSTEL HouseBoats NEW LAKE - Image 12', 11);
INSERT INTO hotels (id, name, slug, description, city, country, address, rating, thumbnail_url, categories, amenities, property_type, is_active) VALUES (83, 'Hotel Villa Orio e Beatrice / Double Room', 'hotel-villa-orio-e-beatrice-double-room-2', 'Morning plant is not available for same-day reservations.
 Bookings must be made by 6PM on the previous day.
 For regular day-use or overnight stay plans, please make your reservation at least one day in advance.

Set in the most tranquil, green and charming neighborhood of Lido, Hotel Villa Orio e Beatrice is found in the Alberoni area, 1640 feet from the Circolo Golf Venezia. Rooms offer free wired internet.

Hotel Villa Orio e Beatrice offers an enchanting and exclusive view of the sun setting over the Venetian lagoon. The journey to Venice, by bus and water-bus, takes approximately 40 minutes.

Hotel Villa Orio e Beatrice is surrounded by a cool garden and features comfortable lounge areas. Rooms are tastefully furnished and feature air conditioning and a private bathroom with shower.

Breakfast includes cold meats and cheeses, cakes and pastries, yogurt and fresh fruit.

Hotel Villa Orio e Beatrice is surrounded by many restaurants, bars and markets. It is near a pine wood and Alberoni Beach, one of the widest and most well-kept on Lido Island.', 'Venice', 'Italy', '', 0, 'https://daydreamhub.com/wp-content/uploads/2024/11/211156880.jpg', '["early_check-in","for_work","transit_use"]', '["Bar / Restaurant","Luggage Storage","Parking on Premises","Wheelchair Accessible","Air Conditioner (Cooling)","Air Conditioner (Heating)","Bathtub","Free Wi-Fi","Hair Dryer","Refrigerator","Shampoo","Shower","Toothbrush","Towels","TV"]', 'Hotel', 1);
INSERT INTO plans (hotel_id, name, description, price_usd, check_in_time, check_out_time, plan_type, max_guests, is_active) VALUES (83, '【7H】Morning(prepayment)', '', 70, '6:00', '13:00', 'early_check-in', 2, 1);
INSERT INTO plans (hotel_id, name, description, price_usd, check_in_time, check_out_time, plan_type, max_guests, is_active) VALUES (83, '【10H】Daytime(prepayment)', '', 80, '10:00', '20:00', 'early_check-in', 2, 1);
INSERT INTO plans (hotel_id, name, description, price_usd, check_in_time, check_out_time, plan_type, max_guests, is_active) VALUES (83, '【20H】Overnight(prepayment)', '', 120, '14:00', '10:00', 'overnight', 2, 1);
INSERT INTO hotel_images (hotel_id, image_url, alt_text, sort_order) VALUES (83, 'https://daydreamhub.com/wp-content/uploads/2024/11/211156880.jpg', 'Hotel Villa Orio e Beatrice / Double Room - Image 1', 0);
INSERT INTO hotels (id, name, slug, description, city, country, address, rating, thumbnail_url, categories, amenities, property_type, is_active) VALUES (84, 'Kenya Comfort Hotel / Superior Double Room', 'kenya-comfort-hotel-superior-double-room', '※The Morning Plan is not available for same-day reservations.
 Bookings must be made by 6:00 PM on the previous day.
 Kenya Comfort Suites in Nairobi offers family rooms with private bathrooms, wardrobes, and free toiletries. Each room includes a TV and shower facilities, ensuring a pleasant stay.
 ————————————————', 'Nairobi', 'Kenya', '', 0, 'https://daydreamhub.com/wp-content/uploads/2025/06/676679241.jpg', '["daycation","for_couple"]', '["Bar / Restaurant","Currency Exchange","Elevator in Building","Laundry Service","Luggage Storage","Massage","Sauna","Wheelchair Accessible","Air Conditioner (Cooling)","Air Conditioner (Heating)","Desk/Workspace","Electric pot","Free Wi-Fi","Hair Dryer","Refrigerator","Shampoo","Shower","TEL","Toothbrush","Towels","TV"]', 'Hotel', 1);
INSERT INTO plans (hotel_id, name, description, price_usd, check_in_time, check_out_time, plan_type, max_guests, is_active) VALUES (84, '【6H】Morning(prepayment)', '', 40, '6:00', '12:00', 'daycation', 2, 1);
INSERT INTO plans (hotel_id, name, description, price_usd, check_in_time, check_out_time, plan_type, max_guests, is_active) VALUES (84, '【8H】Daytime (prepayment)', '', 40, '10:00', '18:00', 'daycation', 2, 1);
INSERT INTO plans (hotel_id, name, description, price_usd, check_in_time, check_out_time, plan_type, max_guests, is_active) VALUES (84, '【8H】Airport Shuttle(prepayment)', '', 65, '10:00', '18:00', 'daycation', 2, 1);
INSERT INTO plans (hotel_id, name, description, price_usd, check_in_time, check_out_time, plan_type, max_guests, is_active) VALUES (84, '【24H】Overnight(prepayment)', '', 60, '10:00', '10:00', 'overnight', 2, 1);
INSERT INTO hotel_images (hotel_id, image_url, alt_text, sort_order) VALUES (84, 'https://daydreamhub.com/wp-content/uploads/2025/06/676679241.jpg', 'Kenya Comfort Hotel / Superior Double Room - Image 1', 0);
INSERT INTO hotel_images (hotel_id, image_url, alt_text, sort_order) VALUES (84, 'https://daydreamhub.com/wp-content/uploads/2025/06/IMG-20250417-WA0073.jpg', 'Kenya Comfort Hotel / Superior Double Room - Image 2', 1);
INSERT INTO hotel_images (hotel_id, image_url, alt_text, sort_order) VALUES (84, 'https://daydreamhub.com/wp-content/uploads/2025/06/IMG-20250417-WA0075.jpg', 'Kenya Comfort Hotel / Superior Double Room - Image 3', 2);
INSERT INTO hotel_images (hotel_id, image_url, alt_text, sort_order) VALUES (84, 'https://daydreamhub.com/wp-content/uploads/2025/06/IMG-20250417-WA0139.jpg', 'Kenya Comfort Hotel / Superior Double Room - Image 4', 3);
INSERT INTO hotels (id, name, slug, description, city, country, address, rating, thumbnail_url, categories, amenities, property_type, is_active) VALUES (85, 'Kenya Comfort Hotel / Standard Double Room', 'kenya-comfort-hotel-standard-double-room', '※The Morning Plan is not available for same-day reservations.
 Bookings must be made by 6:00 PM on the previous day.
 Kenya Comfort Suites in Nairobi offers family rooms with private bathrooms, wardrobes, and free toiletries. Each room includes a TV and shower facilities, ensuring a pleasant stay.
 ————————————————', 'Nairobi', 'Kenya', '', 6, 'https://daydreamhub.com/wp-content/uploads/2025/06/593180116.jpg', '["daycation","for_couple"]', '["Bar / Restaurant","Currency Exchange","Elevator in Building","Laundry Service","Luggage Storage","Massage","Sauna","Wheelchair Accessible","Desk/Workspace","Free Wi-Fi","Hair Dryer","Refrigerator","Shampoo","Shower","TEL","Toothbrush","Towels","TV"]', 'Hotel', 1);
INSERT INTO plans (hotel_id, name, description, price_usd, check_in_time, check_out_time, plan_type, max_guests, is_active) VALUES (85, '【6H】Morning(prepayment)', '', 40, '6:00', '12:00', 'daycation', 2, 1);
INSERT INTO plans (hotel_id, name, description, price_usd, check_in_time, check_out_time, plan_type, max_guests, is_active) VALUES (85, '【8H】Daytime (prepayment)', '', 40, '10:00', '18:00', 'daycation', 2, 1);
INSERT INTO plans (hotel_id, name, description, price_usd, check_in_time, check_out_time, plan_type, max_guests, is_active) VALUES (85, '【8H】Airport Shuttle(prepayment)', '', 65, '10:00', '18:00', 'daycation', 2, 1);
INSERT INTO plans (hotel_id, name, description, price_usd, check_in_time, check_out_time, plan_type, max_guests, is_active) VALUES (85, '【24H】Overnight(prepayment)', '', 60, '10:00', '10:00', 'overnight', 2, 1);
INSERT INTO hotel_images (hotel_id, image_url, alt_text, sort_order) VALUES (85, 'https://daydreamhub.com/wp-content/uploads/2025/06/593180116.jpg', 'Kenya Comfort Hotel / Standard Double Room - Image 1', 0);
INSERT INTO hotel_images (hotel_id, image_url, alt_text, sort_order) VALUES (85, 'https://daydreamhub.com/wp-content/uploads/2025/06/593188604.jpg', 'Kenya Comfort Hotel / Standard Double Room - Image 2', 1);
INSERT INTO hotel_images (hotel_id, image_url, alt_text, sort_order) VALUES (85, 'https://daydreamhub.com/wp-content/uploads/2025/06/IMG-20250417-WA0083.jpg', 'Kenya Comfort Hotel / Standard Double Room - Image 3', 2);
INSERT INTO hotel_images (hotel_id, image_url, alt_text, sort_order) VALUES (85, 'https://daydreamhub.com/wp-content/uploads/2025/06/IMG-20250417-WA0073-1.jpg', 'Kenya Comfort Hotel / Standard Double Room - Image 4', 3);
INSERT INTO hotels (id, name, slug, description, city, country, address, rating, thumbnail_url, categories, amenities, property_type, is_active) VALUES (86, 'Kenya Comfort Suites / Standard Double Room', 'kenya-comfort-suites-standard-double-room-copy', '※The Morning Plan is not available for same-day reservations.
 Bookings must be made by 6:00 PM on the previous day.
 Kenya Comfort Suites in Nairobi offers family rooms with private bathrooms, wardrobes, and free toiletries. Each room includes a TV and shower facilities, ensuring a pleasant stay.
 ————————————————', 'Nairobi', 'Kenya', '', 0, 'https://daydreamhub.com/wp-content/uploads/2025/05/スクリーンショット-2025-05-26-233527.jpg', '["daycation","for_couple"]', '["Bar / Restaurant","Currency Exchange","Elevator in Building","Laundry Service","Luggage Storage","Massage","Parking on Premises","Pool","Sauna","Wheelchair Accessible","Air Conditioner (Cooling)","Air Conditioner (Heating)","Desk/Workspace","Electric pot","Free Wi-Fi","Hair Dryer","Refrigerator","Shampoo","Shower","TEL","Toothbrush","Towels","TV"]', 'Hotel', 1);
INSERT INTO plans (hotel_id, name, description, price_usd, check_in_time, check_out_time, plan_type, max_guests, is_active) VALUES (86, '【6H】Morning(prepayment)', '', 40, '6:00', '12:00', 'daycation', 2, 1);
INSERT INTO plans (hotel_id, name, description, price_usd, check_in_time, check_out_time, plan_type, max_guests, is_active) VALUES (86, '【8H】Daytime (prepayment)', '', 40, '10:00', '18:00', 'daycation', 2, 1);
INSERT INTO plans (hotel_id, name, description, price_usd, check_in_time, check_out_time, plan_type, max_guests, is_active) VALUES (86, '【8H】Airport Shuttle(prepayment)', '', 65, '10:00', '18:00', 'daycation', 2, 1);
INSERT INTO plans (hotel_id, name, description, price_usd, check_in_time, check_out_time, plan_type, max_guests, is_active) VALUES (86, '【24H】Overnight(prepayment)', '', 60, '10:00', '10:00', 'overnight', 2, 1);
INSERT INTO hotel_images (hotel_id, image_url, alt_text, sort_order) VALUES (86, 'https://daydreamhub.com/wp-content/uploads/2025/05/スクリーンショット-2025-05-26-233527.jpg', 'Kenya Comfort Suites / Standard Double Room - Image 1', 0);
INSERT INTO hotels (id, name, slug, description, city, country, address, rating, thumbnail_url, categories, amenities, property_type, is_active) VALUES (87, 'Hotel La Villa de Zaragoza/ Villa King', 'hotel-la-villa-de-zaragoza-villa-king', 'Single King Bedroom, with smart TV, mini fridge (not stocked), hairdryer, ironing area, and a safe box.

Morning plan: Last minute booking is not available, please book a day in advance (before 3 pm)', 'Tijuana', 'Mexico', '', 0, 'https://daydreamhub.com/wp-content/uploads/2025/05/20210630_125059.jpg', '["early_check-in","for_couple","for_work","personal_time"]', '["Laundry Service","Luggage Storage","Parking on Premises","Wheelchair Accessible","Air Conditioner (Cooling)","Air Conditioner (Heating)","Coffee maker","Desk/Workspace","Free Wi-Fi","Hair Dryer","Refrigerator","Shampoo","Shower","TEL","Towels","TV"]', 'Hotel', 1);
INSERT INTO plans (hotel_id, name, description, price_usd, check_in_time, check_out_time, plan_type, max_guests, is_active) VALUES (87, 'Overnight (prepayment)', '', 108, '15:00', '12:00', 'overnight', 2, 1);
INSERT INTO plans (hotel_id, name, description, price_usd, check_in_time, check_out_time, plan_type, max_guests, is_active) VALUES (87, 'Morning(prepayment)', '', 32, '6:00', '12:00', 'early_check-in', 2, 1);
INSERT INTO hotel_images (hotel_id, image_url, alt_text, sort_order) VALUES (87, 'https://daydreamhub.com/wp-content/uploads/2025/05/20210630_125059.jpg', 'Hotel La Villa de Zaragoza/ Villa King - Image 1', 0);
INSERT INTO hotel_images (hotel_id, image_url, alt_text, sort_order) VALUES (87, 'https://daydreamhub.com/wp-content/uploads/2025/05/20210630_125137.jpg', 'Hotel La Villa de Zaragoza/ Villa King - Image 2', 1);
INSERT INTO hotel_images (hotel_id, image_url, alt_text, sort_order) VALUES (87, 'https://daydreamhub.com/wp-content/uploads/2025/05/IMG_0019.jpg', 'Hotel La Villa de Zaragoza/ Villa King - Image 3', 2);
INSERT INTO hotel_images (hotel_id, image_url, alt_text, sort_order) VALUES (87, 'https://daydreamhub.com/wp-content/uploads/2025/05/IMG_0030.jpg', 'Hotel La Villa de Zaragoza/ Villa King - Image 4', 3);
INSERT INTO hotel_images (hotel_id, image_url, alt_text, sort_order) VALUES (87, 'https://daydreamhub.com/wp-content/uploads/2025/05/IMG_0034.jpg', 'Hotel La Villa de Zaragoza/ Villa King - Image 5', 4);
INSERT INTO hotels (id, name, slug, description, city, country, address, rating, thumbnail_url, categories, amenities, property_type, is_active) VALUES (88, 'Hotel La Villa de Zaragoza/ Villa Queen Double Courtyard', 'villa-queen-double-courtyard', 'Double Villa Queen Courtyard rooms, have two queen beds, air conditioning, desk/vanity, safety box, mini-fridge ( not stocked), microwave, dinnerware and coffee maker.

Morning plan: Last minute booking is not available, please book a day in advance (before 3 pm)', 'Tijuana', 'Mexico', '', 0, 'https://daydreamhub.com/wp-content/uploads/2025/05/20250106_130604.jpg', '["daycation","early_check-in","for_work","personal_time"]', '["Laundry Service","Luggage Storage","Parking on Premises","Wheelchair Accessible","Air Conditioner (Cooling)","Air Conditioner (Heating)","Coffee maker","Desk/Workspace","Free Wi-Fi","Hair Dryer","Refrigerator","Shampoo","Shower","TEL","Towels","TV"]', 'Hotel', 1);
INSERT INTO plans (hotel_id, name, description, price_usd, check_in_time, check_out_time, plan_type, max_guests, is_active) VALUES (88, 'Overnight 2 person (prepayment)', '', 125, '15:00', '12:00', 'overnight', 2, 1);
INSERT INTO plans (hotel_id, name, description, price_usd, check_in_time, check_out_time, plan_type, max_guests, is_active) VALUES (88, 'Morning  2 person(prepayment)', '', 45, '6:00', '12:00', 'daycation', 2, 1);
INSERT INTO plans (hotel_id, name, description, price_usd, check_in_time, check_out_time, plan_type, max_guests, is_active) VALUES (88, 'Overnight 3 person (prepayment)', '', 136, '15:00', '12:00', 'overnight', 2, 1);
INSERT INTO plans (hotel_id, name, description, price_usd, check_in_time, check_out_time, plan_type, max_guests, is_active) VALUES (88, 'Morning 3 person (prepayment)', '', 50, '6:00', '12:00', 'daycation', 2, 1);
INSERT INTO plans (hotel_id, name, description, price_usd, check_in_time, check_out_time, plan_type, max_guests, is_active) VALUES (88, 'Overnight 4 person(prepayment)', '', 150, '15:00', '12:00', 'overnight', 2, 1);
INSERT INTO plans (hotel_id, name, description, price_usd, check_in_time, check_out_time, plan_type, max_guests, is_active) VALUES (88, 'Morning 4 person (prepayment)', '', 55, '6:00', '12:00', 'daycation', 2, 1);
INSERT INTO hotel_images (hotel_id, image_url, alt_text, sort_order) VALUES (88, 'https://daydreamhub.com/wp-content/uploads/2025/05/20250106_130604.jpg', 'Hotel La Villa de Zaragoza/ Villa Queen Double Courtyard - Image 1', 0);
INSERT INTO hotel_images (hotel_id, image_url, alt_text, sort_order) VALUES (88, 'https://daydreamhub.com/wp-content/uploads/2025/05/20230727_152323.jpg', 'Hotel La Villa de Zaragoza/ Villa Queen Double Courtyard - Image 2', 1);
INSERT INTO hotel_images (hotel_id, image_url, alt_text, sort_order) VALUES (88, 'https://daydreamhub.com/wp-content/uploads/2025/05/20230622_122336.jpg', 'Hotel La Villa de Zaragoza/ Villa Queen Double Courtyard - Image 3', 2);
INSERT INTO hotel_images (hotel_id, image_url, alt_text, sort_order) VALUES (88, 'https://daydreamhub.com/wp-content/uploads/2025/05/20230622_122411.jpg', 'Hotel La Villa de Zaragoza/ Villa Queen Double Courtyard - Image 4', 3);
INSERT INTO hotel_images (hotel_id, image_url, alt_text, sort_order) VALUES (88, 'https://daydreamhub.com/wp-content/uploads/2025/05/20230622_122709.jpg', 'Hotel La Villa de Zaragoza/ Villa Queen Double Courtyard - Image 5', 4);
INSERT INTO hotels (id, name, slug, description, city, country, address, rating, thumbnail_url, categories, amenities, property_type, is_active) VALUES (89, 'Le Bel Air Resort Luang Prabang / Pavie Pool or River View Bungalow', 'le-bel-air-resort-luang-prabang-pavie-pool-or-river-view-bungalow', '※The Morning Plan is not available for same-day reservations.
 Bookings must be made by 6:00 PM on the previous day.
 ————————————————
 Comfortable Accommodations: Le Bel Air Resort Luang Prabang in Luang Prabang offers 4-star comfort with spacious rooms featuring air-conditioning, private balconies, and modern amenities.', 'Luang Prabang', 'Laos', '', 5, 'https://daydreamhub.com/wp-content/uploads/2025/05/5612757_18092411250068124261.jpg', '["daycation","for_couple"]', '["Laundry Service","Luggage Storage","Parking on Premises","Pool","Air Conditioner (Cooling)","Air Conditioner (Heating)","Desk/Workspace","Electric pot","Free Wi-Fi","Hair Dryer","Shampoo","Shower","TEL","Toothbrush","Towels"]', 'Hotel', 1);
INSERT INTO plans (hotel_id, name, description, price_usd, check_in_time, check_out_time, plan_type, max_guests, is_active) VALUES (89, '【6H】Morning(prepayment)', '', 55, '6:00', '12:00', 'daycation', 2, 1);
INSERT INTO plans (hotel_id, name, description, price_usd, check_in_time, check_out_time, plan_type, max_guests, is_active) VALUES (89, '【10H】Daytime (prepayment)', '', 55, '10:00', '20:00', 'daycation', 2, 1);
INSERT INTO plans (hotel_id, name, description, price_usd, check_in_time, check_out_time, plan_type, max_guests, is_active) VALUES (89, '【22H】Overnight(prepayment)', '', 109, '14:00', '12:00', 'overnight', 2, 1);
INSERT INTO hotel_images (hotel_id, image_url, alt_text, sort_order) VALUES (89, 'https://daydreamhub.com/wp-content/uploads/2025/05/5612757_18092411250068124261.jpg', 'Le Bel Air Resort Luang Prabang / Pavie Pool or River View Bungalow - Image 1', 0);
INSERT INTO hotel_images (hotel_id, image_url, alt_text, sort_order) VALUES (89, 'https://daydreamhub.com/wp-content/uploads/2025/05/5612757_18092411250068124265.jpg', 'Le Bel Air Resort Luang Prabang / Pavie Pool or River View Bungalow - Image 2', 1);
INSERT INTO hotel_images (hotel_id, image_url, alt_text, sort_order) VALUES (89, 'https://daydreamhub.com/wp-content/uploads/2025/05/5612757_18092411250068124263.jpg', 'Le Bel Air Resort Luang Prabang / Pavie Pool or River View Bungalow - Image 3', 2);
INSERT INTO hotel_images (hotel_id, image_url, alt_text, sort_order) VALUES (89, 'https://daydreamhub.com/wp-content/uploads/2025/05/c5eb493a1fade4ec887a570c280f973e.jpg', 'Le Bel Air Resort Luang Prabang / Pavie Pool or River View Bungalow - Image 4', 3);
INSERT INTO hotel_images (hotel_id, image_url, alt_text, sort_order) VALUES (89, 'https://daydreamhub.com/wp-content/uploads/2025/05/5612757_18092411250068124267.jpg', 'Le Bel Air Resort Luang Prabang / Pavie Pool or River View Bungalow - Image 5', 4);
INSERT INTO hotels (id, name, slug, description, city, country, address, rating, thumbnail_url, categories, amenities, property_type, is_active) VALUES (90, 'Hotel La Villa de Zaragoza/ Villa King Courtyard', 'villa-king-courtyard', 'King Bedroom, with a garden view, air-conditioning, desk/vanity, microwave, safety box, coffee maker, mini-fridge (not stocked) and dinnerware.

Morning plan: Last minute booking is not available, please book a day in advance (before 3 pm)', 'Tijuana', 'Mexico', '', 0, 'https://daydreamhub.com/wp-content/uploads/2025/05/20250106_130303.jpg', '["for_couple","for_work","personal_time"]', '["Laundry Service","Luggage Storage","Parking on Premises","Wheelchair Accessible","Air Conditioner (Cooling)","Air Conditioner (Heating)","Coffee maker","Desk/Workspace","Free Wi-Fi","Hair Dryer","Refrigerator","Shampoo","Shower","TEL","Towels","TV"]', 'Hotel', 1);
INSERT INTO plans (hotel_id, name, description, price_usd, check_in_time, check_out_time, plan_type, max_guests, is_active) VALUES (90, 'Traditional(prepayment)', '', 116, '15:00', '12:00', 'for_couple', 2, 1);
INSERT INTO plans (hotel_id, name, description, price_usd, check_in_time, check_out_time, plan_type, max_guests, is_active) VALUES (90, 'Day Time(prepayment)', '', 40, '6:00', '12:00', 'for_couple', 2, 1);
INSERT INTO hotel_images (hotel_id, image_url, alt_text, sort_order) VALUES (90, 'https://daydreamhub.com/wp-content/uploads/2025/05/20250106_130303.jpg', 'Hotel La Villa de Zaragoza/ Villa King Courtyard - Image 1', 0);
INSERT INTO hotel_images (hotel_id, image_url, alt_text, sort_order) VALUES (90, 'https://daydreamhub.com/wp-content/uploads/2025/05/20230622_121607.jpg', 'Hotel La Villa de Zaragoza/ Villa King Courtyard - Image 2', 1);
INSERT INTO hotel_images (hotel_id, image_url, alt_text, sort_order) VALUES (90, 'https://daydreamhub.com/wp-content/uploads/2025/05/20230525_151744.jpg', 'Hotel La Villa de Zaragoza/ Villa King Courtyard - Image 3', 2);
INSERT INTO hotel_images (hotel_id, image_url, alt_text, sort_order) VALUES (90, 'https://daydreamhub.com/wp-content/uploads/2025/05/20250106_130356.jpg', 'Hotel La Villa de Zaragoza/ Villa King Courtyard - Image 4', 3);
INSERT INTO hotel_images (hotel_id, image_url, alt_text, sort_order) VALUES (90, 'https://daydreamhub.com/wp-content/uploads/2025/05/20250106_130319.jpg', 'Hotel La Villa de Zaragoza/ Villa King Courtyard - Image 5', 4);
INSERT INTO hotel_images (hotel_id, image_url, alt_text, sort_order) VALUES (90, 'https://daydreamhub.com/wp-content/uploads/2025/05/20230525_151711.jpg', 'Hotel La Villa de Zaragoza/ Villa King Courtyard - Image 6', 5);
INSERT INTO hotels (id, name, slug, description, city, country, address, rating, thumbnail_url, categories, amenities, property_type, is_active) VALUES (91, 'BW Suites & Spa/Two Bedroom Apartment', 'bw-suites-spa-two-bedroom-apartment', 'Our Two Bedroom Apartment has 2 separate rooms,morden kitchen and 3 bathroom.  1 room having a King bed with attached bathroom and another having 2 Twin Bed.', 'Manama', 'Bahrain', '', 0, 'https://daydreamhub.com/wp-content/uploads/2025/05/IMG_7977.jpeg', '["for_couple","for_work","luxury","transit_use"]', '["Bar / Restaurant","Currency Exchange","Elevator in Building","Gym","Laundry Service","Luggage Storage","Massage","Parking on Premises","Pool","Sauna","Wheelchair Accessible","Air Conditioner (Cooling)","Bathtub","Coffee maker","Desk/Workspace","Electric pot","Free Wi-Fi","Hair Dryer","Kitchen","Refrigerator","Shampoo","Shower","TEL","Toothbrush","Towels","TV"]', 'Apartment', 1);
INSERT INTO plans (hotel_id, name, description, price_usd, check_in_time, check_out_time, plan_type, max_guests, is_active) VALUES (91, 'Full Night (prepayment)', '', 1, '15:00', '12:00', 'overnight', 2, 1);
INSERT INTO hotel_images (hotel_id, image_url, alt_text, sort_order) VALUES (91, 'https://daydreamhub.com/wp-content/uploads/2025/05/IMG_7977.jpeg', 'BW Suites & Spa/Two Bedroom Apartment - Image 1', 0);
INSERT INTO hotel_images (hotel_id, image_url, alt_text, sort_order) VALUES (91, 'https://daydreamhub.com/wp-content/uploads/2025/05/IMG_7974.jpeg', 'BW Suites & Spa/Two Bedroom Apartment - Image 2', 1);
INSERT INTO hotel_images (hotel_id, image_url, alt_text, sort_order) VALUES (91, 'https://daydreamhub.com/wp-content/uploads/2025/05/IMG_7970.jpeg', 'BW Suites & Spa/Two Bedroom Apartment - Image 3', 2);
INSERT INTO hotel_images (hotel_id, image_url, alt_text, sort_order) VALUES (91, 'https://daydreamhub.com/wp-content/uploads/2025/05/IMG_7980.jpeg', 'BW Suites & Spa/Two Bedroom Apartment - Image 4', 3);
INSERT INTO hotel_images (hotel_id, image_url, alt_text, sort_order) VALUES (91, 'https://daydreamhub.com/wp-content/uploads/2025/05/IMG_7981.jpeg', 'BW Suites & Spa/Two Bedroom Apartment - Image 5', 4);
INSERT INTO hotel_images (hotel_id, image_url, alt_text, sort_order) VALUES (91, 'https://daydreamhub.com/wp-content/uploads/2025/05/IMG_7985.jpeg', 'BW Suites & Spa/Two Bedroom Apartment - Image 6', 5);
INSERT INTO hotel_images (hotel_id, image_url, alt_text, sort_order) VALUES (91, 'https://daydreamhub.com/wp-content/uploads/2025/05/IMG_7969.jpeg', 'BW Suites & Spa/Two Bedroom Apartment - Image 7', 6);
INSERT INTO hotel_images (hotel_id, image_url, alt_text, sort_order) VALUES (91, 'https://daydreamhub.com/wp-content/uploads/2025/05/IMG_7975.jpeg', 'BW Suites & Spa/Two Bedroom Apartment - Image 8', 7);
INSERT INTO hotel_images (hotel_id, image_url, alt_text, sort_order) VALUES (91, 'https://daydreamhub.com/wp-content/uploads/2025/05/IMG_7983.jpeg', 'BW Suites & Spa/Two Bedroom Apartment - Image 9', 8);
INSERT INTO hotel_images (hotel_id, image_url, alt_text, sort_order) VALUES (91, 'https://daydreamhub.com/wp-content/uploads/2025/05/IMG_7984.jpeg', 'BW Suites & Spa/Two Bedroom Apartment - Image 10', 9);
INSERT INTO hotel_images (hotel_id, image_url, alt_text, sort_order) VALUES (91, 'https://daydreamhub.com/wp-content/uploads/2025/05/IMG_7989.jpeg', 'BW Suites & Spa/Two Bedroom Apartment - Image 11', 10);
INSERT INTO hotel_images (hotel_id, image_url, alt_text, sort_order) VALUES (91, 'https://daydreamhub.com/wp-content/uploads/2025/05/IMG_7994.jpeg', 'BW Suites & Spa/Two Bedroom Apartment - Image 12', 11);
INSERT INTO hotels (id, name, slug, description, city, country, address, rating, thumbnail_url, categories, amenities, property_type, is_active) VALUES (92, 'SUHA Mina Rashid Hotel Apartments / 3-bedroom apartment', 'suha-mina-rashid-hotel-apartments-3-bedroom-apartment', 'SUHA Mina Rashid Hotel Apartments provides accommodations with free WiFi, air conditioning, an outdoor swimming pool and a fitness center.
 Each unit is equipped with a fully equipped kitchen with a fridge, a seating area, a flat-screen TV, a washing machine, and a private bathroom with bidet and free toiletries.
 Continental and à la carte breakfast options are available daily at the aparthotel.
 A car rental service is available at Suha Mina Rashid Hotel Apartment.

The Morning Plan is not available for same-day reservations.
 Bookings must be made by 6:00 PM on the previous day.', 'Dubai', 'UAE', '', 5, 'https://daydreamhub.com/wp-content/uploads/2025/05/1-61.jpg', '["early_check-in","luxury"]', '["Elevator in Building","Gym","Laundry Service","Parking on Premises","Pool","Air Conditioner (Cooling)","Air Conditioner (Heating)","Bathtub","Desk/Workspace","Electric pot","Free Wi-Fi","Hair Dryer","Kitchen","Refrigerator","Shampoo","Shower","TEL","Toothbrush","Towels","TV"]', 'Apartment', 1);
INSERT INTO plans (hotel_id, name, description, price_usd, check_in_time, check_out_time, plan_type, max_guests, is_active) VALUES (92, '【6H】Early Check In(prepayment)', '', 85, '6:00', '12:00', 'early_check-in', 2, 1);
INSERT INTO plans (hotel_id, name, description, price_usd, check_in_time, check_out_time, plan_type, max_guests, is_active) VALUES (92, '【10H】Daytime(prepayment)', '', 100, '10:00', '20:00', 'early_check-in', 2, 1);
INSERT INTO plans (hotel_id, name, description, price_usd, check_in_time, check_out_time, plan_type, max_guests, is_active) VALUES (92, '【28H】Overnight(prepayment)', '', 120, '8:00', '12:00', 'overnight', 2, 1);
INSERT INTO hotel_images (hotel_id, image_url, alt_text, sort_order) VALUES (92, 'https://daydreamhub.com/wp-content/uploads/2025/05/1-61.jpg', 'SUHA Mina Rashid Hotel Apartments / 3-bedroom apartment - Image 1', 0);
INSERT INTO hotel_images (hotel_id, image_url, alt_text, sort_order) VALUES (92, 'https://daydreamhub.com/wp-content/uploads/2025/05/19-8.jpg', 'SUHA Mina Rashid Hotel Apartments / 3-bedroom apartment - Image 2', 1);
INSERT INTO hotel_images (hotel_id, image_url, alt_text, sort_order) VALUES (92, 'https://daydreamhub.com/wp-content/uploads/2025/05/16-3.jpg', 'SUHA Mina Rashid Hotel Apartments / 3-bedroom apartment - Image 3', 2);
INSERT INTO hotel_images (hotel_id, image_url, alt_text, sort_order) VALUES (92, 'https://daydreamhub.com/wp-content/uploads/2025/05/17-10.jpg', 'SUHA Mina Rashid Hotel Apartments / 3-bedroom apartment - Image 4', 3);
INSERT INTO hotel_images (hotel_id, image_url, alt_text, sort_order) VALUES (92, 'https://daydreamhub.com/wp-content/uploads/2025/05/13-7.jpg', 'SUHA Mina Rashid Hotel Apartments / 3-bedroom apartment - Image 5', 4);
INSERT INTO hotel_images (hotel_id, image_url, alt_text, sort_order) VALUES (92, 'https://daydreamhub.com/wp-content/uploads/2025/05/14-7.jpg', 'SUHA Mina Rashid Hotel Apartments / 3-bedroom apartment - Image 6', 5);
INSERT INTO hotel_images (hotel_id, image_url, alt_text, sort_order) VALUES (92, 'https://daydreamhub.com/wp-content/uploads/2025/05/12-13.jpg', 'SUHA Mina Rashid Hotel Apartments / 3-bedroom apartment - Image 7', 6);
INSERT INTO hotel_images (hotel_id, image_url, alt_text, sort_order) VALUES (92, 'https://daydreamhub.com/wp-content/uploads/2025/05/11-13.jpg', 'SUHA Mina Rashid Hotel Apartments / 3-bedroom apartment - Image 8', 7);
INSERT INTO hotel_images (hotel_id, image_url, alt_text, sort_order) VALUES (92, 'https://daydreamhub.com/wp-content/uploads/2025/05/9-24.jpg', 'SUHA Mina Rashid Hotel Apartments / 3-bedroom apartment - Image 9', 8);
INSERT INTO hotel_images (hotel_id, image_url, alt_text, sort_order) VALUES (92, 'https://daydreamhub.com/wp-content/uploads/2025/05/10-21.jpg', 'SUHA Mina Rashid Hotel Apartments / 3-bedroom apartment - Image 10', 9);
INSERT INTO hotel_images (hotel_id, image_url, alt_text, sort_order) VALUES (92, 'https://daydreamhub.com/wp-content/uploads/2025/05/8-25.jpg', 'SUHA Mina Rashid Hotel Apartments / 3-bedroom apartment - Image 11', 10);
INSERT INTO hotel_images (hotel_id, image_url, alt_text, sort_order) VALUES (92, 'https://daydreamhub.com/wp-content/uploads/2025/05/6-33.jpg', 'SUHA Mina Rashid Hotel Apartments / 3-bedroom apartment - Image 12', 11);
INSERT INTO hotel_images (hotel_id, image_url, alt_text, sort_order) VALUES (92, 'https://daydreamhub.com/wp-content/uploads/2025/05/7-38.jpg', 'SUHA Mina Rashid Hotel Apartments / 3-bedroom apartment - Image 13', 12);
INSERT INTO hotel_images (hotel_id, image_url, alt_text, sort_order) VALUES (92, 'https://daydreamhub.com/wp-content/uploads/2025/05/5-33.jpg', 'SUHA Mina Rashid Hotel Apartments / 3-bedroom apartment - Image 14', 13);
INSERT INTO hotel_images (hotel_id, image_url, alt_text, sort_order) VALUES (92, 'https://daydreamhub.com/wp-content/uploads/2025/05/4-44.jpg', 'SUHA Mina Rashid Hotel Apartments / 3-bedroom apartment - Image 15', 14);
INSERT INTO hotel_images (hotel_id, image_url, alt_text, sort_order) VALUES (92, 'https://daydreamhub.com/wp-content/uploads/2025/05/3-51.jpg', 'SUHA Mina Rashid Hotel Apartments / 3-bedroom apartment - Image 16', 15);
INSERT INTO hotel_images (hotel_id, image_url, alt_text, sort_order) VALUES (92, 'https://daydreamhub.com/wp-content/uploads/2025/05/2-51.jpg', 'SUHA Mina Rashid Hotel Apartments / 3-bedroom apartment - Image 17', 16);
INSERT INTO hotels (id, name, slug, description, city, country, address, rating, thumbnail_url, categories, amenities, property_type, is_active) VALUES (93, 'SUHA Mina Rashid Hotel Apartments / Deluxe 2-bedroom apartment', 'suha-mina-rashid-hotel-apartments-deluxe-2-bedroom-apartment', 'SUHA Mina Rashid Hotel Apartments provides accommodations with free WiFi, air conditioning, an outdoor swimming pool and a fitness center.
 Each unit is equipped with a fully equipped kitchen with a fridge, a seating area, a flat-screen TV, a washing machine, and a private bathroom with bidet and free toiletries.
 Continental and à la carte breakfast options are available daily at the aparthotel.
 A car rental service is available at Suha Mina Rashid Hotel Apartment.

The Morning Plan is not available for same-day reservations.
 Bookings must be made by 6:00 PM on the previous day.', 'Dubai', 'UAE', '', 5, 'https://daydreamhub.com/wp-content/uploads/2025/05/7-37.jpg', '["early_check-in","luxury"]', '["Elevator in Building","Gym","Laundry Service","Parking on Premises","Pool","Air Conditioner (Cooling)","Air Conditioner (Heating)","Bathtub","Desk/Workspace","Electric pot","Free Wi-Fi","Hair Dryer","Kitchen","Refrigerator","Shampoo","Shower","TEL","Toothbrush","Towels","TV"]', 'Apartment', 1);
INSERT INTO plans (hotel_id, name, description, price_usd, check_in_time, check_out_time, plan_type, max_guests, is_active) VALUES (93, '【6H】Early Check In(prepayment)', '', 85, '6:00', '12:00', 'early_check-in', 2, 1);
INSERT INTO plans (hotel_id, name, description, price_usd, check_in_time, check_out_time, plan_type, max_guests, is_active) VALUES (93, '【10H】Daytime(prepayment)', '', 100, '10:00', '20:00', 'early_check-in', 2, 1);
INSERT INTO plans (hotel_id, name, description, price_usd, check_in_time, check_out_time, plan_type, max_guests, is_active) VALUES (93, '【28H】Overnight(prepayment)', '', 120, '8:00', '12:00', 'overnight', 2, 1);
INSERT INTO hotel_images (hotel_id, image_url, alt_text, sort_order) VALUES (93, 'https://daydreamhub.com/wp-content/uploads/2025/05/7-37.jpg', 'SUHA Mina Rashid Hotel Apartments / Deluxe 2-bedroom apartment - Image 1', 0);
INSERT INTO hotel_images (hotel_id, image_url, alt_text, sort_order) VALUES (93, 'https://daydreamhub.com/wp-content/uploads/2025/05/12-12.jpg', 'SUHA Mina Rashid Hotel Apartments / Deluxe 2-bedroom apartment - Image 2', 1);
INSERT INTO hotel_images (hotel_id, image_url, alt_text, sort_order) VALUES (93, 'https://daydreamhub.com/wp-content/uploads/2025/05/9-23.jpg', 'SUHA Mina Rashid Hotel Apartments / Deluxe 2-bedroom apartment - Image 3', 2);
INSERT INTO hotel_images (hotel_id, image_url, alt_text, sort_order) VALUES (93, 'https://daydreamhub.com/wp-content/uploads/2025/05/10-20.jpg', 'SUHA Mina Rashid Hotel Apartments / Deluxe 2-bedroom apartment - Image 4', 3);
INSERT INTO hotel_images (hotel_id, image_url, alt_text, sort_order) VALUES (93, 'https://daydreamhub.com/wp-content/uploads/2025/05/5-32.jpg', 'SUHA Mina Rashid Hotel Apartments / Deluxe 2-bedroom apartment - Image 5', 4);
INSERT INTO hotel_images (hotel_id, image_url, alt_text, sort_order) VALUES (93, 'https://daydreamhub.com/wp-content/uploads/2025/05/6-32.jpg', 'SUHA Mina Rashid Hotel Apartments / Deluxe 2-bedroom apartment - Image 6', 5);
INSERT INTO hotel_images (hotel_id, image_url, alt_text, sort_order) VALUES (93, 'https://daydreamhub.com/wp-content/uploads/2025/05/4-43.jpg', 'SUHA Mina Rashid Hotel Apartments / Deluxe 2-bedroom apartment - Image 7', 6);
INSERT INTO hotel_images (hotel_id, image_url, alt_text, sort_order) VALUES (93, 'https://daydreamhub.com/wp-content/uploads/2025/05/2-50.jpg', 'SUHA Mina Rashid Hotel Apartments / Deluxe 2-bedroom apartment - Image 8', 7);
INSERT INTO hotel_images (hotel_id, image_url, alt_text, sort_order) VALUES (93, 'https://daydreamhub.com/wp-content/uploads/2025/05/1-60.jpg', 'SUHA Mina Rashid Hotel Apartments / Deluxe 2-bedroom apartment - Image 9', 8);
INSERT INTO hotels (id, name, slug, description, city, country, address, rating, thumbnail_url, categories, amenities, property_type, is_active) VALUES (94, 'SUHA Mina Rashid Hotel Apartments / Standard 2-bedroom apartment', 'suha-mina-rashid-hotel-apartments-standard-2-bedroom-apartment-copy', 'SUHA Mina Rashid Hotel Apartments provides accommodations with free WiFi, air conditioning, an outdoor swimming pool and a fitness center.
 Each unit is equipped with a fully equipped kitchen with a fridge, a seating area, a flat-screen TV, a washing machine, and a private bathroom with bidet and free toiletries.
 Continental and à la carte breakfast options are available daily at the aparthotel.
 A car rental service is available at Suha Mina Rashid Hotel Apartment.

The Morning Plan is not available for same-day reservations.
 Bookings must be made by 6:00 PM on the previous day.', 'Dubai', 'UAE', '', 5, 'https://daydreamhub.com/wp-content/uploads/2025/05/11-12.jpg', '["early_check-in","luxury"]', '["Elevator in Building","Gym","Laundry Service","Parking on Premises","Pool","Air Conditioner (Cooling)","Air Conditioner (Heating)","Bathtub","Desk/Workspace","Electric pot","Free Wi-Fi","Hair Dryer","Kitchen","Refrigerator","Shampoo","Shower","TEL","Toothbrush","Towels","TV"]', 'Apartment', 1);
INSERT INTO plans (hotel_id, name, description, price_usd, check_in_time, check_out_time, plan_type, max_guests, is_active) VALUES (94, '【6H】Early Check In(prepayment)', '', 85, '6:00', '12:00', 'early_check-in', 2, 1);
INSERT INTO plans (hotel_id, name, description, price_usd, check_in_time, check_out_time, plan_type, max_guests, is_active) VALUES (94, '【10H】Daytime(prepayment)', '', 100, '10:00', '20:00', 'early_check-in', 2, 1);
INSERT INTO plans (hotel_id, name, description, price_usd, check_in_time, check_out_time, plan_type, max_guests, is_active) VALUES (94, '【28H】Overnight(prepayment)', '', 120, '8:00', '12:00', 'overnight', 2, 1);
INSERT INTO hotel_images (hotel_id, image_url, alt_text, sort_order) VALUES (94, 'https://daydreamhub.com/wp-content/uploads/2025/05/11-12.jpg', 'SUHA Mina Rashid Hotel Apartments / Standard 2-bedroom apartment - Image 1', 0);
INSERT INTO hotel_images (hotel_id, image_url, alt_text, sort_order) VALUES (94, 'https://daydreamhub.com/wp-content/uploads/2025/05/10-19.jpg', 'SUHA Mina Rashid Hotel Apartments / Standard 2-bedroom apartment - Image 2', 1);
INSERT INTO hotel_images (hotel_id, image_url, alt_text, sort_order) VALUES (94, 'https://daydreamhub.com/wp-content/uploads/2025/05/9-22.jpg', 'SUHA Mina Rashid Hotel Apartments / Standard 2-bedroom apartment - Image 3', 2);
INSERT INTO hotel_images (hotel_id, image_url, alt_text, sort_order) VALUES (94, 'https://daydreamhub.com/wp-content/uploads/2025/05/7-36.jpg', 'SUHA Mina Rashid Hotel Apartments / Standard 2-bedroom apartment - Image 4', 3);
INSERT INTO hotel_images (hotel_id, image_url, alt_text, sort_order) VALUES (94, 'https://daydreamhub.com/wp-content/uploads/2025/05/6-31.jpg', 'SUHA Mina Rashid Hotel Apartments / Standard 2-bedroom apartment - Image 5', 4);
INSERT INTO hotel_images (hotel_id, image_url, alt_text, sort_order) VALUES (94, 'https://daydreamhub.com/wp-content/uploads/2025/05/8-24.jpg', 'SUHA Mina Rashid Hotel Apartments / Standard 2-bedroom apartment - Image 6', 5);
INSERT INTO hotel_images (hotel_id, image_url, alt_text, sort_order) VALUES (94, 'https://daydreamhub.com/wp-content/uploads/2025/05/5-31.jpg', 'SUHA Mina Rashid Hotel Apartments / Standard 2-bedroom apartment - Image 7', 6);
INSERT INTO hotel_images (hotel_id, image_url, alt_text, sort_order) VALUES (94, 'https://daydreamhub.com/wp-content/uploads/2025/05/4-42.jpg', 'SUHA Mina Rashid Hotel Apartments / Standard 2-bedroom apartment - Image 8', 7);
INSERT INTO hotel_images (hotel_id, image_url, alt_text, sort_order) VALUES (94, 'https://daydreamhub.com/wp-content/uploads/2025/05/2-49.jpg', 'SUHA Mina Rashid Hotel Apartments / Standard 2-bedroom apartment - Image 9', 8);
INSERT INTO hotel_images (hotel_id, image_url, alt_text, sort_order) VALUES (94, 'https://daydreamhub.com/wp-content/uploads/2025/05/1-59.jpg', 'SUHA Mina Rashid Hotel Apartments / Standard 2-bedroom apartment - Image 10', 9);
INSERT INTO hotels (id, name, slug, description, city, country, address, rating, thumbnail_url, categories, amenities, property_type, is_active) VALUES (95, 'SUHA Mina Rashid Hotel Apartments / Deluxe 1-bedroom Apartment', 'suha-mina-rashid-hotel-apartments-deluxe-1-bedroom-apartment-copy', 'SUHA Mina Rashid Hotel Apartments provides accommodations with free WiFi, air conditioning, an outdoor swimming pool and a fitness center.
 Each unit is equipped with a fully equipped kitchen with a fridge, a seating area, a flat-screen TV, a washing machine, and a private bathroom with bidet and free toiletries.
 Continental and à la carte breakfast options are available daily at the aparthotel.
 A car rental service is available at Suha Mina Rashid Hotel Apartment.

The Morning Plan is not available for same-day reservations.
 Bookings must be made by 6:00 PM on the previous day.', 'Dubai', 'UAE', '', 5, 'https://daydreamhub.com/wp-content/uploads/2025/05/4-41.jpg', '["early_check-in","luxury"]', '["Elevator in Building","Gym","Laundry Service","Parking on Premises","Pool","Air Conditioner (Cooling)","Air Conditioner (Heating)","Bathtub","Desk/Workspace","Electric pot","Free Wi-Fi","Hair Dryer","Kitchen","Refrigerator","Shampoo","Shower","TEL","Toothbrush","Towels","TV"]', 'Apartment', 1);
INSERT INTO plans (hotel_id, name, description, price_usd, check_in_time, check_out_time, plan_type, max_guests, is_active) VALUES (95, '【6H】Early Check In(prepayment)', '', 85, '6:00', '12:00', 'early_check-in', 2, 1);
INSERT INTO plans (hotel_id, name, description, price_usd, check_in_time, check_out_time, plan_type, max_guests, is_active) VALUES (95, '【10H】Daytime(prepayment)', '', 100, '10:00', '20:00', 'early_check-in', 2, 1);
INSERT INTO plans (hotel_id, name, description, price_usd, check_in_time, check_out_time, plan_type, max_guests, is_active) VALUES (95, '【28H】Overnight(prepayment)', '', 120, '8:00', '12:00', 'overnight', 2, 1);
INSERT INTO hotel_images (hotel_id, image_url, alt_text, sort_order) VALUES (95, 'https://daydreamhub.com/wp-content/uploads/2025/05/4-41.jpg', 'SUHA Mina Rashid Hotel Apartments / Deluxe 1-bedroom Apartment - Image 1', 0);
INSERT INTO hotel_images (hotel_id, image_url, alt_text, sort_order) VALUES (95, 'https://daydreamhub.com/wp-content/uploads/2025/05/スクリーンショット-2025-05-20-12.01.57.jpg', 'SUHA Mina Rashid Hotel Apartments / Deluxe 1-bedroom Apartment - Image 2', 1);
INSERT INTO hotel_images (hotel_id, image_url, alt_text, sort_order) VALUES (95, 'https://daydreamhub.com/wp-content/uploads/2025/05/12-11.jpg', 'SUHA Mina Rashid Hotel Apartments / Deluxe 1-bedroom Apartment - Image 3', 2);
INSERT INTO hotel_images (hotel_id, image_url, alt_text, sort_order) VALUES (95, 'https://daydreamhub.com/wp-content/uploads/2025/05/11-11.jpg', 'SUHA Mina Rashid Hotel Apartments / Deluxe 1-bedroom Apartment - Image 4', 3);
INSERT INTO hotel_images (hotel_id, image_url, alt_text, sort_order) VALUES (95, 'https://daydreamhub.com/wp-content/uploads/2025/05/10-18.jpg', 'SUHA Mina Rashid Hotel Apartments / Deluxe 1-bedroom Apartment - Image 5', 4);
INSERT INTO hotel_images (hotel_id, image_url, alt_text, sort_order) VALUES (95, 'https://daydreamhub.com/wp-content/uploads/2025/05/9-21.jpg', 'SUHA Mina Rashid Hotel Apartments / Deluxe 1-bedroom Apartment - Image 6', 5);
INSERT INTO hotel_images (hotel_id, image_url, alt_text, sort_order) VALUES (95, 'https://daydreamhub.com/wp-content/uploads/2025/05/6-30.jpg', 'SUHA Mina Rashid Hotel Apartments / Deluxe 1-bedroom Apartment - Image 7', 6);
INSERT INTO hotel_images (hotel_id, image_url, alt_text, sort_order) VALUES (95, 'https://daydreamhub.com/wp-content/uploads/2025/05/5-30.jpg', 'SUHA Mina Rashid Hotel Apartments / Deluxe 1-bedroom Apartment - Image 8', 7);
INSERT INTO hotel_images (hotel_id, image_url, alt_text, sort_order) VALUES (95, 'https://daydreamhub.com/wp-content/uploads/2025/05/2-48.jpg', 'SUHA Mina Rashid Hotel Apartments / Deluxe 1-bedroom Apartment - Image 9', 8);
INSERT INTO hotel_images (hotel_id, image_url, alt_text, sort_order) VALUES (95, 'https://daydreamhub.com/wp-content/uploads/2025/05/3-48.jpg', 'SUHA Mina Rashid Hotel Apartments / Deluxe 1-bedroom Apartment - Image 10', 9);
INSERT INTO hotel_images (hotel_id, image_url, alt_text, sort_order) VALUES (95, 'https://daydreamhub.com/wp-content/uploads/2025/05/1-58.jpg', 'SUHA Mina Rashid Hotel Apartments / Deluxe 1-bedroom Apartment - Image 11', 10);
INSERT INTO hotels (id, name, slug, description, city, country, address, rating, thumbnail_url, categories, amenities, property_type, is_active) VALUES (96, 'SUHA Mina Rashid Hotel Apartments / Standard 1-bedroom apartment', 'suha-mina-rashid-hotel-apartments-standard-1-bedroom-apartment', 'SUHA Mina Rashid Hotel Apartments provides accommodations with free WiFi, air conditioning, an outdoor swimming pool and a fitness center.
 Each unit is equipped with a fully equipped kitchen with a fridge, a seating area, a flat-screen TV, a washing machine, and a private bathroom with bidet and free toiletries.
 Continental and à la carte breakfast options are available daily at the aparthotel.
 A car rental service is available at Suha Mina Rashid Hotel Apartment.

The Morning Plan is not available for same-day reservations.
 Bookings must be made by 6:00 PM on the previous day.', 'Dubai', 'UAE', '', 5, 'https://daydreamhub.com/wp-content/uploads/2025/05/3-47.jpg', '["early_check-in","luxury"]', '["Elevator in Building","Gym","Laundry Service","Parking on Premises","Pool","Air Conditioner (Cooling)","Air Conditioner (Heating)","Bathtub","Desk/Workspace","Electric pot","Free Wi-Fi","Hair Dryer","Kitchen","Refrigerator","Shampoo","Shower","TEL","Toothbrush","Towels","TV"]', 'Apartment', 1);
INSERT INTO plans (hotel_id, name, description, price_usd, check_in_time, check_out_time, plan_type, max_guests, is_active) VALUES (96, '【6H】Early Check In(prepayment)', '', 85, '6:00', '12:00', 'early_check-in', 2, 1);
INSERT INTO plans (hotel_id, name, description, price_usd, check_in_time, check_out_time, plan_type, max_guests, is_active) VALUES (96, '【10H】Daytime(prepayment)', '', 100, '10:00', '20:00', 'early_check-in', 2, 1);
INSERT INTO plans (hotel_id, name, description, price_usd, check_in_time, check_out_time, plan_type, max_guests, is_active) VALUES (96, '【28H】Overnight(prepayment)', '', 120, '8:00', '12:00', 'overnight', 2, 1);
INSERT INTO hotel_images (hotel_id, image_url, alt_text, sort_order) VALUES (96, 'https://daydreamhub.com/wp-content/uploads/2025/05/3-47.jpg', 'SUHA Mina Rashid Hotel Apartments / Standard 1-bedroom apartment - Image 1', 0);
INSERT INTO hotel_images (hotel_id, image_url, alt_text, sort_order) VALUES (96, 'https://daydreamhub.com/wp-content/uploads/2025/05/6-29.jpg', 'SUHA Mina Rashid Hotel Apartments / Standard 1-bedroom apartment - Image 2', 1);
INSERT INTO hotel_images (hotel_id, image_url, alt_text, sort_order) VALUES (96, 'https://daydreamhub.com/wp-content/uploads/2025/05/4-40.jpg', 'SUHA Mina Rashid Hotel Apartments / Standard 1-bedroom apartment - Image 3', 2);
INSERT INTO hotel_images (hotel_id, image_url, alt_text, sort_order) VALUES (96, 'https://daydreamhub.com/wp-content/uploads/2025/05/5-29.jpg', 'SUHA Mina Rashid Hotel Apartments / Standard 1-bedroom apartment - Image 4', 3);
INSERT INTO hotel_images (hotel_id, image_url, alt_text, sort_order) VALUES (96, 'https://daydreamhub.com/wp-content/uploads/2025/05/2-47.jpg', 'SUHA Mina Rashid Hotel Apartments / Standard 1-bedroom apartment - Image 5', 4);
INSERT INTO hotels (id, name, slug, description, city, country, address, rating, thumbnail_url, categories, amenities, property_type, is_active) VALUES (97, 'Urban Hotel The Golden Stork / King Room', 'urban-hotel-the-golden-stork-king-room', '※The Morning Plan is not available for same-day reservations.
 Bookings must be made by 6:00 PM on the previous day.
 ————————————————
 Urban Hotel The Golden Stork in Rijswijk offers comfortable rooms with private bathrooms, showers, and modern amenities. Each room includes a work desk, seating area, and free WiFi.', 'Rijswijk', 'Netherlands', '', 0, 'https://daydreamhub.com/wp-content/uploads/2025/05/スクリーンショット-2025-05-25-224634.jpg', '["daycation","for_couple"]', '["Bar / Restaurant","Elevator in Building","Luggage Storage","Parking on Premises","Vending machine","Air Conditioner (Cooling)","Air Conditioner (Heating)","Coffee maker","Desk/Workspace","Electric pot","Free Wi-Fi","Hair Dryer","Refrigerator","Shampoo","Shower","Toothbrush","Towels","TV"]', 'Hotel', 1);
INSERT INTO plans (hotel_id, name, description, price_usd, check_in_time, check_out_time, plan_type, max_guests, is_active) VALUES (97, '【8H】Morning and afternoon(prepayment)', '', 70, '10:00', '18:00', 'daycation', 2, 1);
INSERT INTO plans (hotel_id, name, description, price_usd, check_in_time, check_out_time, plan_type, max_guests, is_active) VALUES (97, '【4H】Evening(prepayment)', '', 60, '16:00', '22:00', 'daycation', 2, 1);
INSERT INTO hotel_images (hotel_id, image_url, alt_text, sort_order) VALUES (97, 'https://daydreamhub.com/wp-content/uploads/2025/05/スクリーンショット-2025-05-25-224634.jpg', 'Urban Hotel The Golden Stork / King Room - Image 1', 0);
INSERT INTO hotel_images (hotel_id, image_url, alt_text, sort_order) VALUES (97, 'https://daydreamhub.com/wp-content/uploads/2025/05/スクリーンショット-2025-05-25-224559.png', 'Urban Hotel The Golden Stork / King Room - Image 2', 1);
INSERT INTO hotel_images (hotel_id, image_url, alt_text, sort_order) VALUES (97, 'https://daydreamhub.com/wp-content/uploads/2025/05/スクリーンショット-2025-05-25-224522.jpg', 'Urban Hotel The Golden Stork / King Room - Image 3', 2);
INSERT INTO hotels (id, name, slug, description, city, country, address, rating, thumbnail_url, categories, amenities, property_type, is_active) VALUES (98, 'Samarkand Imron Hotel / Luxury Triple Room', 'samarkand-imron-hotel-luxury-triple-room', 'The Morning Plan is not available for same-day reservations.
 Bookings must be made by 6:00 PM on the previous day.
 Samarkand Imron Hotel in Samarqand offers recently renovated guest house rooms with air-conditioning, private bathrooms, and garden or city views.', 'Samarkand', 'Uzbekistan', '', 0, 'https://daydreamhub.com/wp-content/uploads/2025/05/スクリーンショット-2025-05-24-234835.jpg', '["daycation","for_couple"]', '["Bar / Restaurant","Laundry Service","Luggage Storage","Parking on Premises","Air Conditioner (Cooling)","Air Conditioner (Heating)","Electric pot","Free Wi-Fi","Hair Dryer","Refrigerator","Shampoo","Shower","TEL","Toothbrush","Towels","TV"]', 'Hotel', 1);
INSERT INTO plans (hotel_id, name, description, price_usd, check_in_time, check_out_time, plan_type, max_guests, is_active) VALUES (98, '【6H】Morning(prepayment)', '', 20, '8:00', '14:00', 'daycation', 2, 1);
INSERT INTO plans (hotel_id, name, description, price_usd, check_in_time, check_out_time, plan_type, max_guests, is_active) VALUES (98, '【10H】Morning(prepayment)', '', 25, '9:00', '18:00', 'daycation', 2, 1);
INSERT INTO plans (hotel_id, name, description, price_usd, check_in_time, check_out_time, plan_type, max_guests, is_active) VALUES (98, '【28H】Overnight(prepayment)', '', 40, '8:00', '12:00', 'overnight', 2, 1);
INSERT INTO hotel_images (hotel_id, image_url, alt_text, sort_order) VALUES (98, 'https://daydreamhub.com/wp-content/uploads/2025/05/スクリーンショット-2025-05-24-234835.jpg', 'Samarkand Imron Hotel / Luxury Triple Room - Image 1', 0);
INSERT INTO hotel_images (hotel_id, image_url, alt_text, sort_order) VALUES (98, 'https://daydreamhub.com/wp-content/uploads/2025/05/スクリーンショット-2025-05-24-234819.jpg', 'Samarkand Imron Hotel / Luxury Triple Room - Image 2', 1);
INSERT INTO hotel_images (hotel_id, image_url, alt_text, sort_order) VALUES (98, 'https://daydreamhub.com/wp-content/uploads/2025/05/スクリーンショット-2025-05-24-234859.jpg', 'Samarkand Imron Hotel / Luxury Triple Room - Image 3', 2);
INSERT INTO hotels (id, name, slug, description, city, country, address, rating, thumbnail_url, categories, amenities, property_type, is_active) VALUES (99, 'BW Suites & Spa / Studio Room', 'bw-suites-spa-studio-room', 'The Morning Plan is not available for same-day reservations.
 Bookings must be made by 6:00 PM on the previous day.
 BW Suites & Spa in Manama offers family rooms with kitchenettes, private bathrooms, and city views.', 'Manama', 'Bahrain', '', 0, 'https://daydreamhub.com/wp-content/uploads/2025/05/スクリーンショット-2025-05-24-232406.jpg', '["daycation","for_couple"]', '["Currency Exchange","Elevator in Building","Gym","Laundry Service","Luggage Storage","Massage","Parking on Premises","Pool","Sauna","Wheelchair Accessible","Air Conditioner (Cooling)","Coffee maker","Electric pot","Free Wi-Fi","Hair Dryer","Kitchen","Refrigerator","Shampoo","Shower","TEL","Toothbrush","Towels","TV"]', 'Apartment', 1);
INSERT INTO plans (hotel_id, name, description, price_usd, check_in_time, check_out_time, plan_type, max_guests, is_active) VALUES (99, '【10H】Dayuse(prepayment)', '', 70, '9:00', '18:00', 'daycation', 2, 1);
INSERT INTO plans (hotel_id, name, description, price_usd, check_in_time, check_out_time, plan_type, max_guests, is_active) VALUES (99, '【23H】Overnight(prepayment)', '', 80, '15:00', '14:00', 'overnight', 2, 1);
INSERT INTO hotel_images (hotel_id, image_url, alt_text, sort_order) VALUES (99, 'https://daydreamhub.com/wp-content/uploads/2025/05/スクリーンショット-2025-05-24-232406.jpg', 'BW Suites & Spa / Studio Room - Image 1', 0);
INSERT INTO hotel_images (hotel_id, image_url, alt_text, sort_order) VALUES (99, 'https://daydreamhub.com/wp-content/uploads/2025/05/IMG_8013.jpeg', 'BW Suites & Spa / Studio Room - Image 2', 1);
INSERT INTO hotel_images (hotel_id, image_url, alt_text, sort_order) VALUES (99, 'https://daydreamhub.com/wp-content/uploads/2025/05/IMG_8011.jpeg', 'BW Suites & Spa / Studio Room - Image 3', 2);
INSERT INTO hotel_images (hotel_id, image_url, alt_text, sort_order) VALUES (99, 'https://daydreamhub.com/wp-content/uploads/2025/05/IMG_8010.jpeg', 'BW Suites & Spa / Studio Room - Image 4', 3);
INSERT INTO hotel_images (hotel_id, image_url, alt_text, sort_order) VALUES (99, 'https://daydreamhub.com/wp-content/uploads/2025/05/IMG_8009.jpeg', 'BW Suites & Spa / Studio Room - Image 5', 4);
INSERT INTO hotel_images (hotel_id, image_url, alt_text, sort_order) VALUES (99, 'https://daydreamhub.com/wp-content/uploads/2025/05/IMG_8008.jpeg', 'BW Suites & Spa / Studio Room - Image 6', 5);
INSERT INTO hotel_images (hotel_id, image_url, alt_text, sort_order) VALUES (99, 'https://daydreamhub.com/wp-content/uploads/2025/05/スクリーンショット-2025-05-24-232431.jpg', 'BW Suites & Spa / Studio Room - Image 7', 6);
INSERT INTO hotel_images (hotel_id, image_url, alt_text, sort_order) VALUES (99, 'https://daydreamhub.com/wp-content/uploads/2025/05/スクリーンショット-2025-05-24-232344.png', 'BW Suites & Spa / Studio Room - Image 8', 7);
INSERT INTO hotels (id, name, slug, description, city, country, address, rating, thumbnail_url, categories, amenities, property_type, is_active) VALUES (100, 'Piazza Epigraph Hotel / Premium Suite With Balcony', 'piazza-epigraph-hotel-premium-suite-with-balcony', 'Morning Plan is not available for same-day reservations.
 Bookings must be made by 6PM on the previous day.
 Piazza Epigraph in Batumi offers 4-star comfort with air-conditioning, private bathrooms, and city views. Each room includes a work desk, mini-bar, and free WiFi throughout the property.', 'Batumi', 'Georgia', '', 4, 'https://daydreamhub.com/wp-content/uploads/2025/04/564153163.jpg', '["daycation","for_couple"]', '["Bar / Restaurant","Laundry Service","Luggage Storage","Parking on Premises","Air Conditioner (Cooling)","Air Conditioner (Heating)","Electric pot","Free Wi-Fi","Hair Dryer","Refrigerator","Shampoo","Shower","TEL","Toothbrush","Towels","TV"]', 'Hotel', 1);
INSERT INTO plans (hotel_id, name, description, price_usd, check_in_time, check_out_time, plan_type, max_guests, is_active) VALUES (100, '【10H】Daytime (prepayment)', '', 124, '10:00', '20:00', 'daycation', 2, 1);
INSERT INTO plans (hotel_id, name, description, price_usd, check_in_time, check_out_time, plan_type, max_guests, is_active) VALUES (100, '【21H】Overnight(prepayment)', '', 172, '15:00', '12:00', 'overnight', 2, 1);
INSERT INTO hotel_images (hotel_id, image_url, alt_text, sort_order) VALUES (100, 'https://daydreamhub.com/wp-content/uploads/2025/04/564153163.jpg', 'Piazza Epigraph Hotel / Premium Suite With Balcony - Image 1', 0);
INSERT INTO hotel_images (hotel_id, image_url, alt_text, sort_order) VALUES (100, 'https://daydreamhub.com/wp-content/uploads/2025/05/0T3A7112-HDRcopy-1.jpg', 'Piazza Epigraph Hotel / Premium Suite With Balcony - Image 2', 1);
INSERT INTO hotel_images (hotel_id, image_url, alt_text, sort_order) VALUES (100, 'https://daydreamhub.com/wp-content/uploads/2025/05/0T3A7172-HDRcopy.jpg', 'Piazza Epigraph Hotel / Premium Suite With Balcony - Image 3', 2);
INSERT INTO hotel_images (hotel_id, image_url, alt_text, sort_order) VALUES (100, 'https://daydreamhub.com/wp-content/uploads/2025/05/0T3A7252-HDRcopy.jpg', 'Piazza Epigraph Hotel / Premium Suite With Balcony - Image 4', 3);
INSERT INTO hotels (id, name, slug, description, city, country, address, rating, thumbnail_url, categories, amenities, property_type, is_active) VALUES (101, 'Tamarind Tree Hotel / Standard  Triple Room', 'tamarind-tree-hotel-standard-triple-room', 'Located in Nairobi, Tamarind Tree Hotel provides an outdoor heated swimming pool, fitness center and garden. Featuring a terrace, the property is located within 3.1 mi of Kenyatta International Conference Center.', 'Nairobi', 'Kenya', '', 0, 'https://daydreamhub.com/wp-content/uploads/2025/03/237230966.jpg', '["daycation","early_check-in"]', '["Bar / Restaurant","Elevator in Building","Gym","Laundry Service","Luggage Storage","Massage","Parking on Premises","Pool","Wheelchair Accessible","Air Conditioner (Cooling)","Air Conditioner (Heating)","Desk/Workspace","Electric pot","Free Wi-Fi","Hair Dryer","Refrigerator","Shampoo","Shower","TEL","Towels","TV"]', 'Hotel', 1);
INSERT INTO plans (hotel_id, name, description, price_usd, check_in_time, check_out_time, plan_type, max_guests, is_active) VALUES (101, '【6H】Early Check In(prepayment)', '', 210, '6:00', '12:00', 'daycation', 2, 1);
INSERT INTO plans (hotel_id, name, description, price_usd, check_in_time, check_out_time, plan_type, max_guests, is_active) VALUES (101, '【10H】Daytime (prepayment)', '', 210, '10:00', '18:00', 'daycation', 2, 1);
INSERT INTO plans (hotel_id, name, description, price_usd, check_in_time, check_out_time, plan_type, max_guests, is_active) VALUES (101, '【28H】Overnight(prepayment)', '', 280, '8:00', '12:00', 'overnight', 2, 1);
INSERT INTO hotel_images (hotel_id, image_url, alt_text, sort_order) VALUES (101, 'https://daydreamhub.com/wp-content/uploads/2025/03/237230966.jpg', 'Tamarind Tree Hotel / Standard  Triple Room - Image 1', 0);
INSERT INTO hotels (id, name, slug, description, city, country, address, rating, thumbnail_url, categories, amenities, property_type, is_active) VALUES (102, 'Tamarind Tree Hotel / Standard  Twin Room', 'tamarind-tree-hotel-standard-twin-room', 'Located in Nairobi, Tamarind Tree Hotel provides an outdoor heated swimming pool, fitness center and garden. Featuring a terrace, the property is located within 3.1 mi of Kenyatta International Conference Center.', 'Nairobi', 'Kenya', '', 0, 'https://daydreamhub.com/wp-content/uploads/2025/03/237230966.jpg', '["daycation","early_check-in"]', '["Bar / Restaurant","Elevator in Building","Gym","Laundry Service","Luggage Storage","Massage","Parking on Premises","Pool","Wheelchair Accessible","Air Conditioner (Cooling)","Air Conditioner (Heating)","Desk/Workspace","Electric pot","Free Wi-Fi","Hair Dryer","Refrigerator","Shampoo","Shower","TEL","Towels","TV"]', 'Hotel', 1);
INSERT INTO plans (hotel_id, name, description, price_usd, check_in_time, check_out_time, plan_type, max_guests, is_active) VALUES (102, '【6H】Early Check In(prepayment)', '', 180, '6:00', '12:00', 'daycation', 2, 1);
INSERT INTO plans (hotel_id, name, description, price_usd, check_in_time, check_out_time, plan_type, max_guests, is_active) VALUES (102, '【10H】Daytime (prepayment)', '', 180, '10:00', '18:00', 'daycation', 2, 1);
INSERT INTO plans (hotel_id, name, description, price_usd, check_in_time, check_out_time, plan_type, max_guests, is_active) VALUES (102, '【28H】Overnight(prepayment)', '', 240, '8:00', '12:00', 'overnight', 2, 1);
INSERT INTO hotel_images (hotel_id, image_url, alt_text, sort_order) VALUES (102, 'https://daydreamhub.com/wp-content/uploads/2025/03/237230966.jpg', 'Tamarind Tree Hotel / Standard  Twin Room - Image 1', 0);
INSERT INTO hotels (id, name, slug, description, city, country, address, rating, thumbnail_url, categories, amenities, property_type, is_active) VALUES (103, 'Tamarind Tree Hotel / Standard  Double Room', 'tamarind-tree-hotel-standard-double-room', 'Located in Nairobi, Tamarind Tree Hotel provides an outdoor heated swimming pool, fitness center and garden. Featuring a terrace, the property is located within 3.1 mi of Kenyatta International Conference Center.', 'Nairobi', 'Kenya', '', 0, 'https://daydreamhub.com/wp-content/uploads/2025/03/237230966.jpg', '["daycation","early_check-in"]', '["Bar / Restaurant","Elevator in Building","Gym","Laundry Service","Luggage Storage","Massage","Parking on Premises","Pool","Wheelchair Accessible","Air Conditioner (Cooling)","Air Conditioner (Heating)","Desk/Workspace","Electric pot","Free Wi-Fi","Hair Dryer","Refrigerator","Shampoo","Shower","TEL","Towels","TV"]', 'Hotel', 1);
INSERT INTO plans (hotel_id, name, description, price_usd, check_in_time, check_out_time, plan_type, max_guests, is_active) VALUES (103, '【6H】Early Check In(prepayment)', '', 180, '6:00', '12:00', 'daycation', 2, 1);
INSERT INTO plans (hotel_id, name, description, price_usd, check_in_time, check_out_time, plan_type, max_guests, is_active) VALUES (103, '【10H】Daytime (prepayment)', '', 180, '10:00', '18:00', 'daycation', 2, 1);
INSERT INTO plans (hotel_id, name, description, price_usd, check_in_time, check_out_time, plan_type, max_guests, is_active) VALUES (103, '【28H】Overnight(prepayment)', '', 240, '8:00', '12:00', 'overnight', 2, 1);
INSERT INTO hotel_images (hotel_id, image_url, alt_text, sort_order) VALUES (103, 'https://daydreamhub.com/wp-content/uploads/2025/03/237230966.jpg', 'Tamarind Tree Hotel / Standard  Double Room - Image 1', 0);
INSERT INTO hotels (id, name, slug, description, city, country, address, rating, thumbnail_url, categories, amenities, property_type, is_active) VALUES (104, 'Piazza Epigraph Hotel / Deluxe Room (King-size bed+sofa bed)', 'piazza-epigraph-hotel-deluxe-room-king-size-bedsofa-bed', 'Morning Plan is not available for same-day reservations.
 Bookings must be made by 6PM on the previous day.
 Piazza Epigraph in Batumi offers 4-star comfort with air-conditioning, private bathrooms, and city views. Each room includes a work desk, mini-bar, and free WiFi throughout the property.', 'Batumi', 'Georgia', '', 4, 'https://daydreamhub.com/wp-content/uploads/2025/04/564153163.jpg', '["daycation","for_couple"]', '["Bar / Restaurant","Laundry Service","Luggage Storage","Parking on Premises","Air Conditioner (Cooling)","Air Conditioner (Heating)","Electric pot","Free Wi-Fi","Hair Dryer","Refrigerator","Shampoo","Shower","TEL","Toothbrush","Towels","TV"]', 'Hotel', 1);
INSERT INTO plans (hotel_id, name, description, price_usd, check_in_time, check_out_time, plan_type, max_guests, is_active) VALUES (104, '【10H】Daytime (prepayment)', '', 124, '10:00', '20:00', 'daycation', 2, 1);
INSERT INTO plans (hotel_id, name, description, price_usd, check_in_time, check_out_time, plan_type, max_guests, is_active) VALUES (104, '【21H】Overnight(prepayment)', '', 172, '15:00', '12:00', 'overnight', 2, 1);
INSERT INTO hotel_images (hotel_id, image_url, alt_text, sort_order) VALUES (104, 'https://daydreamhub.com/wp-content/uploads/2025/04/564153163.jpg', 'Piazza Epigraph Hotel / Deluxe Room (King-size bed+sofa bed) - Image 1', 0);
INSERT INTO hotel_images (hotel_id, image_url, alt_text, sort_order) VALUES (104, 'https://daydreamhub.com/wp-content/uploads/2025/05/0T3A7320-HDR.jpg', 'Piazza Epigraph Hotel / Deluxe Room (King-size bed+sofa bed) - Image 2', 1);
INSERT INTO hotels (id, name, slug, description, city, country, address, rating, thumbnail_url, categories, amenities, property_type, is_active) VALUES (105, 'Barhat Hotel / STANDART WITH KING-SIZE BED', 'barhat-hotel-standart-with-king-size-bed', 'The Morning Plan is not available for same-day reservations.
 Bookings must be made by 6:00 PM on the previous day.
 BARHAT is a small, cozy hotel. It is perfect for both individual tourists and group accommodation.', 'Tashkent', 'Uzbekistan', '', 0, 'https://daydreamhub.com/wp-content/uploads/2025/05/スクリーンショット-2025-05-21-184757.jpg', '["daycation","for_couple"]', '["Bar / Restaurant","Fax","Laundry Service","Luggage Storage","Parking on Premises","Air Conditioner (Cooling)","Air Conditioner (Heating)","Electric pot","Free Wi-Fi","Hair Dryer","Refrigerator","Shampoo","Shower","TEL","Toothbrush","Towels","TV"]', 'Hotel', 1);
INSERT INTO plans (hotel_id, name, description, price_usd, check_in_time, check_out_time, plan_type, max_guests, is_active) VALUES (105, '【6H】Morning(prepayment)', '', 20, '8:00', '14:00', 'daycation', 2, 1);
INSERT INTO plans (hotel_id, name, description, price_usd, check_in_time, check_out_time, plan_type, max_guests, is_active) VALUES (105, '【10H】Morning(prepayment)', '', 25, '9:00', '19:00', 'daycation', 2, 1);
INSERT INTO plans (hotel_id, name, description, price_usd, check_in_time, check_out_time, plan_type, max_guests, is_active) VALUES (105, '【10H】Airport Shuttle(prepayment)', '', 25, '10:00', '20:00', 'daycation', 2, 1);
INSERT INTO plans (hotel_id, name, description, price_usd, check_in_time, check_out_time, plan_type, max_guests, is_active) VALUES (105, '【28H】Overnight(prepayment)', '', 40, '8:00', '12:00', 'overnight', 2, 1);
INSERT INTO hotel_images (hotel_id, image_url, alt_text, sort_order) VALUES (105, 'https://daydreamhub.com/wp-content/uploads/2025/05/スクリーンショット-2025-05-21-184757.jpg', 'Barhat Hotel / STANDART WITH KING-SIZE BED - Image 1', 0);
INSERT INTO hotel_images (hotel_id, image_url, alt_text, sort_order) VALUES (105, 'https://daydreamhub.com/wp-content/uploads/2025/05/スクリーンショット-2025-05-21-184635.jpg', 'Barhat Hotel / STANDART WITH KING-SIZE BED - Image 2', 1);
INSERT INTO hotel_images (hotel_id, image_url, alt_text, sort_order) VALUES (105, 'https://daydreamhub.com/wp-content/uploads/2025/05/スクリーンショット-2025-05-21-184527.jpg', 'Barhat Hotel / STANDART WITH KING-SIZE BED - Image 3', 2);
INSERT INTO hotels (id, name, slug, description, city, country, address, rating, thumbnail_url, categories, amenities, property_type, is_active) VALUES (106, 'SUHA Mina Rashid Hotel Apartments / Deluxe Studio Apartment', 'suha-mina-rashid-hotel-apartments-deluxe-studio-apartment', 'SUHA Mina Rashid Hotel Apartments provides accommodations with free WiFi, air conditioning, an outdoor swimming pool and a fitness center.
 Each unit is equipped with a fully equipped kitchen with a fridge, a seating area, a flat-screen TV, a washing machine, and a private bathroom with bidet and free toiletries.
 Continental and à la carte breakfast options are available daily at the aparthotel.
 A car rental service is available at Suha Mina Rashid Hotel Apartment.

The Morning Plan is not available for same-day reservations.
 Bookings must be made by 6:00 PM on the previous day.', 'Dubai', 'UAE', '', 0, 'https://daydreamhub.com/wp-content/uploads/2025/05/スクリーンショット-2025-05-20-12.01.57.jpg', '["early_check-in","luxury"]', '["Elevator in Building","Laundry Service","Parking on Premises","Pool","Air Conditioner (Cooling)","Air Conditioner (Heating)","Bathtub","Desk/Workspace","Electric pot","Free Wi-Fi","Hair Dryer","Kitchen","Refrigerator","Shampoo","Shower","TEL","Toothbrush","Towels","TV"]', 'Apartment', 1);
INSERT INTO plans (hotel_id, name, description, price_usd, check_in_time, check_out_time, plan_type, max_guests, is_active) VALUES (106, '【6H】Early Check In(prepayment)', '', 85, '6:00', '12:00', 'early_check-in', 2, 1);
INSERT INTO plans (hotel_id, name, description, price_usd, check_in_time, check_out_time, plan_type, max_guests, is_active) VALUES (106, '【10H】Daytime(prepayment)', '', 100, '10:00', '20:00', 'early_check-in', 2, 1);
INSERT INTO plans (hotel_id, name, description, price_usd, check_in_time, check_out_time, plan_type, max_guests, is_active) VALUES (106, '【28H】Overnight(prepayment)', '', 120, '8:00', '12:00', 'overnight', 2, 1);
INSERT INTO hotel_images (hotel_id, image_url, alt_text, sort_order) VALUES (106, 'https://daydreamhub.com/wp-content/uploads/2025/05/スクリーンショット-2025-05-20-12.01.57.jpg', 'SUHA Mina Rashid Hotel Apartments / Deluxe Studio Apartment - Image 1', 0);
INSERT INTO hotel_images (hotel_id, image_url, alt_text, sort_order) VALUES (106, 'https://daydreamhub.com/wp-content/uploads/2025/05/スクリーンショット-2025-05-20-12.03.05.jpg', 'SUHA Mina Rashid Hotel Apartments / Deluxe Studio Apartment - Image 2', 1);
INSERT INTO hotel_images (hotel_id, image_url, alt_text, sort_order) VALUES (106, 'https://daydreamhub.com/wp-content/uploads/2025/05/スクリーンショット-2025-05-20-12.04.41.jpg', 'SUHA Mina Rashid Hotel Apartments / Deluxe Studio Apartment - Image 3', 2);
INSERT INTO hotel_images (hotel_id, image_url, alt_text, sort_order) VALUES (106, 'https://daydreamhub.com/wp-content/uploads/2025/05/スクリーンショット-2025-05-20-12.04.13.jpg', 'SUHA Mina Rashid Hotel Apartments / Deluxe Studio Apartment - Image 4', 3);
INSERT INTO hotel_images (hotel_id, image_url, alt_text, sort_order) VALUES (106, 'https://daydreamhub.com/wp-content/uploads/2025/05/スクリーンショット-2025-05-20-12.05.07.jpg', 'SUHA Mina Rashid Hotel Apartments / Deluxe Studio Apartment - Image 5', 4);
INSERT INTO hotel_images (hotel_id, image_url, alt_text, sort_order) VALUES (106, 'https://daydreamhub.com/wp-content/uploads/2025/05/スクリーンショット-2025-05-20-12.03.53.jpg', 'SUHA Mina Rashid Hotel Apartments / Deluxe Studio Apartment - Image 6', 5);
INSERT INTO hotels (id, name, slug, description, city, country, address, rating, thumbnail_url, categories, amenities, property_type, is_active) VALUES (107, 'AL JABAL HOTEL / Deluxe Twin Room', 'al-jabal-hotel-deluxe-twin-room', 'Al Jabal Hotel in Salalah offers family rooms with air-conditioning, private bathrooms, and garden or city views. Each room includes a refrigerator, work desk, and free toiletries.

The Morning Plan is not available for same-day reservations.
 Bookings must be made by 6:00 PM on the previous day.', 'Salalah', 'Oman', '', 0, 'https://daydreamhub.com/wp-content/uploads/2025/05/スクリーンショット-2025-05-17-104448.jpg', '["daycation","for_couple"]', '["Bar / Restaurant","Laundry Service","Luggage Storage","Massage","Parking on Premises","Pool","Wheelchair Accessible","Air Conditioner (Cooling)","Air Conditioner (Heating)","Electric pot","Free Wi-Fi","Hair Dryer","Refrigerator","Shampoo","Shower","TEL","Toothbrush","Towels","TV"]', 'Hotel', 1);
INSERT INTO plans (hotel_id, name, description, price_usd, check_in_time, check_out_time, plan_type, max_guests, is_active) VALUES (107, '【6H】Morning(prepayment)', '', 10, '8:00', '14:00', 'daycation', 2, 1);
INSERT INTO plans (hotel_id, name, description, price_usd, check_in_time, check_out_time, plan_type, max_guests, is_active) VALUES (107, '【10H】Daytime (prepayment)', '', 15, '10:00', '20:00', 'daycation', 2, 1);
INSERT INTO plans (hotel_id, name, description, price_usd, check_in_time, check_out_time, plan_type, max_guests, is_active) VALUES (107, '【10H】Airport Shuttle(prepayment)', '', 15, '8:00', '20:00', 'daycation', 2, 1);
INSERT INTO plans (hotel_id, name, description, price_usd, check_in_time, check_out_time, plan_type, max_guests, is_active) VALUES (107, '【28H】Overnight(prepayment)', '', 20, '8:00', '12:00', 'overnight', 2, 1);
INSERT INTO hotel_images (hotel_id, image_url, alt_text, sort_order) VALUES (107, 'https://daydreamhub.com/wp-content/uploads/2025/05/スクリーンショット-2025-05-17-104448.jpg', 'AL JABAL HOTEL / Deluxe Twin Room - Image 1', 0);
INSERT INTO hotel_images (hotel_id, image_url, alt_text, sort_order) VALUES (107, 'https://daydreamhub.com/wp-content/uploads/2025/05/スクリーンショット-2025-05-17-104523.jpg', 'AL JABAL HOTEL / Deluxe Twin Room - Image 2', 1);
INSERT INTO hotel_images (hotel_id, image_url, alt_text, sort_order) VALUES (107, 'https://daydreamhub.com/wp-content/uploads/2025/05/スクリーンショット-2025-05-17-104430.jpg', 'AL JABAL HOTEL / Deluxe Twin Room - Image 3', 2);
INSERT INTO hotels (id, name, slug, description, city, country, address, rating, thumbnail_url, categories, amenities, property_type, is_active) VALUES (108, 'Emara Ole Sereni Hotel /Superior Double Room', 'emara-ole-sereni-hotel-superior-double-room', 'Get the celebrity treatment with world-class service at Emara Ole-Sereni
 Elegant Accommodations: Emara Ole-Sereni in Nairobi offers a 5-star hotel experience with a restaurant, bar, outdoor swimming pool, and free WiFi. Guests enjoy private check-in and check-out, a 24-hour front desk, and concierge services.', 'Nairobi', 'Kenya', '', 0, 'https://daydreamhub.com/wp-content/uploads/2025/05/243733800.webp', '["daycation","for_couple"]', '["ATM","Bar / Restaurant","Currency Exchange","Elevator in Building","Laundry Service","Luggage Storage","Parking on Premises","Pool","Wheelchair Accessible","Air Conditioner (Cooling)","Air Conditioner (Heating)","Bathtub","Desk/Workspace","Electric pot","Free Wi-Fi","Hair Dryer","Refrigerator","Shampoo","Shower","TEL","Toothbrush","Towels","TV"]', 'Hotel', 1);
INSERT INTO plans (hotel_id, name, description, price_usd, check_in_time, check_out_time, plan_type, max_guests, is_active) VALUES (108, '[8Hrs] Day Use(prepayment)', '', 160, '10:00', '18:00', 'daycation', 2, 1);
INSERT INTO plans (hotel_id, name, description, price_usd, check_in_time, check_out_time, plan_type, max_guests, is_active) VALUES (108, '[20Hrs]Overnight -Bed and Breakfast(prepayment)', '', 260, '14:00', '10:00', 'overnight', 2, 1);
INSERT INTO plans (hotel_id, name, description, price_usd, check_in_time, check_out_time, plan_type, max_guests, is_active) VALUES (108, '[20Hrs]Overnight -Room Only(prepayment)', '', 220, '14:00', '10:00', 'overnight', 2, 1);
INSERT INTO hotel_images (hotel_id, image_url, alt_text, sort_order) VALUES (108, 'https://daydreamhub.com/wp-content/uploads/2025/05/243733800.webp', 'Emara Ole Sereni Hotel /Superior Double Room - Image 1', 0);
INSERT INTO hotel_images (hotel_id, image_url, alt_text, sort_order) VALUES (108, 'https://daydreamhub.com/wp-content/uploads/2025/04/92007819.jpg', 'Emara Ole Sereni Hotel /Superior Double Room - Image 2', 1);
INSERT INTO hotel_images (hotel_id, image_url, alt_text, sort_order) VALUES (108, 'https://daydreamhub.com/wp-content/uploads/2025/05/243731208.webp', 'Emara Ole Sereni Hotel /Superior Double Room - Image 3', 2);
INSERT INTO hotel_images (hotel_id, image_url, alt_text, sort_order) VALUES (108, 'https://daydreamhub.com/wp-content/uploads/2025/05/249124960.webp', 'Emara Ole Sereni Hotel /Superior Double Room - Image 4', 3);
INSERT INTO hotel_images (hotel_id, image_url, alt_text, sort_order) VALUES (108, 'https://daydreamhub.com/wp-content/uploads/2025/05/243727802.webp', 'Emara Ole Sereni Hotel /Superior Double Room - Image 5', 4);
INSERT INTO hotel_images (hotel_id, image_url, alt_text, sort_order) VALUES (108, 'https://daydreamhub.com/wp-content/uploads/2025/05/243731203.webp', 'Emara Ole Sereni Hotel /Superior Double Room - Image 6', 5);
INSERT INTO hotels (id, name, slug, description, city, country, address, rating, thumbnail_url, categories, amenities, property_type, is_active) VALUES (109, 'Ole Sereni Hotel/Cozy Room', 'ole-sereni-hotel-cozy-room-copy', 'Ole-Sereni Hotel is decorated with the characteristic style of a safari lodge, including bright colors, wooden details and artwork in raw materials.', 'Nairobi', 'Kenya', '', 0, 'https://daydreamhub.com/wp-content/uploads/2025/04/92007819.jpg', '["daycation","for_couple"]', '["ATM","Bar / Restaurant","Currency Exchange","Elevator in Building","Gym","Laundry Service","Luggage Storage","Massage","Parking on Premises","Pool","Sauna","Wheelchair Accessible","Air Conditioner (Cooling)","Air Conditioner (Heating)","Bathtub","Desk/Workspace","Electric pot","Free Wi-Fi","Hair Dryer","Refrigerator","Shampoo","Shower","TEL","Toothbrush","Towels","TV"]', 'Hotel', 1);
INSERT INTO plans (hotel_id, name, description, price_usd, check_in_time, check_out_time, plan_type, max_guests, is_active) VALUES (109, '[8Hrs] Day Use(prepayment)', '', 110, '10:00', '18:00', 'daycation', 2, 1);
INSERT INTO plans (hotel_id, name, description, price_usd, check_in_time, check_out_time, plan_type, max_guests, is_active) VALUES (109, '[20Hrs]Overnight -Bed and Breakfast(prepayment)', '', 230, '14:00', '10:00', 'overnight', 2, 1);
INSERT INTO plans (hotel_id, name, description, price_usd, check_in_time, check_out_time, plan_type, max_guests, is_active) VALUES (109, '[20Hrs]Overnight -Room Only(prepayment)', '', 190, '14:00', '10:00', 'overnight', 2, 1);
INSERT INTO hotel_images (hotel_id, image_url, alt_text, sort_order) VALUES (109, 'https://daydreamhub.com/wp-content/uploads/2025/04/92007819.jpg', 'Ole Sereni Hotel/Cozy Room - Image 1', 0);
INSERT INTO hotels (id, name, slug, description, city, country, address, rating, thumbnail_url, categories, amenities, property_type, is_active) VALUES (110, 'Hotel Les Monges Palace / Double Room', 'hotel-les-monges-palace-double-room', 'Located next to Alicante Town Hall, Hostal Les Monges Palace is 656 feet from the cathedral and 1312 feet from Postiguet Beach and marina. It offers free Wi-Fi.

This guest house is a historical building from 1902. It retains original features, such as ornate tiled floors, wooden beams and oil paintings.', 'Alicante', 'Spain', '', 0, 'https://daydreamhub.com/wp-content/uploads/2025/05/471053306.webp', '["daycation","for_couple"]', '["Elevator in Building","Parking on Premises","Air Conditioner (Cooling)","Air Conditioner (Heating)","Coffee maker","Desk/Workspace","Electric pot","Free Wi-Fi","Hair Dryer","Refrigerator","Shower","TEL","Towels","TV"]', 'Hotel', 1);
INSERT INTO plans (hotel_id, name, description, price_usd, check_in_time, check_out_time, plan_type, max_guests, is_active) VALUES (110, '【6H】Morning(prepayment)', '', 83, '6:00', '12:00', 'daycation', 2, 1);
INSERT INTO plans (hotel_id, name, description, price_usd, check_in_time, check_out_time, plan_type, max_guests, is_active) VALUES (110, '【10H】Daytime (prepayment)', '', 97, '10:00', '20:00', 'daycation', 2, 1);
INSERT INTO plans (hotel_id, name, description, price_usd, check_in_time, check_out_time, plan_type, max_guests, is_active) VALUES (110, '【28H】Overnight(prepayment)', '', 168, '8:00', '12:00', 'overnight', 2, 1);
INSERT INTO hotel_images (hotel_id, image_url, alt_text, sort_order) VALUES (110, 'https://daydreamhub.com/wp-content/uploads/2025/05/471053306.webp', 'Hotel Les Monges Palace / Double Room - Image 1', 0);
INSERT INTO hotel_images (hotel_id, image_url, alt_text, sort_order) VALUES (110, 'https://daydreamhub.com/wp-content/uploads/2025/05/470823826.webp', 'Hotel Les Monges Palace / Double Room - Image 2', 1);
INSERT INTO hotel_images (hotel_id, image_url, alt_text, sort_order) VALUES (110, 'https://daydreamhub.com/wp-content/uploads/2025/05/471053302.webp', 'Hotel Les Monges Palace / Double Room - Image 3', 2);
INSERT INTO hotel_images (hotel_id, image_url, alt_text, sort_order) VALUES (110, 'https://daydreamhub.com/wp-content/uploads/2025/05/441080392-1.webp', 'Hotel Les Monges Palace / Double Room - Image 4', 3);
INSERT INTO hotel_images (hotel_id, image_url, alt_text, sort_order) VALUES (110, 'https://daydreamhub.com/wp-content/uploads/2025/05/470823817.webp', 'Hotel Les Monges Palace / Double Room - Image 5', 4);
INSERT INTO hotel_images (hotel_id, image_url, alt_text, sort_order) VALUES (110, 'https://daydreamhub.com/wp-content/uploads/2025/05/441080385.webp', 'Hotel Les Monges Palace / Double Room - Image 6', 5);
INSERT INTO hotels (id, name, slug, description, city, country, address, rating, thumbnail_url, categories, amenities, property_type, is_active) VALUES (111, 'PAINTER\’S DREAM', 'painters-dream', '', 'Quito', 'Ecuador', '', 0, 'https://daydreamhub.com/wp-content/uploads/2025/05/Painters-dream-headboard.jpg', '["early_check-in","for_couple","for_work","luxury"]', '["Laundry Service","Luggage Storage","Wheelchair Accessible","Air Conditioner (Heating)","Coffee maker","Desk/Workspace","Electric pot","Free Wi-Fi","Hair Dryer","Kitchen","Refrigerator","Scanner / Printer","Shampoo","Shower","Towels","TV"]', 'Apartment', 1);
INSERT INTO plans (hotel_id, name, description, price_usd, check_in_time, check_out_time, plan_type, max_guests, is_active) VALUES (111, 'Luxury host(prepayment)', '', 100, '15:00', '11:00', 'luxury', 2, 1);
INSERT INTO hotel_images (hotel_id, image_url, alt_text, sort_order) VALUES (111, 'https://daydreamhub.com/wp-content/uploads/2025/05/Painters-dream-headboard.jpg', 'PAINTER\’S DREAM - Image 1', 0);
INSERT INTO hotel_images (hotel_id, image_url, alt_text, sort_order) VALUES (111, 'https://daydreamhub.com/wp-content/uploads/2025/05/Painters-dream-bathroom-1.jpg', 'PAINTER\’S DREAM - Image 2', 1);
INSERT INTO hotel_images (hotel_id, image_url, alt_text, sort_order) VALUES (111, 'https://daydreamhub.com/wp-content/uploads/2025/05/Painters-dream-general-view.jpg', 'PAINTER\’S DREAM - Image 3', 2);
INSERT INTO hotel_images (hotel_id, image_url, alt_text, sort_order) VALUES (111, 'https://daydreamhub.com/wp-content/uploads/2025/05/Painters-dream-living-room.jpg', 'PAINTER\’S DREAM - Image 4', 3);
INSERT INTO hotels (id, name, slug, description, city, country, address, rating, thumbnail_url, categories, amenities, property_type, is_active) VALUES (112, 'Empire Stay Limited / Etna House- One Bed- One Bath Studio', 'empire-stay-limited-etna-house-one-bed-one-bath-studio', 'Nestled within a secure complex, enjoy complimentary perks like free car parking, WiFi, and the added convenience of four electric charging points onsite.', 'Birmingham', 'UK', '', 0, 'https://daydreamhub.com/wp-content/uploads/2025/04/スクリーンショット-2025-04-30-034432.jpg', '["daycation","for_couple"]', '["Laundry Service","Bathtub","Coffee maker","Desk/Workspace","Electric pot","Free Wi-Fi","Hair Dryer","Kitchen","Refrigerator","Shower","Towels","TV"]', 'Apartment', 1);
INSERT INTO plans (hotel_id, name, description, price_usd, check_in_time, check_out_time, plan_type, max_guests, is_active) VALUES (112, '[5H] Daytime(prepayment)', '', 228, '10:00', '15:00', 'daycation', 2, 1);
INSERT INTO plans (hotel_id, name, description, price_usd, check_in_time, check_out_time, plan_type, max_guests, is_active) VALUES (112, '[5H] Daytime + Airport Shuttle(prepayment)', '', 228, '10:00', '15:00', 'daycation', 2, 1);
INSERT INTO plans (hotel_id, name, description, price_usd, check_in_time, check_out_time, plan_type, max_guests, is_active) VALUES (112, '[19H] Over night(prepayment)', '', 160, '15:00', '10:00', 'overnight', 2, 1);
INSERT INTO plans (hotel_id, name, description, price_usd, check_in_time, check_out_time, plan_type, max_guests, is_active) VALUES (112, '[10H] Over night + Airport Shuttle(prepayment)', '', 388, '22:00', '8:00', 'overnight', 2, 1);
INSERT INTO hotel_images (hotel_id, image_url, alt_text, sort_order) VALUES (112, 'https://daydreamhub.com/wp-content/uploads/2025/04/スクリーンショット-2025-04-30-034432.jpg', 'Empire Stay Limited / Etna House- One Bed- One Bath Studio - Image 1', 0);
INSERT INTO hotel_images (hotel_id, image_url, alt_text, sort_order) VALUES (112, 'https://daydreamhub.com/wp-content/uploads/2025/04/スクリーンショット-2025-04-30-034423.jpg', 'Empire Stay Limited / Etna House- One Bed- One Bath Studio - Image 2', 1);
INSERT INTO hotel_images (hotel_id, image_url, alt_text, sort_order) VALUES (112, 'https://daydreamhub.com/wp-content/uploads/2025/04/スクリーンショット-2025-04-30-034513.jpg', 'Empire Stay Limited / Etna House- One Bed- One Bath Studio - Image 3', 2);
INSERT INTO hotels (id, name, slug, description, city, country, address, rating, thumbnail_url, categories, amenities, property_type, is_active) VALUES (113, 'Empire Stay Limited / Etna House- One Bed- One Bath Apartment', 'empire-stay-limited-etna-house-one-bed-one-bath-apartment', 'Nestled within a secure complex, enjoy complimentary perks like free car parking, WiFi, and the added convenience of four electric charging points onsite.', 'Birmingham', 'UK', '', 0, 'https://daydreamhub.com/wp-content/uploads/2025/04/スクリーンショット-2025-04-30-032820.jpg', '["daycation","for_couple"]', '["Laundry Service","Bathtub","Coffee maker","Desk/Workspace","Electric pot","Free Wi-Fi","Hair Dryer","Kitchen","Refrigerator","Shower","Towels","TV"]', 'Apartment', 1);
INSERT INTO plans (hotel_id, name, description, price_usd, check_in_time, check_out_time, plan_type, max_guests, is_active) VALUES (113, '[5H] Daytime(prepayment)', '', 228, '10:00', '15:00', 'daycation', 2, 1);
INSERT INTO plans (hotel_id, name, description, price_usd, check_in_time, check_out_time, plan_type, max_guests, is_active) VALUES (113, '[5H] Daytime + Airport Shuttle(prepayment)', '', 228, '10:00', '15:00', 'daycation', 2, 1);
INSERT INTO plans (hotel_id, name, description, price_usd, check_in_time, check_out_time, plan_type, max_guests, is_active) VALUES (113, '[19H] Over night(prepayment)', '', 160, '15:00', '10:00', 'overnight', 2, 1);
INSERT INTO plans (hotel_id, name, description, price_usd, check_in_time, check_out_time, plan_type, max_guests, is_active) VALUES (113, '[10H] Over night + Airport Shuttle(prepayment)', '', 388, '22:00', '8:00', 'overnight', 2, 1);
INSERT INTO hotel_images (hotel_id, image_url, alt_text, sort_order) VALUES (113, 'https://daydreamhub.com/wp-content/uploads/2025/04/スクリーンショット-2025-04-30-032820.jpg', 'Empire Stay Limited / Etna House- One Bed- One Bath Apartment - Image 1', 0);
INSERT INTO hotel_images (hotel_id, image_url, alt_text, sort_order) VALUES (113, 'https://daydreamhub.com/wp-content/uploads/2025/04/スクリーンショット-2025-04-30-032831.jpg', 'Empire Stay Limited / Etna House- One Bed- One Bath Apartment - Image 2', 1);
INSERT INTO hotel_images (hotel_id, image_url, alt_text, sort_order) VALUES (113, 'https://daydreamhub.com/wp-content/uploads/2025/04/スクリーンショット-2025-04-30-032800.jpg', 'Empire Stay Limited / Etna House- One Bed- One Bath Apartment - Image 3', 2);
INSERT INTO hotels (id, name, slug, description, city, country, address, rating, thumbnail_url, categories, amenities, property_type, is_active) VALUES (114, 'Empire Stay Limited / Etna House- Two Bed- One Bath Apartment', 'empire-stay-limited-etna-house-two-bed-one-bath-apartment', 'Nestled within a secure complex, enjoy complimentary perks like free car parking, WiFi, and the added convenience of four electric charging points onsite.', 'Birmingham', 'UK', '', 0, 'https://daydreamhub.com/wp-content/uploads/2025/04/スクリーンショット-2025-04-30-032015.jpg', '["daycation","for_couple"]', '["Laundry Service","Bathtub","Coffee maker","Desk/Workspace","Electric pot","Free Wi-Fi","Hair Dryer","Kitchen","Refrigerator","Shower","Towels","TV"]', 'Apartment', 1);
INSERT INTO plans (hotel_id, name, description, price_usd, check_in_time, check_out_time, plan_type, max_guests, is_active) VALUES (114, '[5H] Daytime(prepayment)', '', 228, '10:00', '15:00', 'daycation', 2, 1);
INSERT INTO plans (hotel_id, name, description, price_usd, check_in_time, check_out_time, plan_type, max_guests, is_active) VALUES (114, '[5H] Daytime + Airport Shuttle(prepayment)', '', 228, '10:00', '15:00', 'daycation', 2, 1);
INSERT INTO plans (hotel_id, name, description, price_usd, check_in_time, check_out_time, plan_type, max_guests, is_active) VALUES (114, '[19H] Over night(prepayment)', '', 160, '15:00', '10:00', 'overnight', 2, 1);
INSERT INTO plans (hotel_id, name, description, price_usd, check_in_time, check_out_time, plan_type, max_guests, is_active) VALUES (114, '[10H] Over night + Airport Shuttle(prepayment)', '', 388, '22:00', '8:00', 'overnight', 2, 1);
INSERT INTO hotel_images (hotel_id, image_url, alt_text, sort_order) VALUES (114, 'https://daydreamhub.com/wp-content/uploads/2025/04/スクリーンショット-2025-04-30-032015.jpg', 'Empire Stay Limited / Etna House- Two Bed- One Bath Apartment - Image 1', 0);
INSERT INTO hotel_images (hotel_id, image_url, alt_text, sort_order) VALUES (114, 'https://daydreamhub.com/wp-content/uploads/2025/04/スクリーンショット-2025-04-30-032033.jpg', 'Empire Stay Limited / Etna House- Two Bed- One Bath Apartment - Image 2', 1);
INSERT INTO hotel_images (hotel_id, image_url, alt_text, sort_order) VALUES (114, 'https://daydreamhub.com/wp-content/uploads/2025/04/スクリーンショット-2025-04-30-032047.jpg', 'Empire Stay Limited / Etna House- Two Bed- One Bath Apartment - Image 3', 2);
INSERT INTO hotels (id, name, slug, description, city, country, address, rating, thumbnail_url, categories, amenities, property_type, is_active) VALUES (115, 'Taarifa Suites / One-Bedroom Apartment', 'taarifa-suites-one-bedroom-apartment', 'The 1 Bedroom Apartment serviced apartments makes it the ideal choice for business travelers, couples, and smaller families looking to relocate. Even with a cozier area of the room, it still features a fully equipped kitchen and living room. Taarifa Suites apartments are built to give you all the space you need for a comfortable stay while being able to host at your leisure.', 'Nairobi', 'Kenya', '', 0, 'https://daydreamhub.com/wp-content/uploads/2025/04/Taarifa-143-1br.jpg', '["daycation","for_couple","personal_time"]', '["Elevator in Building","Gym","Laundry Service","Luggage Storage","Parking on Premises","Pool","Sauna","Air Conditioner (Cooling)","Air Conditioner (Heating)","Desk/Workspace","Electric pot","Free Wi-Fi","Kitchen","Refrigerator","Shower","TEL","Towels","TV"]', 'Apartment', 1);
INSERT INTO plans (hotel_id, name, description, price_usd, check_in_time, check_out_time, plan_type, max_guests, is_active) VALUES (115, '【5H】Daytime (prepayment)', '', 85, '11:00', '16:00', 'daycation', 2, 1);
INSERT INTO plans (hotel_id, name, description, price_usd, check_in_time, check_out_time, plan_type, max_guests, is_active) VALUES (115, '【23H】Overnight(prepayment)', '', 85, '11:00', '10:00', 'overnight', 2, 1);
INSERT INTO hotel_images (hotel_id, image_url, alt_text, sort_order) VALUES (115, 'https://daydreamhub.com/wp-content/uploads/2025/04/Taarifa-143-1br.jpg', 'Taarifa Suites / One-Bedroom Apartment - Image 1', 0);
INSERT INTO hotel_images (hotel_id, image_url, alt_text, sort_order) VALUES (115, 'https://daydreamhub.com/wp-content/uploads/2025/04/Taarifa-151-1br.jpg', 'Taarifa Suites / One-Bedroom Apartment - Image 2', 1);
INSERT INTO hotel_images (hotel_id, image_url, alt_text, sort_order) VALUES (115, 'https://daydreamhub.com/wp-content/uploads/2025/04/Taarifa-150-1br.jpg', 'Taarifa Suites / One-Bedroom Apartment - Image 3', 2);
INSERT INTO hotel_images (hotel_id, image_url, alt_text, sort_order) VALUES (115, 'https://daydreamhub.com/wp-content/uploads/2025/04/Taarifa-131-1br.jpg', 'Taarifa Suites / One-Bedroom Apartment - Image 4', 3);
INSERT INTO hotel_images (hotel_id, image_url, alt_text, sort_order) VALUES (115, 'https://daydreamhub.com/wp-content/uploads/2025/04/Taarifa-135-1br.jpg', 'Taarifa Suites / One-Bedroom Apartment - Image 5', 4);
INSERT INTO hotel_images (hotel_id, image_url, alt_text, sort_order) VALUES (115, 'https://daydreamhub.com/wp-content/uploads/2025/04/Taarifa-133-1br.jpg', 'Taarifa Suites / One-Bedroom Apartment - Image 6', 5);
INSERT INTO hotel_images (hotel_id, image_url, alt_text, sort_order) VALUES (115, 'https://daydreamhub.com/wp-content/uploads/2025/04/Taarifa-134-1br.jpg', 'Taarifa Suites / One-Bedroom Apartment - Image 7', 6);
INSERT INTO hotel_images (hotel_id, image_url, alt_text, sort_order) VALUES (115, 'https://daydreamhub.com/wp-content/uploads/2025/04/Taarifa-136-1br.jpg', 'Taarifa Suites / One-Bedroom Apartment - Image 8', 7);
INSERT INTO hotel_images (hotel_id, image_url, alt_text, sort_order) VALUES (115, 'https://daydreamhub.com/wp-content/uploads/2025/04/Taarifa-137-1br.jpg', 'Taarifa Suites / One-Bedroom Apartment - Image 9', 8);
INSERT INTO hotel_images (hotel_id, image_url, alt_text, sort_order) VALUES (115, 'https://daydreamhub.com/wp-content/uploads/2025/04/Taarifa-138-1br.jpg', 'Taarifa Suites / One-Bedroom Apartment - Image 10', 9);
INSERT INTO hotel_images (hotel_id, image_url, alt_text, sort_order) VALUES (115, 'https://daydreamhub.com/wp-content/uploads/2025/04/Taarifa-139-1br.jpg', 'Taarifa Suites / One-Bedroom Apartment - Image 11', 10);
INSERT INTO hotel_images (hotel_id, image_url, alt_text, sort_order) VALUES (115, 'https://daydreamhub.com/wp-content/uploads/2025/04/Taarifa-141-1br.jpg', 'Taarifa Suites / One-Bedroom Apartment - Image 12', 11);
INSERT INTO hotel_images (hotel_id, image_url, alt_text, sort_order) VALUES (115, 'https://daydreamhub.com/wp-content/uploads/2025/04/Taarifa-146-1br.jpg', 'Taarifa Suites / One-Bedroom Apartment - Image 13', 12);
INSERT INTO hotel_images (hotel_id, image_url, alt_text, sort_order) VALUES (115, 'https://daydreamhub.com/wp-content/uploads/2025/04/Taarifa-149-1br.jpg', 'Taarifa Suites / One-Bedroom Apartment - Image 14', 13);
INSERT INTO hotel_images (hotel_id, image_url, alt_text, sort_order) VALUES (115, 'https://daydreamhub.com/wp-content/uploads/2025/04/Taarifa-148-1br.jpg', 'Taarifa Suites / One-Bedroom Apartment - Image 15', 14);
INSERT INTO hotel_images (hotel_id, image_url, alt_text, sort_order) VALUES (115, 'https://daydreamhub.com/wp-content/uploads/2025/04/Taarifa-154-1br.jpg', 'Taarifa Suites / One-Bedroom Apartment - Image 16', 15);
INSERT INTO hotel_images (hotel_id, image_url, alt_text, sort_order) VALUES (115, 'https://daydreamhub.com/wp-content/uploads/2025/04/Taarifa-152-1br.jpg', 'Taarifa Suites / One-Bedroom Apartment - Image 17', 16);
INSERT INTO hotel_images (hotel_id, image_url, alt_text, sort_order) VALUES (115, 'https://daydreamhub.com/wp-content/uploads/2025/04/Taarifa-153-1br.jpg', 'Taarifa Suites / One-Bedroom Apartment - Image 18', 17);
INSERT INTO hotels (id, name, slug, description, city, country, address, rating, thumbnail_url, categories, amenities, property_type, is_active) VALUES (116, 'Taarifa Suites / Two-Bedroom Apartment', 'taarifa-suites-two-bedroom-apartment', 'The open concept of 2 Bedroom Apartment serviced apartments makes it the ideal choice for business travelers, couples, and smaller families looking to relocate. Even with a cozier area of the room, it still features a fully equipped kitchen and living room. Taarifa Suites studios are built to give you all the space you need for a comfortable stay while being able to host at your leisure.', 'Nairobi', 'Kenya', '', 0, 'https://daydreamhub.com/wp-content/uploads/2025/04/Taarifa-111-2br.jpg', '["daycation","personal_time"]', '["Elevator in Building","Gym","Laundry Service","Luggage Storage","Parking on Premises","Pool","Sauna","Air Conditioner (Cooling)","Air Conditioner (Heating)","Bathtub","Desk/Workspace","Electric pot","Free Wi-Fi","Kitchen","Refrigerator","Shampoo","Shower","TEL","Toothbrush","Towels","TV"]', 'Apartment', 1);
INSERT INTO plans (hotel_id, name, description, price_usd, check_in_time, check_out_time, plan_type, max_guests, is_active) VALUES (116, '【5H】Daytime (prepayment)', '', 100, '11:00', '16:00', 'daycation', 2, 1);
INSERT INTO plans (hotel_id, name, description, price_usd, check_in_time, check_out_time, plan_type, max_guests, is_active) VALUES (116, '【23H】Overnight(prepayment)', '', 100, '11:00', '10:00', 'overnight', 2, 1);
INSERT INTO hotel_images (hotel_id, image_url, alt_text, sort_order) VALUES (116, 'https://daydreamhub.com/wp-content/uploads/2025/04/Taarifa-111-2br.jpg', 'Taarifa Suites / Two-Bedroom Apartment - Image 1', 0);
INSERT INTO hotel_images (hotel_id, image_url, alt_text, sort_order) VALUES (116, 'https://daydreamhub.com/wp-content/uploads/2025/04/Taarifa-108-2br.jpg', 'Taarifa Suites / Two-Bedroom Apartment - Image 2', 1);
INSERT INTO hotel_images (hotel_id, image_url, alt_text, sort_order) VALUES (116, 'https://daydreamhub.com/wp-content/uploads/2025/04/Taarifa-104-2br.jpg', 'Taarifa Suites / Two-Bedroom Apartment - Image 3', 2);
INSERT INTO hotel_images (hotel_id, image_url, alt_text, sort_order) VALUES (116, 'https://daydreamhub.com/wp-content/uploads/2025/04/Taarifa-105-2br.jpg', 'Taarifa Suites / Two-Bedroom Apartment - Image 4', 3);
INSERT INTO hotel_images (hotel_id, image_url, alt_text, sort_order) VALUES (116, 'https://daydreamhub.com/wp-content/uploads/2025/04/Taarifa-106-2br.jpg', 'Taarifa Suites / Two-Bedroom Apartment - Image 5', 4);
INSERT INTO hotel_images (hotel_id, image_url, alt_text, sort_order) VALUES (116, 'https://daydreamhub.com/wp-content/uploads/2025/04/Taarifa-109-2br.jpg', 'Taarifa Suites / Two-Bedroom Apartment - Image 6', 5);
INSERT INTO hotel_images (hotel_id, image_url, alt_text, sort_order) VALUES (116, 'https://daydreamhub.com/wp-content/uploads/2025/04/Taarifa-107-2br.jpg', 'Taarifa Suites / Two-Bedroom Apartment - Image 7', 6);
INSERT INTO hotel_images (hotel_id, image_url, alt_text, sort_order) VALUES (116, 'https://daydreamhub.com/wp-content/uploads/2025/04/Taarifa-110-2br.jpg', 'Taarifa Suites / Two-Bedroom Apartment - Image 8', 7);
INSERT INTO hotel_images (hotel_id, image_url, alt_text, sort_order) VALUES (116, 'https://daydreamhub.com/wp-content/uploads/2025/04/Taarifa-100-2br.jpg', 'Taarifa Suites / Two-Bedroom Apartment - Image 9', 8);
INSERT INTO hotel_images (hotel_id, image_url, alt_text, sort_order) VALUES (116, 'https://daydreamhub.com/wp-content/uploads/2025/04/Taarifa-123-2br.jpg', 'Taarifa Suites / Two-Bedroom Apartment - Image 10', 9);
INSERT INTO hotel_images (hotel_id, image_url, alt_text, sort_order) VALUES (116, 'https://daydreamhub.com/wp-content/uploads/2025/04/Taarifa-119-2br.jpg', 'Taarifa Suites / Two-Bedroom Apartment - Image 11', 10);
INSERT INTO hotel_images (hotel_id, image_url, alt_text, sort_order) VALUES (116, 'https://daydreamhub.com/wp-content/uploads/2025/04/Taarifa-120-2br.jpg', 'Taarifa Suites / Two-Bedroom Apartment - Image 12', 11);
INSERT INTO hotel_images (hotel_id, image_url, alt_text, sort_order) VALUES (116, 'https://daydreamhub.com/wp-content/uploads/2025/04/Taarifa-121-2br.jpg', 'Taarifa Suites / Two-Bedroom Apartment - Image 13', 12);
INSERT INTO hotel_images (hotel_id, image_url, alt_text, sort_order) VALUES (116, 'https://daydreamhub.com/wp-content/uploads/2025/04/Taarifa-115-2br.jpg', 'Taarifa Suites / Two-Bedroom Apartment - Image 14', 13);
INSERT INTO hotel_images (hotel_id, image_url, alt_text, sort_order) VALUES (116, 'https://daydreamhub.com/wp-content/uploads/2025/04/Taarifa-118-2br.jpg', 'Taarifa Suites / Two-Bedroom Apartment - Image 15', 14);
INSERT INTO hotel_images (hotel_id, image_url, alt_text, sort_order) VALUES (116, 'https://daydreamhub.com/wp-content/uploads/2025/04/Taarifa-130-2br.jpg', 'Taarifa Suites / Two-Bedroom Apartment - Image 16', 15);
INSERT INTO hotel_images (hotel_id, image_url, alt_text, sort_order) VALUES (116, 'https://daydreamhub.com/wp-content/uploads/2025/04/Taarifa-112-2br.jpg', 'Taarifa Suites / Two-Bedroom Apartment - Image 17', 16);
INSERT INTO hotel_images (hotel_id, image_url, alt_text, sort_order) VALUES (116, 'https://daydreamhub.com/wp-content/uploads/2025/04/Taarifa-103-2br.jpg', 'Taarifa Suites / Two-Bedroom Apartment - Image 18', 17);
INSERT INTO hotel_images (hotel_id, image_url, alt_text, sort_order) VALUES (116, 'https://daydreamhub.com/wp-content/uploads/2025/04/Taarifa-101-2br.jpg', 'Taarifa Suites / Two-Bedroom Apartment - Image 19', 18);
INSERT INTO hotel_images (hotel_id, image_url, alt_text, sort_order) VALUES (116, 'https://daydreamhub.com/wp-content/uploads/2025/04/Taarifa-102-2br.jpg', 'Taarifa Suites / Two-Bedroom Apartment - Image 20', 19);
INSERT INTO hotel_images (hotel_id, image_url, alt_text, sort_order) VALUES (116, 'https://daydreamhub.com/wp-content/uploads/2025/04/Taarifa-113-2br.jpg', 'Taarifa Suites / Two-Bedroom Apartment - Image 21', 20);
INSERT INTO hotel_images (hotel_id, image_url, alt_text, sort_order) VALUES (116, 'https://daydreamhub.com/wp-content/uploads/2025/04/Taarifa-114-2br.jpg', 'Taarifa Suites / Two-Bedroom Apartment - Image 22', 21);
INSERT INTO hotel_images (hotel_id, image_url, alt_text, sort_order) VALUES (116, 'https://daydreamhub.com/wp-content/uploads/2025/04/Taarifa-125-2br.jpg', 'Taarifa Suites / Two-Bedroom Apartment - Image 23', 22);
INSERT INTO hotel_images (hotel_id, image_url, alt_text, sort_order) VALUES (116, 'https://daydreamhub.com/wp-content/uploads/2025/04/Taarifa-126-2br.jpg', 'Taarifa Suites / Two-Bedroom Apartment - Image 24', 23);
INSERT INTO hotel_images (hotel_id, image_url, alt_text, sort_order) VALUES (116, 'https://daydreamhub.com/wp-content/uploads/2025/04/Taarifa-127-2br.jpg', 'Taarifa Suites / Two-Bedroom Apartment - Image 25', 24);
INSERT INTO hotel_images (hotel_id, image_url, alt_text, sort_order) VALUES (116, 'https://daydreamhub.com/wp-content/uploads/2025/04/Taarifa-128-2br.jpg', 'Taarifa Suites / Two-Bedroom Apartment - Image 26', 25);
INSERT INTO hotel_images (hotel_id, image_url, alt_text, sort_order) VALUES (116, 'https://daydreamhub.com/wp-content/uploads/2025/04/Taarifa-129-2br.jpg', 'Taarifa Suites / Two-Bedroom Apartment - Image 27', 26);
INSERT INTO hotels (id, name, slug, description, city, country, address, rating, thumbnail_url, categories, amenities, property_type, is_active) VALUES (117, 'Taarifa Suites / Large Studio', 'taarifa-suites-large-studio', 'The open concept of 2 Bedroom Apartment serviced apartments makes it the ideal choice for business travelers, couples, and smaller families looking to relocate.

Even with a cozier area of the room, it still features a fully equipped kitchen and living room.

Taarifa Suites studios are built to give you all the space you need for a comfortable stay while being able to host at your leisure.', 'Nairobi', 'Kenya', '', 0, 'https://daydreamhub.com/wp-content/uploads/2025/04/Taarifa-90-large-studio.jpg', '["daycation","for_couple","personal_time"]', '["Elevator in Building","Gym","Laundry Service","Luggage Storage","Parking on Premises","Pool","Sauna","Air Conditioner (Cooling)","Air Conditioner (Heating)","Desk/Workspace","Electric pot","Free Wi-Fi","Kitchen","Refrigerator","Shower","TEL","Towels","TV"]', 'Apartment', 1);
INSERT INTO plans (hotel_id, name, description, price_usd, check_in_time, check_out_time, plan_type, max_guests, is_active) VALUES (117, '【5H】Daytime (prepayment)', '', 75, '11:00', '16:00', 'daycation', 2, 1);
INSERT INTO plans (hotel_id, name, description, price_usd, check_in_time, check_out_time, plan_type, max_guests, is_active) VALUES (117, '【23H】Overnight(prepayment)', '', 75, '11:00', '10:00', 'overnight', 2, 1);
INSERT INTO hotel_images (hotel_id, image_url, alt_text, sort_order) VALUES (117, 'https://daydreamhub.com/wp-content/uploads/2025/04/Taarifa-90-large-studio.jpg', 'Taarifa Suites / Large Studio - Image 1', 0);
INSERT INTO hotel_images (hotel_id, image_url, alt_text, sort_order) VALUES (117, 'https://daydreamhub.com/wp-content/uploads/2025/04/Taarifa-93-large-studio.jpg', 'Taarifa Suites / Large Studio - Image 2', 1);
INSERT INTO hotel_images (hotel_id, image_url, alt_text, sort_order) VALUES (117, 'https://daydreamhub.com/wp-content/uploads/2025/04/Taarifa-84-large-studio.jpg', 'Taarifa Suites / Large Studio - Image 3', 2);
INSERT INTO hotel_images (hotel_id, image_url, alt_text, sort_order) VALUES (117, 'https://daydreamhub.com/wp-content/uploads/2025/04/Taarifa-99-large-studio.jpg', 'Taarifa Suites / Large Studio - Image 4', 3);
INSERT INTO hotel_images (hotel_id, image_url, alt_text, sort_order) VALUES (117, 'https://daydreamhub.com/wp-content/uploads/2025/04/Taarifa-82-large-studio-Copy.jpg', 'Taarifa Suites / Large Studio - Image 5', 4);
INSERT INTO hotel_images (hotel_id, image_url, alt_text, sort_order) VALUES (117, 'https://daydreamhub.com/wp-content/uploads/2025/04/Taarifa-89-large-studio.jpg', 'Taarifa Suites / Large Studio - Image 6', 5);
INSERT INTO hotel_images (hotel_id, image_url, alt_text, sort_order) VALUES (117, 'https://daydreamhub.com/wp-content/uploads/2025/04/Taarifa-83-large-studio-Copy.jpg', 'Taarifa Suites / Large Studio - Image 7', 6);
INSERT INTO hotel_images (hotel_id, image_url, alt_text, sort_order) VALUES (117, 'https://daydreamhub.com/wp-content/uploads/2025/04/Taarifa-85-large-studio-Copy.jpg', 'Taarifa Suites / Large Studio - Image 8', 7);
INSERT INTO hotel_images (hotel_id, image_url, alt_text, sort_order) VALUES (117, 'https://daydreamhub.com/wp-content/uploads/2025/04/Taarifa-86-large-studio-Copy.jpg', 'Taarifa Suites / Large Studio - Image 9', 8);
INSERT INTO hotel_images (hotel_id, image_url, alt_text, sort_order) VALUES (117, 'https://daydreamhub.com/wp-content/uploads/2025/04/Taarifa-87-large-studio.jpg', 'Taarifa Suites / Large Studio - Image 10', 9);
INSERT INTO hotel_images (hotel_id, image_url, alt_text, sort_order) VALUES (117, 'https://daydreamhub.com/wp-content/uploads/2025/04/Taarifa-88-large-studio.jpg', 'Taarifa Suites / Large Studio - Image 11', 10);
INSERT INTO hotel_images (hotel_id, image_url, alt_text, sort_order) VALUES (117, 'https://daydreamhub.com/wp-content/uploads/2025/04/Taarifa-94-large-studio.jpg', 'Taarifa Suites / Large Studio - Image 12', 11);
INSERT INTO hotel_images (hotel_id, image_url, alt_text, sort_order) VALUES (117, 'https://daydreamhub.com/wp-content/uploads/2025/04/Taarifa-95-large-studio.jpg', 'Taarifa Suites / Large Studio - Image 13', 12);
INSERT INTO hotel_images (hotel_id, image_url, alt_text, sort_order) VALUES (117, 'https://daydreamhub.com/wp-content/uploads/2025/04/Taarifa-97-large-studio.jpg', 'Taarifa Suites / Large Studio - Image 14', 13);
INSERT INTO hotel_images (hotel_id, image_url, alt_text, sort_order) VALUES (117, 'https://daydreamhub.com/wp-content/uploads/2025/04/Taarifa-98-large-studio.jpg', 'Taarifa Suites / Large Studio - Image 15', 14);
INSERT INTO hotels (id, name, slug, description, city, country, address, rating, thumbnail_url, categories, amenities, property_type, is_active) VALUES (118, 'Taarifa Suites / Studio with Balcony and Pentloft', 'taarifa-suites-studio-with-balcony-and-pentloft', 'The open concept of the Studio with Pentloft serviced apartments makes it the ideal choice for business travelers, couples, and smaller families looking to relocate.

Even with a cozier area of the room, it still features a fully equipped kitchen and living room.

Taarifa Suites studios are built to give you all the space you need for a comfortable stay while being able to host at your leisure.', 'Nairobi', 'Kenya', '', 0, 'https://daydreamhub.com/wp-content/uploads/2025/04/Taarifa-21-Studio-with-pentloft.jpg', '["daycation","personal_time"]', '["Elevator in Building","Gym","Laundry Service","Luggage Storage","Parking on Premises","Pool","Sauna","Air Conditioner (Cooling)","Air Conditioner (Heating)","Desk/Workspace","Electric pot","Free Wi-Fi","Hair Dryer","Kitchen","Refrigerator","Shower","TEL","Towels","TV"]', 'Apartment', 1);
INSERT INTO plans (hotel_id, name, description, price_usd, check_in_time, check_out_time, plan_type, max_guests, is_active) VALUES (118, '【5H】Daytime (prepayment)', '', 70, '11:00', '16:00', 'daycation', 2, 1);
INSERT INTO plans (hotel_id, name, description, price_usd, check_in_time, check_out_time, plan_type, max_guests, is_active) VALUES (118, '【23H】Overnight(prepayment)', '', 70, '11:00', '10:00', 'overnight', 2, 1);
INSERT INTO hotel_images (hotel_id, image_url, alt_text, sort_order) VALUES (118, 'https://daydreamhub.com/wp-content/uploads/2025/04/Taarifa-21-Studio-with-pentloft.jpg', 'Taarifa Suites / Studio with Balcony and Pentloft - Image 1', 0);
INSERT INTO hotel_images (hotel_id, image_url, alt_text, sort_order) VALUES (118, 'https://daydreamhub.com/wp-content/uploads/2025/04/Taarifa-40-Studio-with-pentloft-a.jpg', 'Taarifa Suites / Studio with Balcony and Pentloft - Image 2', 1);
INSERT INTO hotel_images (hotel_id, image_url, alt_text, sort_order) VALUES (118, 'https://daydreamhub.com/wp-content/uploads/2025/04/Taarifa-26-Studio-with-pentloft.jpg', 'Taarifa Suites / Studio with Balcony and Pentloft - Image 3', 2);
INSERT INTO hotel_images (hotel_id, image_url, alt_text, sort_order) VALUES (118, 'https://daydreamhub.com/wp-content/uploads/2025/04/Taarifa-27-Studio-with-pentloft.jpg', 'Taarifa Suites / Studio with Balcony and Pentloft - Image 4', 3);
INSERT INTO hotel_images (hotel_id, image_url, alt_text, sort_order) VALUES (118, 'https://daydreamhub.com/wp-content/uploads/2025/04/Taarifa-22-Studio-with-pentloft.jpg', 'Taarifa Suites / Studio with Balcony and Pentloft - Image 5', 4);
INSERT INTO hotel_images (hotel_id, image_url, alt_text, sort_order) VALUES (118, 'https://daydreamhub.com/wp-content/uploads/2025/04/Taarifa-15-Studio-with-pentloft.jpg', 'Taarifa Suites / Studio with Balcony and Pentloft - Image 6', 5);
INSERT INTO hotel_images (hotel_id, image_url, alt_text, sort_order) VALUES (118, 'https://daydreamhub.com/wp-content/uploads/2025/04/Taarifa-16-Studio-with-pentloft.jpg', 'Taarifa Suites / Studio with Balcony and Pentloft - Image 7', 6);
INSERT INTO hotel_images (hotel_id, image_url, alt_text, sort_order) VALUES (118, 'https://daydreamhub.com/wp-content/uploads/2025/04/Taarifa-18-Studio-with-pentloft.jpg', 'Taarifa Suites / Studio with Balcony and Pentloft - Image 8', 7);
INSERT INTO hotel_images (hotel_id, image_url, alt_text, sort_order) VALUES (118, 'https://daydreamhub.com/wp-content/uploads/2025/04/Taarifa-19-Studio-with-pentloft.jpg', 'Taarifa Suites / Studio with Balcony and Pentloft - Image 9', 8);
INSERT INTO hotel_images (hotel_id, image_url, alt_text, sort_order) VALUES (118, 'https://daydreamhub.com/wp-content/uploads/2025/04/Taarifa-30-Studio-with-pentloft.jpg', 'Taarifa Suites / Studio with Balcony and Pentloft - Image 10', 9);
INSERT INTO hotel_images (hotel_id, image_url, alt_text, sort_order) VALUES (118, 'https://daydreamhub.com/wp-content/uploads/2025/04/Taarifa-20-Studio-with-pentloft.jpg', 'Taarifa Suites / Studio with Balcony and Pentloft - Image 11', 10);
INSERT INTO hotel_images (hotel_id, image_url, alt_text, sort_order) VALUES (118, 'https://daydreamhub.com/wp-content/uploads/2025/04/Taarifa-41-Studio-with-pentloft.jpg', 'Taarifa Suites / Studio with Balcony and Pentloft - Image 12', 11);
INSERT INTO hotel_images (hotel_id, image_url, alt_text, sort_order) VALUES (118, 'https://daydreamhub.com/wp-content/uploads/2025/04/Taarifa-38-Studio-with-pentloft.jpg', 'Taarifa Suites / Studio with Balcony and Pentloft - Image 13', 12);
INSERT INTO hotel_images (hotel_id, image_url, alt_text, sort_order) VALUES (118, 'https://daydreamhub.com/wp-content/uploads/2025/04/Taarifa-37-Studio-with-pentloft.jpg', 'Taarifa Suites / Studio with Balcony and Pentloft - Image 14', 13);
INSERT INTO hotel_images (hotel_id, image_url, alt_text, sort_order) VALUES (118, 'https://daydreamhub.com/wp-content/uploads/2025/04/Taarifa-42-Studio-with-pentloft.jpg', 'Taarifa Suites / Studio with Balcony and Pentloft - Image 15', 14);
INSERT INTO hotel_images (hotel_id, image_url, alt_text, sort_order) VALUES (118, 'https://daydreamhub.com/wp-content/uploads/2025/04/Taarifa-43-Studio-with-pentloft.jpg', 'Taarifa Suites / Studio with Balcony and Pentloft - Image 16', 15);
INSERT INTO hotel_images (hotel_id, image_url, alt_text, sort_order) VALUES (118, 'https://daydreamhub.com/wp-content/uploads/2025/04/Taarifa-33-Studio-with-pentloft.jpg', 'Taarifa Suites / Studio with Balcony and Pentloft - Image 17', 16);
INSERT INTO hotel_images (hotel_id, image_url, alt_text, sort_order) VALUES (118, 'https://daydreamhub.com/wp-content/uploads/2025/04/Taarifa-34-Studio-with-pentloft.jpg', 'Taarifa Suites / Studio with Balcony and Pentloft - Image 18', 17);
INSERT INTO hotel_images (hotel_id, image_url, alt_text, sort_order) VALUES (118, 'https://daydreamhub.com/wp-content/uploads/2025/04/Taarifa-35-Studio-with-pentloft.jpg', 'Taarifa Suites / Studio with Balcony and Pentloft - Image 19', 18);
INSERT INTO hotels (id, name, slug, description, city, country, address, rating, thumbnail_url, categories, amenities, property_type, is_active) VALUES (119, 'Taarifa Suites / Studio with Balcony', 'taarifa-suites-studio-with-balcony', 'The open concept of the studio with balcony serviced apartments makes it the ideal choice for business travelers, couples, and smaller families looking to relocate.

Even with a cozier area of the room, it still features a fully equipped kitchen and living room.

Taarifa Suites studios are built to give you all the space you need for a comfortable stay while being able to host at your leisure.', 'Nairobi', 'Kenya', '', 0, 'https://daydreamhub.com/wp-content/uploads/2025/04/Taarifa-73-studio-with-balcony.jpg', '["daycation","for_couple"]', '["Elevator in Building","Gym","Laundry Service","Luggage Storage","Parking on Premises","Pool","Sauna","Air Conditioner (Cooling)","Air Conditioner (Heating)","Desk/Workspace","Electric pot","Free Wi-Fi","Kitchen","Refrigerator","Shower","Towels","TV"]', 'Apartment', 1);
INSERT INTO plans (hotel_id, name, description, price_usd, check_in_time, check_out_time, plan_type, max_guests, is_active) VALUES (119, '【5H】Daytime (prepayment)', '', 70, '11:00', '16:00', 'daycation', 2, 1);
INSERT INTO plans (hotel_id, name, description, price_usd, check_in_time, check_out_time, plan_type, max_guests, is_active) VALUES (119, '【23H】Overnight(prepayment)', '', 70, '11:00', '10:00', 'overnight', 2, 1);
INSERT INTO hotel_images (hotel_id, image_url, alt_text, sort_order) VALUES (119, 'https://daydreamhub.com/wp-content/uploads/2025/04/Taarifa-73-studio-with-balcony.jpg', 'Taarifa Suites / Studio with Balcony - Image 1', 0);
INSERT INTO hotel_images (hotel_id, image_url, alt_text, sort_order) VALUES (119, 'https://daydreamhub.com/wp-content/uploads/2025/04/Taarifa-78-studio-with-balcony.jpg', 'Taarifa Suites / Studio with Balcony - Image 2', 1);
INSERT INTO hotel_images (hotel_id, image_url, alt_text, sort_order) VALUES (119, 'https://daydreamhub.com/wp-content/uploads/2025/04/Taarifa-75-studio-with-balcony.jpg', 'Taarifa Suites / Studio with Balcony - Image 3', 2);
INSERT INTO hotel_images (hotel_id, image_url, alt_text, sort_order) VALUES (119, 'https://daydreamhub.com/wp-content/uploads/2025/04/Taarifa-71-studio-with-balcony.jpg', 'Taarifa Suites / Studio with Balcony - Image 4', 3);
INSERT INTO hotel_images (hotel_id, image_url, alt_text, sort_order) VALUES (119, 'https://daydreamhub.com/wp-content/uploads/2025/04/Taarifa-72-studio-with-balcony.jpg', 'Taarifa Suites / Studio with Balcony - Image 5', 4);
INSERT INTO hotel_images (hotel_id, image_url, alt_text, sort_order) VALUES (119, 'https://daydreamhub.com/wp-content/uploads/2025/04/Taarifa-66-studio-with-balcony.jpg', 'Taarifa Suites / Studio with Balcony - Image 6', 5);
INSERT INTO hotel_images (hotel_id, image_url, alt_text, sort_order) VALUES (119, 'https://daydreamhub.com/wp-content/uploads/2025/04/Taarifa-74-studio-with-balcony.jpg', 'Taarifa Suites / Studio with Balcony - Image 7', 6);
INSERT INTO hotel_images (hotel_id, image_url, alt_text, sort_order) VALUES (119, 'https://daydreamhub.com/wp-content/uploads/2025/04/Taarifa-67-studio-with-balcony.jpg', 'Taarifa Suites / Studio with Balcony - Image 8', 7);
INSERT INTO hotel_images (hotel_id, image_url, alt_text, sort_order) VALUES (119, 'https://daydreamhub.com/wp-content/uploads/2025/04/Taarifa-68-studio-with-balcony.jpg', 'Taarifa Suites / Studio with Balcony - Image 9', 8);
INSERT INTO hotel_images (hotel_id, image_url, alt_text, sort_order) VALUES (119, 'https://daydreamhub.com/wp-content/uploads/2025/04/Taarifa-69-studio-with-balcony.jpg', 'Taarifa Suites / Studio with Balcony - Image 10', 9);
INSERT INTO hotel_images (hotel_id, image_url, alt_text, sort_order) VALUES (119, 'https://daydreamhub.com/wp-content/uploads/2025/04/Taarifa-77-studio-with-balcony.jpg', 'Taarifa Suites / Studio with Balcony - Image 11', 10);
INSERT INTO hotel_images (hotel_id, image_url, alt_text, sort_order) VALUES (119, 'https://daydreamhub.com/wp-content/uploads/2025/04/Taarifa-70-studio-with-balcony.jpg', 'Taarifa Suites / Studio with Balcony - Image 12', 11);
INSERT INTO hotel_images (hotel_id, image_url, alt_text, sort_order) VALUES (119, 'https://daydreamhub.com/wp-content/uploads/2025/04/Taarifa-76-studio-with-balcony.jpg', 'Taarifa Suites / Studio with Balcony - Image 13', 12);
INSERT INTO hotel_images (hotel_id, image_url, alt_text, sort_order) VALUES (119, 'https://daydreamhub.com/wp-content/uploads/2025/04/Taarifa-79-studio-with-balcony.jpg', 'Taarifa Suites / Studio with Balcony - Image 14', 13);
INSERT INTO hotel_images (hotel_id, image_url, alt_text, sort_order) VALUES (119, 'https://daydreamhub.com/wp-content/uploads/2025/04/Taarifa-80-studio-with-balcony.jpg', 'Taarifa Suites / Studio with Balcony - Image 15', 14);
INSERT INTO hotel_images (hotel_id, image_url, alt_text, sort_order) VALUES (119, 'https://daydreamhub.com/wp-content/uploads/2025/04/Taarifa-81-studio-with-balcony.jpg', 'Taarifa Suites / Studio with Balcony - Image 16', 15);
INSERT INTO hotels (id, name, slug, description, city, country, address, rating, thumbnail_url, categories, amenities, property_type, is_active) VALUES (120, 'Piazza Epigraph Hotel / Standard room', 'piazza-epigraph-hotel-deluxe-double-room', 'Piazza Epigraph in Batumi offers 4-star comfort with air-conditioning, private bathrooms, and city views. Each room includes a work desk, mini-bar, and free WiFi throughout the property.', 'Batumi', 'Georgia', '', 4, 'https://daydreamhub.com/wp-content/uploads/2025/04/564153163.jpg', '["daycation","for_couple"]', '["Bar / Restaurant","Laundry Service","Luggage Storage","Parking on Premises","Air Conditioner (Cooling)","Air Conditioner (Heating)","Electric pot","Free Wi-Fi","Hair Dryer","Refrigerator","Shampoo","Shower","TEL","Toothbrush","Towels","TV"]', 'Hotel', 1);
INSERT INTO plans (hotel_id, name, description, price_usd, check_in_time, check_out_time, plan_type, max_guests, is_active) VALUES (120, '【10H】Daytime (prepayment)', '', 124, '10:00', '20:00', 'daycation', 2, 1);
INSERT INTO plans (hotel_id, name, description, price_usd, check_in_time, check_out_time, plan_type, max_guests, is_active) VALUES (120, '【21H】Overnight(prepayment)', '', 124, '15:00', '12:00', 'overnight', 2, 1);
INSERT INTO hotel_images (hotel_id, image_url, alt_text, sort_order) VALUES (120, 'https://daydreamhub.com/wp-content/uploads/2025/04/564153163.jpg', 'Piazza Epigraph Hotel / Standard room - Image 1', 0);
INSERT INTO hotel_images (hotel_id, image_url, alt_text, sort_order) VALUES (120, 'https://daydreamhub.com/wp-content/uploads/2025/04/577494444.jpg', 'Piazza Epigraph Hotel / Standard room - Image 2', 1);
INSERT INTO hotel_images (hotel_id, image_url, alt_text, sort_order) VALUES (120, 'https://daydreamhub.com/wp-content/uploads/2025/05/0T3A9556-HDR.jpg', 'Piazza Epigraph Hotel / Standard room - Image 3', 2);
INSERT INTO hotel_images (hotel_id, image_url, alt_text, sort_order) VALUES (120, 'https://daydreamhub.com/wp-content/uploads/2025/05/image00019.jpeg', 'Piazza Epigraph Hotel / Standard room - Image 4', 3);
INSERT INTO hotel_images (hotel_id, image_url, alt_text, sort_order) VALUES (120, 'https://daydreamhub.com/wp-content/uploads/2025/05/image00009.jpeg', 'Piazza Epigraph Hotel / Standard room - Image 5', 4);
INSERT INTO hotel_images (hotel_id, image_url, alt_text, sort_order) VALUES (120, 'https://daydreamhub.com/wp-content/uploads/2025/05/0T3A9979-HDR.jpg', 'Piazza Epigraph Hotel / Standard room - Image 6', 5);
INSERT INTO hotel_images (hotel_id, image_url, alt_text, sort_order) VALUES (120, 'https://daydreamhub.com/wp-content/uploads/2025/05/0T3A9871-HDR.jpg', 'Piazza Epigraph Hotel / Standard room - Image 7', 6);
INSERT INTO hotel_images (hotel_id, image_url, alt_text, sort_order) VALUES (120, 'https://daydreamhub.com/wp-content/uploads/2025/05/0T3A9798-HDR.jpg', 'Piazza Epigraph Hotel / Standard room - Image 8', 7);
INSERT INTO hotel_images (hotel_id, image_url, alt_text, sort_order) VALUES (120, 'https://daydreamhub.com/wp-content/uploads/2025/05/0T3A9620-HDR.jpg', 'Piazza Epigraph Hotel / Standard room - Image 9', 8);
INSERT INTO hotel_images (hotel_id, image_url, alt_text, sort_order) VALUES (120, 'https://daydreamhub.com/wp-content/uploads/2025/05/0T3A9612-HDR.jpg', 'Piazza Epigraph Hotel / Standard room - Image 10', 9);
INSERT INTO hotel_images (hotel_id, image_url, alt_text, sort_order) VALUES (120, 'https://daydreamhub.com/wp-content/uploads/2025/05/0T3A9608-HDR.jpg', 'Piazza Epigraph Hotel / Standard room - Image 11', 10);
INSERT INTO hotel_images (hotel_id, image_url, alt_text, sort_order) VALUES (120, 'https://daydreamhub.com/wp-content/uploads/2025/05/0T3A9596-HDR.jpg', 'Piazza Epigraph Hotel / Standard room - Image 12', 11);
INSERT INTO hotel_images (hotel_id, image_url, alt_text, sort_order) VALUES (120, 'https://daydreamhub.com/wp-content/uploads/2025/05/0T3A7635_HDRcopy.jpg', 'Piazza Epigraph Hotel / Standard room - Image 13', 12);
INSERT INTO hotel_images (hotel_id, image_url, alt_text, sort_order) VALUES (120, 'https://daydreamhub.com/wp-content/uploads/2025/05/0T3A7475-HDRres.jpg', 'Piazza Epigraph Hotel / Standard room - Image 14', 13);
INSERT INTO hotel_images (hotel_id, image_url, alt_text, sort_order) VALUES (120, 'https://daydreamhub.com/wp-content/uploads/2025/05/0T3A7356-HDRres.jpg', 'Piazza Epigraph Hotel / Standard room - Image 15', 14);
INSERT INTO hotel_images (hotel_id, image_url, alt_text, sort_order) VALUES (120, 'https://daydreamhub.com/wp-content/uploads/2025/05/0T3A7112-HDRcopy.jpg', 'Piazza Epigraph Hotel / Standard room - Image 16', 15);
INSERT INTO hotel_images (hotel_id, image_url, alt_text, sort_order) VALUES (120, 'https://daydreamhub.com/wp-content/uploads/2025/05/0T3A0163-HDR.jpg', 'Piazza Epigraph Hotel / Standard room - Image 17', 16);
INSERT INTO hotel_images (hotel_id, image_url, alt_text, sort_order) VALUES (120, 'https://daydreamhub.com/wp-content/uploads/2025/04/564153063.jpg', 'Piazza Epigraph Hotel / Standard room - Image 18', 17);
INSERT INTO hotels (id, name, slug, description, city, country, address, rating, thumbnail_url, categories, amenities, property_type, is_active) VALUES (121, 'Sports Road Apartments / 2 Bedroom Apartment', 'sports-road-apartments-2-bedroom-apartment', 'Located along David Osieli Road in the bustling Westlands area of Nairobi, Sportsroad Apartments by Dunhill Serviced Apartments is the perfect choice for corporate stays and travelers. Our accommodations offer a blend of luxury, comfort and convenience, ensuring an exceptional experience for all our guests.', 'Nairobi', 'Kenya', '', 0, 'https://daydreamhub.com/wp-content/uploads/2025/04/Sports-Road-4-2br.jpg', '["daycation","personal_time"]', '["Gym","Laundry Service","Luggage Storage","Parking on Premises","Pool","Sauna","Electric pot","Free Wi-Fi","Kitchen","Refrigerator","Shower","Toothbrush","Towels","TV"]', 'Apartment', 1);
INSERT INTO plans (hotel_id, name, description, price_usd, check_in_time, check_out_time, plan_type, max_guests, is_active) VALUES (121, '【5H】Daytime(prepayment)', '', 70, '11:00', '16:00', 'daycation', 2, 1);
INSERT INTO plans (hotel_id, name, description, price_usd, check_in_time, check_out_time, plan_type, max_guests, is_active) VALUES (121, '【23H】Overnight(prepayment)', '', 70, '11:00', '10:00', 'overnight', 2, 1);
INSERT INTO hotel_images (hotel_id, image_url, alt_text, sort_order) VALUES (121, 'https://daydreamhub.com/wp-content/uploads/2025/04/Sports-Road-4-2br.jpg', 'Sports Road Apartments / 2 Bedroom Apartment - Image 1', 0);
INSERT INTO hotel_images (hotel_id, image_url, alt_text, sort_order) VALUES (121, 'https://daydreamhub.com/wp-content/uploads/2025/04/Sports-Road-3-2br.jpg', 'Sports Road Apartments / 2 Bedroom Apartment - Image 2', 1);
INSERT INTO hotel_images (hotel_id, image_url, alt_text, sort_order) VALUES (121, 'https://daydreamhub.com/wp-content/uploads/2025/04/Sports-Road-1-2br.jpg', 'Sports Road Apartments / 2 Bedroom Apartment - Image 3', 2);
INSERT INTO hotel_images (hotel_id, image_url, alt_text, sort_order) VALUES (121, 'https://daydreamhub.com/wp-content/uploads/2025/04/Sports-Road-2-2br.jpg', 'Sports Road Apartments / 2 Bedroom Apartment - Image 4', 3);
INSERT INTO hotel_images (hotel_id, image_url, alt_text, sort_order) VALUES (121, 'https://daydreamhub.com/wp-content/uploads/2025/04/Sports-Road-6-2br.jpg', 'Sports Road Apartments / 2 Bedroom Apartment - Image 5', 4);
INSERT INTO hotel_images (hotel_id, image_url, alt_text, sort_order) VALUES (121, 'https://daydreamhub.com/wp-content/uploads/2025/04/Sports-Road-5-2br.jpg', 'Sports Road Apartments / 2 Bedroom Apartment - Image 6', 5);
INSERT INTO hotel_images (hotel_id, image_url, alt_text, sort_order) VALUES (121, 'https://daydreamhub.com/wp-content/uploads/2025/04/Sports-Road-12-2br.jpg', 'Sports Road Apartments / 2 Bedroom Apartment - Image 7', 6);
INSERT INTO hotel_images (hotel_id, image_url, alt_text, sort_order) VALUES (121, 'https://daydreamhub.com/wp-content/uploads/2025/04/Sports-Road-7-2br.jpg', 'Sports Road Apartments / 2 Bedroom Apartment - Image 8', 7);
INSERT INTO hotel_images (hotel_id, image_url, alt_text, sort_order) VALUES (121, 'https://daydreamhub.com/wp-content/uploads/2025/04/Sports-Road-14-2br.jpg', 'Sports Road Apartments / 2 Bedroom Apartment - Image 9', 8);
INSERT INTO hotel_images (hotel_id, image_url, alt_text, sort_order) VALUES (121, 'https://daydreamhub.com/wp-content/uploads/2025/04/Sports-Road-9-2br.jpg', 'Sports Road Apartments / 2 Bedroom Apartment - Image 10', 9);
INSERT INTO hotel_images (hotel_id, image_url, alt_text, sort_order) VALUES (121, 'https://daydreamhub.com/wp-content/uploads/2025/04/Sports-Road-10-2br.jpg', 'Sports Road Apartments / 2 Bedroom Apartment - Image 11', 10);
INSERT INTO hotel_images (hotel_id, image_url, alt_text, sort_order) VALUES (121, 'https://daydreamhub.com/wp-content/uploads/2025/04/Sports-Road-22-2br-1.jpg', 'Sports Road Apartments / 2 Bedroom Apartment - Image 12', 11);
INSERT INTO hotel_images (hotel_id, image_url, alt_text, sort_order) VALUES (121, 'https://daydreamhub.com/wp-content/uploads/2025/04/Sports-Road-25-2br.jpg', 'Sports Road Apartments / 2 Bedroom Apartment - Image 13', 12);
INSERT INTO hotel_images (hotel_id, image_url, alt_text, sort_order) VALUES (121, 'https://daydreamhub.com/wp-content/uploads/2025/04/Sports-Road-23-2br.jpg', 'Sports Road Apartments / 2 Bedroom Apartment - Image 14', 13);
INSERT INTO hotel_images (hotel_id, image_url, alt_text, sort_order) VALUES (121, 'https://daydreamhub.com/wp-content/uploads/2025/04/Sports-Road-19-2br.jpg', 'Sports Road Apartments / 2 Bedroom Apartment - Image 15', 14);
INSERT INTO hotel_images (hotel_id, image_url, alt_text, sort_order) VALUES (121, 'https://daydreamhub.com/wp-content/uploads/2025/04/Sports-Road-20-2br.jpg', 'Sports Road Apartments / 2 Bedroom Apartment - Image 16', 15);
INSERT INTO hotel_images (hotel_id, image_url, alt_text, sort_order) VALUES (121, 'https://daydreamhub.com/wp-content/uploads/2025/04/Sports-Road-15-2br.jpg', 'Sports Road Apartments / 2 Bedroom Apartment - Image 17', 16);
INSERT INTO hotel_images (hotel_id, image_url, alt_text, sort_order) VALUES (121, 'https://daydreamhub.com/wp-content/uploads/2025/04/Sports-Road-16-2br.jpg', 'Sports Road Apartments / 2 Bedroom Apartment - Image 18', 17);
INSERT INTO hotel_images (hotel_id, image_url, alt_text, sort_order) VALUES (121, 'https://daydreamhub.com/wp-content/uploads/2025/04/Sports-Road-17-2br.jpg', 'Sports Road Apartments / 2 Bedroom Apartment - Image 19', 18);
INSERT INTO hotel_images (hotel_id, image_url, alt_text, sort_order) VALUES (121, 'https://daydreamhub.com/wp-content/uploads/2025/04/Sports-Road-27-1.jpg', 'Sports Road Apartments / 2 Bedroom Apartment - Image 20', 19);
INSERT INTO hotel_images (hotel_id, image_url, alt_text, sort_order) VALUES (121, 'https://daydreamhub.com/wp-content/uploads/2025/04/Sports-Road-28-1.jpg', 'Sports Road Apartments / 2 Bedroom Apartment - Image 21', 20);
INSERT INTO hotel_images (hotel_id, image_url, alt_text, sort_order) VALUES (121, 'https://daydreamhub.com/wp-content/uploads/2025/04/Sports-Road-58-gym.jpg', 'Sports Road Apartments / 2 Bedroom Apartment - Image 22', 21);
INSERT INTO hotel_images (hotel_id, image_url, alt_text, sort_order) VALUES (121, 'https://daydreamhub.com/wp-content/uploads/2025/04/Sports-Road-59-gym.jpg', 'Sports Road Apartments / 2 Bedroom Apartment - Image 23', 22);
INSERT INTO hotel_images (hotel_id, image_url, alt_text, sort_order) VALUES (121, 'https://daydreamhub.com/wp-content/uploads/2025/04/Sports-Road-61-sauna.jpg', 'Sports Road Apartments / 2 Bedroom Apartment - Image 24', 23);
INSERT INTO hotel_images (hotel_id, image_url, alt_text, sort_order) VALUES (121, 'https://daydreamhub.com/wp-content/uploads/2025/04/Sports-Road-64-steam.jpg', 'Sports Road Apartments / 2 Bedroom Apartment - Image 25', 24);
INSERT INTO hotel_images (hotel_id, image_url, alt_text, sort_order) VALUES (121, 'https://daydreamhub.com/wp-content/uploads/2025/04/Sports-Road-65-reception.jpg', 'Sports Road Apartments / 2 Bedroom Apartment - Image 26', 25);
INSERT INTO hotel_images (hotel_id, image_url, alt_text, sort_order) VALUES (121, 'https://daydreamhub.com/wp-content/uploads/2025/04/Sports-Road-66-reception.jpg', 'Sports Road Apartments / 2 Bedroom Apartment - Image 27', 26);
INSERT INTO hotel_images (hotel_id, image_url, alt_text, sort_order) VALUES (121, 'https://daydreamhub.com/wp-content/uploads/2025/04/Sports-Road-67-reception.jpg', 'Sports Road Apartments / 2 Bedroom Apartment - Image 28', 27);
INSERT INTO hotel_images (hotel_id, image_url, alt_text, sort_order) VALUES (121, 'https://daydreamhub.com/wp-content/uploads/2025/04/Sports-Road-68-reception.jpg', 'Sports Road Apartments / 2 Bedroom Apartment - Image 29', 28);
INSERT INTO hotel_images (hotel_id, image_url, alt_text, sort_order) VALUES (121, 'https://daydreamhub.com/wp-content/uploads/2025/04/Sports-Road-69-reception.jpg', 'Sports Road Apartments / 2 Bedroom Apartment - Image 30', 29);
INSERT INTO hotels (id, name, slug, description, city, country, address, rating, thumbnail_url, categories, amenities, property_type, is_active) VALUES (122, 'Taarifa Suites / Normal Studio', 'taarifa-suites-normal-studio', 'The open concept of normal Studio serviced apartments makes it the ideal choice for business travelers, couples, and smaller families looking to relocate.

Even with a cozier area of the room, it still features a fully equipped kitchen and living room.

Taarifa Suites studios are built to give you all the space you need for a comfortable stay while being able to host at your leisure.', 'Nairobi', 'Kenya', '', 0, 'https://daydreamhub.com/wp-content/uploads/2025/04/Taarifa-55-studio.jpg', '["daycation","for_couple"]', '["Elevator in Building","Gym","Laundry Service","Luggage Storage","Parking on Premises","Pool","Sauna","Air Conditioner (Cooling)","Air Conditioner (Heating)","Desk/Workspace","Electric pot","Free Wi-Fi","Kitchen","Refrigerator","Shower","TEL","Towels","TV"]', 'Apartment', 1);
INSERT INTO plans (hotel_id, name, description, price_usd, check_in_time, check_out_time, plan_type, max_guests, is_active) VALUES (122, '【5H】Daytime (prepayment)', '', 60, '11:00', '16:00', 'daycation', 2, 1);
INSERT INTO plans (hotel_id, name, description, price_usd, check_in_time, check_out_time, plan_type, max_guests, is_active) VALUES (122, '【23H】Overnight(prepayment)', '', 60, '11:00', '10:00', 'overnight', 2, 1);
INSERT INTO hotel_images (hotel_id, image_url, alt_text, sort_order) VALUES (122, 'https://daydreamhub.com/wp-content/uploads/2025/04/Taarifa-55-studio.jpg', 'Taarifa Suites / Normal Studio - Image 1', 0);
INSERT INTO hotel_images (hotel_id, image_url, alt_text, sort_order) VALUES (122, 'https://daydreamhub.com/wp-content/uploads/2025/04/Taarifa-54-studio.jpg', 'Taarifa Suites / Normal Studio - Image 2', 1);
INSERT INTO hotel_images (hotel_id, image_url, alt_text, sort_order) VALUES (122, 'https://daydreamhub.com/wp-content/uploads/2025/04/Taarifa-56-studio.jpg', 'Taarifa Suites / Normal Studio - Image 3', 2);
INSERT INTO hotel_images (hotel_id, image_url, alt_text, sort_order) VALUES (122, 'https://daydreamhub.com/wp-content/uploads/2025/04/Taarifa-53-studio.jpg', 'Taarifa Suites / Normal Studio - Image 4', 3);
INSERT INTO hotel_images (hotel_id, image_url, alt_text, sort_order) VALUES (122, 'https://daydreamhub.com/wp-content/uploads/2025/04/Taarifa-57-studio.jpg', 'Taarifa Suites / Normal Studio - Image 5', 4);
INSERT INTO hotel_images (hotel_id, image_url, alt_text, sort_order) VALUES (122, 'https://daydreamhub.com/wp-content/uploads/2025/04/Taarifa-52-studio.jpg', 'Taarifa Suites / Normal Studio - Image 6', 5);
INSERT INTO hotel_images (hotel_id, image_url, alt_text, sort_order) VALUES (122, 'https://daydreamhub.com/wp-content/uploads/2025/04/Taarifa-49-studio.jpg', 'Taarifa Suites / Normal Studio - Image 7', 6);
INSERT INTO hotel_images (hotel_id, image_url, alt_text, sort_order) VALUES (122, 'https://daydreamhub.com/wp-content/uploads/2025/04/Taarifa-48-studio.jpg', 'Taarifa Suites / Normal Studio - Image 8', 7);
INSERT INTO hotel_images (hotel_id, image_url, alt_text, sort_order) VALUES (122, 'https://daydreamhub.com/wp-content/uploads/2025/04/Taarifa-44-studio.jpg', 'Taarifa Suites / Normal Studio - Image 9', 8);
INSERT INTO hotel_images (hotel_id, image_url, alt_text, sort_order) VALUES (122, 'https://daydreamhub.com/wp-content/uploads/2025/04/Taarifa-46-studio.jpg', 'Taarifa Suites / Normal Studio - Image 10', 9);
INSERT INTO hotel_images (hotel_id, image_url, alt_text, sort_order) VALUES (122, 'https://daydreamhub.com/wp-content/uploads/2025/04/Taarifa-47-studio.jpg', 'Taarifa Suites / Normal Studio - Image 11', 10);
INSERT INTO hotel_images (hotel_id, image_url, alt_text, sort_order) VALUES (122, 'https://daydreamhub.com/wp-content/uploads/2025/04/Taarifa-64-studio.jpg', 'Taarifa Suites / Normal Studio - Image 12', 11);
INSERT INTO hotel_images (hotel_id, image_url, alt_text, sort_order) VALUES (122, 'https://daydreamhub.com/wp-content/uploads/2025/04/Taarifa-65-studio.jpg', 'Taarifa Suites / Normal Studio - Image 13', 12);
INSERT INTO hotel_images (hotel_id, image_url, alt_text, sort_order) VALUES (122, 'https://daydreamhub.com/wp-content/uploads/2025/04/Taarifa-50-studio.jpg', 'Taarifa Suites / Normal Studio - Image 14', 13);
INSERT INTO hotel_images (hotel_id, image_url, alt_text, sort_order) VALUES (122, 'https://daydreamhub.com/wp-content/uploads/2025/04/Taarifa-58-studio.jpg', 'Taarifa Suites / Normal Studio - Image 15', 14);
INSERT INTO hotel_images (hotel_id, image_url, alt_text, sort_order) VALUES (122, 'https://daydreamhub.com/wp-content/uploads/2025/04/Taarifa-59-studio.jpg', 'Taarifa Suites / Normal Studio - Image 16', 15);
INSERT INTO hotel_images (hotel_id, image_url, alt_text, sort_order) VALUES (122, 'https://daydreamhub.com/wp-content/uploads/2025/04/Taarifa-60-studio.jpg', 'Taarifa Suites / Normal Studio - Image 17', 16);
INSERT INTO hotels (id, name, slug, description, city, country, address, rating, thumbnail_url, categories, amenities, property_type, is_active) VALUES (123, 'Sports Road Apartments / 1 Bedroom Apartment', 'sports-road-apartments-1-bedroom-apartment', 'Located along David Osieli Road in the bustling Westlands area of Nairobi, Sportsroad Apartments by Dunhill Serviced Apartments is the perfect choice for corporate stays and travelers. Our accommodations offer a blend of luxury, comfort and convenience, ensuring an exceptional experience for all our guests.', 'Nairobi', 'Kenya', '', 0, 'https://daydreamhub.com/wp-content/uploads/2025/04/Sports-Road-31-1br.jpg', '["daycation","for_couple"]', '["Gym","Laundry Service","Luggage Storage","Parking on Premises","Pool","Sauna","Electric pot","Free Wi-Fi","Kitchen","Refrigerator","Shower","TEL","Towels","TV"]', 'Apartment', 1);
INSERT INTO plans (hotel_id, name, description, price_usd, check_in_time, check_out_time, plan_type, max_guests, is_active) VALUES (123, '【5H】Daytime(prepayment)', '', 60, '11:00', '16:00', 'daycation', 2, 1);
INSERT INTO plans (hotel_id, name, description, price_usd, check_in_time, check_out_time, plan_type, max_guests, is_active) VALUES (123, '【23H】Overnight(prepayment)', '', 60, '11:00', '10:00', 'overnight', 2, 1);
INSERT INTO hotel_images (hotel_id, image_url, alt_text, sort_order) VALUES (123, 'https://daydreamhub.com/wp-content/uploads/2025/04/Sports-Road-31-1br.jpg', 'Sports Road Apartments / 1 Bedroom Apartment - Image 1', 0);
INSERT INTO hotel_images (hotel_id, image_url, alt_text, sort_order) VALUES (123, 'https://daydreamhub.com/wp-content/uploads/2025/04/Sports-Road-29-1br.jpg', 'Sports Road Apartments / 1 Bedroom Apartment - Image 2', 1);
INSERT INTO hotel_images (hotel_id, image_url, alt_text, sort_order) VALUES (123, 'https://daydreamhub.com/wp-content/uploads/2025/04/Sports-Road-33-1br.jpg', 'Sports Road Apartments / 1 Bedroom Apartment - Image 3', 2);
INSERT INTO hotel_images (hotel_id, image_url, alt_text, sort_order) VALUES (123, 'https://daydreamhub.com/wp-content/uploads/2025/04/Sports-Road-34-1br.jpg', 'Sports Road Apartments / 1 Bedroom Apartment - Image 4', 3);
INSERT INTO hotel_images (hotel_id, image_url, alt_text, sort_order) VALUES (123, 'https://daydreamhub.com/wp-content/uploads/2025/04/Sports-Road-32-1br.jpg', 'Sports Road Apartments / 1 Bedroom Apartment - Image 5', 4);
INSERT INTO hotel_images (hotel_id, image_url, alt_text, sort_order) VALUES (123, 'https://daydreamhub.com/wp-content/uploads/2025/04/Sports-Road-35-1br.jpg', 'Sports Road Apartments / 1 Bedroom Apartment - Image 6', 5);
INSERT INTO hotel_images (hotel_id, image_url, alt_text, sort_order) VALUES (123, 'https://daydreamhub.com/wp-content/uploads/2025/04/Sports-Road-36-1br.jpg', 'Sports Road Apartments / 1 Bedroom Apartment - Image 7', 6);
INSERT INTO hotel_images (hotel_id, image_url, alt_text, sort_order) VALUES (123, 'https://daydreamhub.com/wp-content/uploads/2025/04/Sports-Road-37-1br.jpg', 'Sports Road Apartments / 1 Bedroom Apartment - Image 8', 7);
INSERT INTO hotel_images (hotel_id, image_url, alt_text, sort_order) VALUES (123, 'https://daydreamhub.com/wp-content/uploads/2025/04/Sports-Road-38-1br.jpg', 'Sports Road Apartments / 1 Bedroom Apartment - Image 9', 8);
INSERT INTO hotel_images (hotel_id, image_url, alt_text, sort_order) VALUES (123, 'https://daydreamhub.com/wp-content/uploads/2025/04/Sports-Road-39-1br.jpg', 'Sports Road Apartments / 1 Bedroom Apartment - Image 10', 9);
INSERT INTO hotel_images (hotel_id, image_url, alt_text, sort_order) VALUES (123, 'https://daydreamhub.com/wp-content/uploads/2025/04/Sports-Road-43-1br.jpg', 'Sports Road Apartments / 1 Bedroom Apartment - Image 11', 10);
INSERT INTO hotel_images (hotel_id, image_url, alt_text, sort_order) VALUES (123, 'https://daydreamhub.com/wp-content/uploads/2025/04/Sports-Road-42-1br.jpg', 'Sports Road Apartments / 1 Bedroom Apartment - Image 12', 11);
INSERT INTO hotel_images (hotel_id, image_url, alt_text, sort_order) VALUES (123, 'https://daydreamhub.com/wp-content/uploads/2025/04/Sports-Road-44-1br.jpg', 'Sports Road Apartments / 1 Bedroom Apartment - Image 13', 12);
INSERT INTO hotel_images (hotel_id, image_url, alt_text, sort_order) VALUES (123, 'https://daydreamhub.com/wp-content/uploads/2025/04/Sports-Road-45-1br.jpg', 'Sports Road Apartments / 1 Bedroom Apartment - Image 14', 13);
INSERT INTO hotel_images (hotel_id, image_url, alt_text, sort_order) VALUES (123, 'https://daydreamhub.com/wp-content/uploads/2025/04/Sports-Road-46-1br.jpg', 'Sports Road Apartments / 1 Bedroom Apartment - Image 15', 14);
INSERT INTO hotel_images (hotel_id, image_url, alt_text, sort_order) VALUES (123, 'https://daydreamhub.com/wp-content/uploads/2025/04/Sports-Road-48-1br.jpg', 'Sports Road Apartments / 1 Bedroom Apartment - Image 16', 15);
INSERT INTO hotel_images (hotel_id, image_url, alt_text, sort_order) VALUES (123, 'https://daydreamhub.com/wp-content/uploads/2025/04/Sports-Road-27.jpg', 'Sports Road Apartments / 1 Bedroom Apartment - Image 17', 16);
INSERT INTO hotel_images (hotel_id, image_url, alt_text, sort_order) VALUES (123, 'https://daydreamhub.com/wp-content/uploads/2025/04/Sports-Road-28.jpg', 'Sports Road Apartments / 1 Bedroom Apartment - Image 18', 17);
INSERT INTO hotel_images (hotel_id, image_url, alt_text, sort_order) VALUES (123, 'https://daydreamhub.com/wp-content/uploads/2025/04/Sports-Road-58-gym-1.jpg', 'Sports Road Apartments / 1 Bedroom Apartment - Image 19', 18);
INSERT INTO hotel_images (hotel_id, image_url, alt_text, sort_order) VALUES (123, 'https://daydreamhub.com/wp-content/uploads/2025/04/Sports-Road-59-gym-1.jpg', 'Sports Road Apartments / 1 Bedroom Apartment - Image 20', 19);
INSERT INTO hotel_images (hotel_id, image_url, alt_text, sort_order) VALUES (123, 'https://daydreamhub.com/wp-content/uploads/2025/04/Sports-Road-61-sauna-1.jpg', 'Sports Road Apartments / 1 Bedroom Apartment - Image 21', 20);
INSERT INTO hotel_images (hotel_id, image_url, alt_text, sort_order) VALUES (123, 'https://daydreamhub.com/wp-content/uploads/2025/04/Sports-Road-62-sauna.jpg', 'Sports Road Apartments / 1 Bedroom Apartment - Image 22', 21);
INSERT INTO hotel_images (hotel_id, image_url, alt_text, sort_order) VALUES (123, 'https://daydreamhub.com/wp-content/uploads/2025/04/Sports-Road-64-steam-1.jpg', 'Sports Road Apartments / 1 Bedroom Apartment - Image 23', 22);
INSERT INTO hotel_images (hotel_id, image_url, alt_text, sort_order) VALUES (123, 'https://daydreamhub.com/wp-content/uploads/2025/04/Sports-Road-65-reception-1.jpg', 'Sports Road Apartments / 1 Bedroom Apartment - Image 24', 23);
INSERT INTO hotel_images (hotel_id, image_url, alt_text, sort_order) VALUES (123, 'https://daydreamhub.com/wp-content/uploads/2025/04/Sports-Road-66-reception-1.jpg', 'Sports Road Apartments / 1 Bedroom Apartment - Image 25', 24);
INSERT INTO hotel_images (hotel_id, image_url, alt_text, sort_order) VALUES (123, 'https://daydreamhub.com/wp-content/uploads/2025/04/Sports-Road-67-reception-1.jpg', 'Sports Road Apartments / 1 Bedroom Apartment - Image 26', 25);
INSERT INTO hotel_images (hotel_id, image_url, alt_text, sort_order) VALUES (123, 'https://daydreamhub.com/wp-content/uploads/2025/04/Sports-Road-68-reception-1.jpg', 'Sports Road Apartments / 1 Bedroom Apartment - Image 27', 26);
INSERT INTO hotel_images (hotel_id, image_url, alt_text, sort_order) VALUES (123, 'https://daydreamhub.com/wp-content/uploads/2025/04/Sports-Road-69-reception-1.jpg', 'Sports Road Apartments / 1 Bedroom Apartment - Image 28', 27);
INSERT INTO hotels (id, name, slug, description, city, country, address, rating, thumbnail_url, categories, amenities, property_type, is_active) VALUES (124, 'Ole Sereni Hotel/Club Room', 'ole-sereni-hotel-cozy-room', 'Ole-Sereni Hotel is decorated with the characteristic style of a safari lodge, including bright colors, wooden details and artwork in raw materials.', 'Nairobi', 'Kenya', '', 0, 'https://daydreamhub.com/wp-content/uploads/2025/04/92007819.jpg', '["daycation","for_couple"]', '["ATM","Bar / Restaurant","Currency Exchange","Elevator in Building","Gym","Laundry Service","Luggage Storage","Massage","Parking on Premises","Pool","Sauna","Wheelchair Accessible","Air Conditioner (Cooling)","Air Conditioner (Heating)","Bathtub","Desk/Workspace","Electric pot","Free Wi-Fi","Hair Dryer","Refrigerator","Shampoo","Shower","TEL","Toothbrush","Towels","TV"]', 'Hotel', 1);
INSERT INTO plans (hotel_id, name, description, price_usd, check_in_time, check_out_time, plan_type, max_guests, is_active) VALUES (124, '[8Hrs] Day Use(prepayment)', '', 160, '10:00', '18:00', 'daycation', 2, 1);
INSERT INTO plans (hotel_id, name, description, price_usd, check_in_time, check_out_time, plan_type, max_guests, is_active) VALUES (124, '[20Hrs]Overnight -Bed and Breakfast(prepayment)', '', 260, '14:00', '10:00', 'overnight', 2, 1);
INSERT INTO plans (hotel_id, name, description, price_usd, check_in_time, check_out_time, plan_type, max_guests, is_active) VALUES (124, '[20Hrs]Overnight -Room Only(prepayment)', '', 220, '14:00', '10:00', 'overnight', 2, 1);
INSERT INTO hotel_images (hotel_id, image_url, alt_text, sort_order) VALUES (124, 'https://daydreamhub.com/wp-content/uploads/2025/04/92007819.jpg', 'Ole Sereni Hotel/Club Room - Image 1', 0);
INSERT INTO hotel_images (hotel_id, image_url, alt_text, sort_order) VALUES (124, 'https://daydreamhub.com/wp-content/uploads/2025/04/92007741.jpg', 'Ole Sereni Hotel/Club Room - Image 2', 1);
INSERT INTO hotel_images (hotel_id, image_url, alt_text, sort_order) VALUES (124, 'https://daydreamhub.com/wp-content/uploads/2025/04/92007188.jpg', 'Ole Sereni Hotel/Club Room - Image 3', 2);
INSERT INTO hotels (id, name, slug, description, city, country, address, rating, thumbnail_url, categories, amenities, property_type, is_active) VALUES (125, 'Empire Stay Limited / 1 Bedroom Apartment in Digbeth', 'empire-stay-limited-1-bedroom-apartment-in-digbeth', 'This luxurious modern and large 1 bed apartment is located in a trendy part of the city.', 'Birmingham', 'UK', '', 0, 'https://daydreamhub.com/wp-content/uploads/2025/04/スクリーンショット-2025-04-25-053906.jpg', '["daycation","for_couple"]', '["Laundry Service","Bathtub","Coffee maker","Desk/Workspace","Electric pot","Free Wi-Fi","Hair Dryer","Kitchen","Refrigerator","Shower","Towels","TV"]', 'Apartment', 1);
INSERT INTO plans (hotel_id, name, description, price_usd, check_in_time, check_out_time, plan_type, max_guests, is_active) VALUES (125, '[5H] Daytime(prepayment)', '', 228, '10:00', '15:00', 'daycation', 2, 1);
INSERT INTO plans (hotel_id, name, description, price_usd, check_in_time, check_out_time, plan_type, max_guests, is_active) VALUES (125, '[5H] Daytime + Airport Shuttle(prepayment)', '', 228, '10:00', '15:00', 'daycation', 2, 1);
INSERT INTO plans (hotel_id, name, description, price_usd, check_in_time, check_out_time, plan_type, max_guests, is_active) VALUES (125, '[19H] Over night(prepayment)', '', 160, '15:00', '10:00', 'overnight', 2, 1);
INSERT INTO plans (hotel_id, name, description, price_usd, check_in_time, check_out_time, plan_type, max_guests, is_active) VALUES (125, '[10H] Over night + Airport Shuttle(prepayment)', '', 388, '22:00', '8:00', 'overnight', 2, 1);
INSERT INTO hotel_images (hotel_id, image_url, alt_text, sort_order) VALUES (125, 'https://daydreamhub.com/wp-content/uploads/2025/04/スクリーンショット-2025-04-25-053906.jpg', 'Empire Stay Limited / 1 Bedroom Apartment in Digbeth - Image 1', 0);
INSERT INTO hotel_images (hotel_id, image_url, alt_text, sort_order) VALUES (125, 'https://daydreamhub.com/wp-content/uploads/2025/04/スクリーンショット-2025-04-25-053955.jpg', 'Empire Stay Limited / 1 Bedroom Apartment in Digbeth - Image 2', 1);
INSERT INTO hotel_images (hotel_id, image_url, alt_text, sort_order) VALUES (125, 'https://daydreamhub.com/wp-content/uploads/2025/04/スクリーンショット-2025-04-25-053916.jpg', 'Empire Stay Limited / 1 Bedroom Apartment in Digbeth - Image 3', 2);
INSERT INTO hotels (id, name, slug, description, city, country, address, rating, thumbnail_url, categories, amenities, property_type, is_active) VALUES (126, 'Hotel Botánico Boutique / Double Room', 'hotel-botanico-boutique-double-room', 'Jardin Botanico Hotel Boutique is set near the popular Carmen district of Valencia. This stylish hotel offers rooms with free Wi-Fi access.

This design hotel has modern decoration with plant motifs. It is next to the city’s Botanical Gardens, and near the IVAM Modern Art Museum.', 'Valencia', 'Spain', '', 0, 'https://daydreamhub.com/wp-content/uploads/2025/04/df93882341054cf1bda0e10cd81c8183_orig.jpg', '["daycation","for_couple"]', '["Luggage Storage","Air Conditioner (Cooling)","Air Conditioner (Heating)","Desk/Workspace","Electric pot","Free Wi-Fi","Hair Dryer","Refrigerator","Shampoo","Shower","Towels","TV"]', 'Hotel', 1);
INSERT INTO plans (hotel_id, name, description, price_usd, check_in_time, check_out_time, plan_type, max_guests, is_active) VALUES (126, '【6H】Morning(prepayment)', '', 84, '6:00', '12:00', 'daycation', 2, 1);
INSERT INTO plans (hotel_id, name, description, price_usd, check_in_time, check_out_time, plan_type, max_guests, is_active) VALUES (126, '【10H】Daytime (prepayment)', '', 98, '10:00', '20:00', 'daycation', 2, 1);
INSERT INTO plans (hotel_id, name, description, price_usd, check_in_time, check_out_time, plan_type, max_guests, is_active) VALUES (126, '【28H】Overnight(prepayment)', '', 168, '8:00', '12:00', 'overnight', 2, 1);
INSERT INTO hotel_images (hotel_id, image_url, alt_text, sort_order) VALUES (126, 'https://daydreamhub.com/wp-content/uploads/2025/04/df93882341054cf1bda0e10cd81c8183_orig.jpg', 'Hotel Botánico Boutique / Double Room - Image 1', 0);
INSERT INTO hotel_images (hotel_id, image_url, alt_text, sort_order) VALUES (126, 'https://daydreamhub.com/wp-content/uploads/2025/04/407411833749417898ce99b3842e5ff5_orig.jpg', 'Hotel Botánico Boutique / Double Room - Image 2', 1);
INSERT INTO hotel_images (hotel_id, image_url, alt_text, sort_order) VALUES (126, 'https://daydreamhub.com/wp-content/uploads/2025/04/999354779628484d9b79b6c25fce6e22_orig.jpg', 'Hotel Botánico Boutique / Double Room - Image 3', 2);
INSERT INTO hotels (id, name, slug, description, city, country, address, rating, thumbnail_url, categories, amenities, property_type, is_active) VALUES (127, 'AMBASSADORIAL SUITE', 'ambassadorial-suite', 'Ambassadorial Suite with a great view', 'Abuja', 'Nigeria', '', 0, 'https://daydreamhub.com/wp-content/uploads/2025/04/SITTING-ROOM-AMBASSODORIAL-SUITES-1.jpg', '["for_couple","for_work","luxury","personal_time","transit_use"]', '["Bar / Restaurant","Laundry Service","Luggage Storage","Parking on Premises","Pool","Air Conditioner (Cooling)","Air Conditioner (Heating)","Free Wi-Fi","Kitchen","Night wear","Refrigerator","Shampoo","Shower","TEL","Toothbrush","Towels","TV"]', 'Hotel', 1);
INSERT INTO plans (hotel_id, name, description, price_usd, check_in_time, check_out_time, plan_type, max_guests, is_active) VALUES (127, 'Ambassadorial Suite(prepayment)', '', 110, '6:00', '12:00', 'luxury', 2, 1);
INSERT INTO hotel_images (hotel_id, image_url, alt_text, sort_order) VALUES (127, 'https://daydreamhub.com/wp-content/uploads/2025/04/SITTING-ROOM-AMBASSODORIAL-SUITES-1.jpg', 'AMBASSADORIAL SUITE - Image 1', 0);
INSERT INTO hotel_images (hotel_id, image_url, alt_text, sort_order) VALUES (127, 'https://daydreamhub.com/wp-content/uploads/2025/04/EXECUTIVE-ROOM-2.jpg', 'AMBASSADORIAL SUITE - Image 2', 1);
INSERT INTO hotel_images (hotel_id, image_url, alt_text, sort_order) VALUES (127, 'https://daydreamhub.com/wp-content/uploads/2025/04/IMG_0970-2.jpg', 'AMBASSADORIAL SUITE - Image 3', 2);
INSERT INTO hotel_images (hotel_id, image_url, alt_text, sort_order) VALUES (127, 'https://daydreamhub.com/wp-content/uploads/2025/04/IMG_1107.jpg', 'AMBASSADORIAL SUITE - Image 4', 3);
INSERT INTO hotel_images (hotel_id, image_url, alt_text, sort_order) VALUES (127, 'https://daydreamhub.com/wp-content/uploads/2025/04/IMG_1109.jpg', 'AMBASSADORIAL SUITE - Image 5', 4);
INSERT INTO hotel_images (hotel_id, image_url, alt_text, sort_order) VALUES (127, 'https://daydreamhub.com/wp-content/uploads/2025/04/IMG_1111-1.jpg', 'AMBASSADORIAL SUITE - Image 6', 5);
INSERT INTO hotel_images (hotel_id, image_url, alt_text, sort_order) VALUES (127, 'https://daydreamhub.com/wp-content/uploads/2025/04/IMG_1222.jpg', 'AMBASSADORIAL SUITE - Image 7', 6);
INSERT INTO hotels (id, name, slug, description, city, country, address, rating, thumbnail_url, categories, amenities, property_type, is_active) VALUES (128, 'EXECUTIVE ROOM', 'palmac-hotel-2', 'Executive Room with a great view', 'Abuja', 'Nigeria', '', 0, 'https://daydreamhub.com/wp-content/uploads/2025/04/SITTING-ROOM-AMBASSODORIAL-SUITES.jpg', '["for_work","luxury","personal_time"]', '["Bar / Restaurant","Laundry Service","Luggage Storage","Parking on Premises","Pool","Air Conditioner (Cooling)","Air Conditioner (Heating)","Desk/Workspace","Free Wi-Fi","Hair Dryer","Kitchen","Night wear","Refrigerator","Shampoo","Shower","TEL","Toothbrush","Towels","TV"]', 'Hotel', 1);
INSERT INTO plans (hotel_id, name, description, price_usd, check_in_time, check_out_time, plan_type, max_guests, is_active) VALUES (128, 'Executive Room(prepayment)', '', 70, '6:00', '12:00', 'luxury', 2, 1);
INSERT INTO hotel_images (hotel_id, image_url, alt_text, sort_order) VALUES (128, 'https://daydreamhub.com/wp-content/uploads/2025/04/SITTING-ROOM-AMBASSODORIAL-SUITES.jpg', 'EXECUTIVE ROOM - Image 1', 0);
INSERT INTO hotel_images (hotel_id, image_url, alt_text, sort_order) VALUES (128, 'https://daydreamhub.com/wp-content/uploads/2025/04/BATHROOM.jpg', 'EXECUTIVE ROOM - Image 2', 1);
INSERT INTO hotel_images (hotel_id, image_url, alt_text, sort_order) VALUES (128, 'https://daydreamhub.com/wp-content/uploads/2025/04/EXECUTIVE-ROOM-2-1.jpg', 'EXECUTIVE ROOM - Image 3', 2);
INSERT INTO hotel_images (hotel_id, image_url, alt_text, sort_order) VALUES (128, 'https://daydreamhub.com/wp-content/uploads/2025/04/IMG_0733-1-1.jpg', 'EXECUTIVE ROOM - Image 4', 3);
INSERT INTO hotel_images (hotel_id, image_url, alt_text, sort_order) VALUES (128, 'https://daydreamhub.com/wp-content/uploads/2025/04/IMG_1122.jpg', 'EXECUTIVE ROOM - Image 5', 4);
INSERT INTO hotel_images (hotel_id, image_url, alt_text, sort_order) VALUES (128, 'https://daydreamhub.com/wp-content/uploads/2025/04/IMG_1221.jpg', 'EXECUTIVE ROOM - Image 6', 5);
INSERT INTO hotels (id, name, slug, description, city, country, address, rating, thumbnail_url, categories, amenities, property_type, is_active) VALUES (129, 'ROYAL ROOM', 'palmac-hotel', 'Royal Room with a great view', 'Abuja', 'Nigeria', '', 0, 'https://daydreamhub.com/wp-content/uploads/2025/04/EXECUTIVE-ROOM.jpg', '["luxury","personal_time"]', '["Bar / Restaurant","Laundry Service","Luggage Storage","Parking on Premises","Pool","Air Conditioner (Cooling)","Air Conditioner (Heating)","Desk/Workspace","Electric pot","Free Wi-Fi","Kitchen","Night wear","Refrigerator","Shower","Toothbrush","Towels","TV"]', 'Hotel', 1);
INSERT INTO plans (hotel_id, name, description, price_usd, check_in_time, check_out_time, plan_type, max_guests, is_active) VALUES (129, 'Royal Room(prepayment)', '', 58, '6:00', '12:00', 'luxury', 2, 1);
INSERT INTO hotel_images (hotel_id, image_url, alt_text, sort_order) VALUES (129, 'https://daydreamhub.com/wp-content/uploads/2025/04/EXECUTIVE-ROOM.jpg', 'ROYAL ROOM - Image 1', 0);
INSERT INTO hotel_images (hotel_id, image_url, alt_text, sort_order) VALUES (129, 'https://daydreamhub.com/wp-content/uploads/2025/04/IMG_0724.jpg', 'ROYAL ROOM - Image 2', 1);
INSERT INTO hotel_images (hotel_id, image_url, alt_text, sort_order) VALUES (129, 'https://daydreamhub.com/wp-content/uploads/2025/04/IMG_0733-1.jpg', 'ROYAL ROOM - Image 3', 2);
INSERT INTO hotel_images (hotel_id, image_url, alt_text, sort_order) VALUES (129, 'https://daydreamhub.com/wp-content/uploads/2025/04/IMG_1111.jpg', 'ROYAL ROOM - Image 4', 3);
INSERT INTO hotels (id, name, slug, description, city, country, address, rating, thumbnail_url, categories, amenities, property_type, is_active) VALUES (130, 'Empire Stay Limited / Birmingham City Centre, One bedroom apartment!', 'empire-stay-limited-birmingham-city-centre-one-bedroom-apartment', 'Located in the heart of Birmingham surrounded by various shops and restaurants, you couldn’t be more set up to enjoy this buzzing city.', 'Birmingham', 'UK', '', 0, 'https://daydreamhub.com/wp-content/uploads/2025/04/スクリーンショット-2025-04-23-225140.jpg', '["daycation","for_couple"]', '["Laundry Service","Bathtub","Coffee maker","Desk/Workspace","Electric pot","Free Wi-Fi","Hair Dryer","Kitchen","Refrigerator","Shower","Towels","TV"]', 'Apartment', 1);
INSERT INTO plans (hotel_id, name, description, price_usd, check_in_time, check_out_time, plan_type, max_guests, is_active) VALUES (130, '[5H] Daytime(prepayment)', '', 228, '10:00', '15:00', 'daycation', 2, 1);
INSERT INTO plans (hotel_id, name, description, price_usd, check_in_time, check_out_time, plan_type, max_guests, is_active) VALUES (130, '[5H] Daytime + Airport Shuttle(prepayment)', '', 228, '10:00', '15:00', 'daycation', 2, 1);
INSERT INTO plans (hotel_id, name, description, price_usd, check_in_time, check_out_time, plan_type, max_guests, is_active) VALUES (130, '[19H] Over night(prepayment)', '', 160, '15:00', '10:00', 'overnight', 2, 1);
INSERT INTO plans (hotel_id, name, description, price_usd, check_in_time, check_out_time, plan_type, max_guests, is_active) VALUES (130, '[10H] Over night + Airport Shuttle(prepayment)', '', 388, '22:00', '8:00', 'overnight', 2, 1);
INSERT INTO hotel_images (hotel_id, image_url, alt_text, sort_order) VALUES (130, 'https://daydreamhub.com/wp-content/uploads/2025/04/スクリーンショット-2025-04-23-225140.jpg', 'Empire Stay Limited / Birmingham City Centre, One bedroom apartment! - Image 1', 0);
INSERT INTO hotel_images (hotel_id, image_url, alt_text, sort_order) VALUES (130, 'https://daydreamhub.com/wp-content/uploads/2025/04/スクリーンショット-2025-04-23-225215.jpg', 'Empire Stay Limited / Birmingham City Centre, One bedroom apartment! - Image 2', 1);
INSERT INTO hotel_images (hotel_id, image_url, alt_text, sort_order) VALUES (130, 'https://daydreamhub.com/wp-content/uploads/2025/04/スクリーンショット-2025-04-23-225158.jpg', 'Empire Stay Limited / Birmingham City Centre, One bedroom apartment! - Image 3', 2);
INSERT INTO hotels (id, name, slug, description, city, country, address, rating, thumbnail_url, categories, amenities, property_type, is_active) VALUES (131, 'YOU & CO. Saler Boutique / Doble Estandar', 'you-co-saler-boutique-doble-estandar', 'Located within a 15-minute walk of Playa de El Saler and 1.6 miles of Playa de l’Arbre del Gos, YOU & CO. Saler Beach Boutique has rooms in Valencia. The 3-star hotel has air-conditioned rooms with a private bathroom and free WiFi. The property provides a concierge service, a tour desk and luggage storage for guests.', 'Valencia', 'Spain', '', 0, 'https://daydreamhub.com/wp-content/uploads/2025/04/210325549.webp', '["early_check-in","for_couple"]', '["Elevator in Building","Parking on Premises","Vending machine","Air Conditioner (Cooling)","Air Conditioner (Heating)","Desk/Workspace","Electric pot","Free Wi-Fi","Hair Dryer","Refrigerator","Shower","Towels","TV"]', 'Hotel', 1);
INSERT INTO plans (hotel_id, name, description, price_usd, check_in_time, check_out_time, plan_type, max_guests, is_active) VALUES (131, '【6H】Early Check In(prepayment)', '', 84, '6:00', '12:00', 'early_check-in', 2, 1);
INSERT INTO plans (hotel_id, name, description, price_usd, check_in_time, check_out_time, plan_type, max_guests, is_active) VALUES (131, '【10H】Airport Shuttle(prepayment)', '', 100, '10:00', '20:00', 'early_check-in', 2, 1);
INSERT INTO plans (hotel_id, name, description, price_usd, check_in_time, check_out_time, plan_type, max_guests, is_active) VALUES (131, '【28H】Overnight(prepayment)', '', 168, '8:00', '12:00', 'overnight', 2, 1);
INSERT INTO hotel_images (hotel_id, image_url, alt_text, sort_order) VALUES (131, 'https://daydreamhub.com/wp-content/uploads/2025/04/210325549.webp', 'YOU & CO. Saler Boutique / Doble Estandar - Image 1', 0);
INSERT INTO hotel_images (hotel_id, image_url, alt_text, sort_order) VALUES (131, 'https://daydreamhub.com/wp-content/uploads/2025/04/210836160.webp', 'YOU & CO. Saler Boutique / Doble Estandar - Image 2', 1);
INSERT INTO hotel_images (hotel_id, image_url, alt_text, sort_order) VALUES (131, 'https://daydreamhub.com/wp-content/uploads/2025/04/210325580.webp', 'YOU & CO. Saler Boutique / Doble Estandar - Image 3', 2);
INSERT INTO hotel_images (hotel_id, image_url, alt_text, sort_order) VALUES (131, 'https://daydreamhub.com/wp-content/uploads/2025/04/210325540.webp', 'YOU & CO. Saler Boutique / Doble Estandar - Image 4', 3);
INSERT INTO hotel_images (hotel_id, image_url, alt_text, sort_order) VALUES (131, 'https://daydreamhub.com/wp-content/uploads/2025/04/210325528.webp', 'YOU & CO. Saler Boutique / Doble Estandar - Image 5', 4);
INSERT INTO hotels (id, name, slug, description, city, country, address, rating, thumbnail_url, categories, amenities, property_type, is_active) VALUES (132, 'Empire Stay Limited / Luxury 2 Bedroom Apartment, On Broad Street!', 'empire-stay-limited-luxury-2-bedroom-apartment-on-broad-street', 'Popular points of interest near include Brindley place, Gas Street Basin and The ICC-Birmingham.', 'Birmingham', 'UK', '', 0, 'https://daydreamhub.com/wp-content/uploads/2025/04/スクリーンショット-2025-04-23-030545.jpg', '["daycation","for_couple"]', '["Laundry Service","Bathtub","Coffee maker","Desk/Workspace","Electric pot","Free Wi-Fi","Hair Dryer","Kitchen","Refrigerator","Shower","Towels","TV"]', 'Apartment', 1);
INSERT INTO plans (hotel_id, name, description, price_usd, check_in_time, check_out_time, plan_type, max_guests, is_active) VALUES (132, '[5H] Daytime(prepayment)', '', 228, '10:00', '15:00', 'daycation', 2, 1);
INSERT INTO plans (hotel_id, name, description, price_usd, check_in_time, check_out_time, plan_type, max_guests, is_active) VALUES (132, '[5H] Daytime + Airport Shuttle(prepayment)', '', 228, '10:00', '15:00', 'daycation', 2, 1);
INSERT INTO plans (hotel_id, name, description, price_usd, check_in_time, check_out_time, plan_type, max_guests, is_active) VALUES (132, '[19H] Over night(prepayment)', '', 160, '15:00', '10:00', 'overnight', 2, 1);
INSERT INTO plans (hotel_id, name, description, price_usd, check_in_time, check_out_time, plan_type, max_guests, is_active) VALUES (132, '[10H] Over night + Airport Shuttle(prepayment)', '', 388, '22:00', '8:00', 'overnight', 2, 1);
INSERT INTO hotel_images (hotel_id, image_url, alt_text, sort_order) VALUES (132, 'https://daydreamhub.com/wp-content/uploads/2025/04/スクリーンショット-2025-04-23-030545.jpg', 'Empire Stay Limited / Luxury 2 Bedroom Apartment, On Broad Street! - Image 1', 0);
INSERT INTO hotel_images (hotel_id, image_url, alt_text, sort_order) VALUES (132, 'https://daydreamhub.com/wp-content/uploads/2025/04/スクリーンショット-2025-04-23-030558.jpg', 'Empire Stay Limited / Luxury 2 Bedroom Apartment, On Broad Street! - Image 2', 1);
INSERT INTO hotel_images (hotel_id, image_url, alt_text, sort_order) VALUES (132, 'https://daydreamhub.com/wp-content/uploads/2025/04/スクリーンショット-2025-04-23-030607.jpg', 'Empire Stay Limited / Luxury 2 Bedroom Apartment, On Broad Street! - Image 3', 2);
INSERT INTO hotels (id, name, slug, description, city, country, address, rating, thumbnail_url, categories, amenities, property_type, is_active) VALUES (133, 'Empire Stay Limited / Stylish 2 Bed Apartment on Broad Street!', 'empire-stay-limited-stylish-2-bed-apartment-on-broad-street', 'Centrally located, this spacious retreat offers easy access to Birmingham’s top restaurants, nightlife, and attractions.', 'Birmingham', 'UK', '', 0, 'https://daydreamhub.com/wp-content/uploads/2025/04/スクリーンショット-2025-04-23-025719.jpg', '["daycation","for_couple"]', '["Laundry Service","Bathtub","Coffee maker","Desk/Workspace","Electric pot","Free Wi-Fi","Hair Dryer","Kitchen","Refrigerator","Shower","Towels","TV"]', 'Apartment', 1);
INSERT INTO plans (hotel_id, name, description, price_usd, check_in_time, check_out_time, plan_type, max_guests, is_active) VALUES (133, '[5H] Daytime(prepayment)', '', 228, '10:00', '15:00', 'daycation', 2, 1);
INSERT INTO plans (hotel_id, name, description, price_usd, check_in_time, check_out_time, plan_type, max_guests, is_active) VALUES (133, '[5H] Daytime + Airport Shuttle(prepayment)', '', 228, '10:00', '15:00', 'daycation', 2, 1);
INSERT INTO plans (hotel_id, name, description, price_usd, check_in_time, check_out_time, plan_type, max_guests, is_active) VALUES (133, '[19H] Over night(prepayment)', '', 160, '15:00', '10:00', 'overnight', 2, 1);
INSERT INTO plans (hotel_id, name, description, price_usd, check_in_time, check_out_time, plan_type, max_guests, is_active) VALUES (133, '[10H] Over night + Airport Shuttle(prepayment)', '', 388, '22:00', '8:00', 'overnight', 2, 1);
INSERT INTO hotel_images (hotel_id, image_url, alt_text, sort_order) VALUES (133, 'https://daydreamhub.com/wp-content/uploads/2025/04/スクリーンショット-2025-04-23-025719.jpg', 'Empire Stay Limited / Stylish 2 Bed Apartment on Broad Street! - Image 1', 0);
INSERT INTO hotel_images (hotel_id, image_url, alt_text, sort_order) VALUES (133, 'https://daydreamhub.com/wp-content/uploads/2025/04/スクリーンショット-2025-04-23-025730.jpg', 'Empire Stay Limited / Stylish 2 Bed Apartment on Broad Street! - Image 2', 1);
INSERT INTO hotel_images (hotel_id, image_url, alt_text, sort_order) VALUES (133, 'https://daydreamhub.com/wp-content/uploads/2025/04/スクリーンショット-2025-04-23-025738.jpg', 'Empire Stay Limited / Stylish 2 Bed Apartment on Broad Street! - Image 3', 2);
INSERT INTO hotels (id, name, slug, description, city, country, address, rating, thumbnail_url, categories, amenities, property_type, is_active) VALUES (134, 'Empire Stay Limited / Lovely One Bedroom Apartment on Broad Street!', 'empire-stay-limited-lovely-one-bedroom-apartment-on-broad-street', 'Popular points of interest near include Brindley place, Gas Street Basin and The ICC-Birmingham.', 'Birmingham', 'UK', '', 0, 'https://daydreamhub.com/wp-content/uploads/2025/04/スクリーンショット-2025-04-22-032331.jpg', '["daycation","for_couple"]', '["Laundry Service","Bathtub","Coffee maker","Desk/Workspace","Electric pot","Free Wi-Fi","Hair Dryer","Kitchen","Refrigerator","Shower","Towels","TV"]', 'Apartment', 1);
INSERT INTO plans (hotel_id, name, description, price_usd, check_in_time, check_out_time, plan_type, max_guests, is_active) VALUES (134, '[5H] Daytime(prepayment)', '', 228, '10:00', '15:00', 'daycation', 2, 1);
INSERT INTO plans (hotel_id, name, description, price_usd, check_in_time, check_out_time, plan_type, max_guests, is_active) VALUES (134, '[5H] Daytime + Airport Shuttle(prepayment)', '', 228, '10:00', '15:00', 'daycation', 2, 1);
INSERT INTO plans (hotel_id, name, description, price_usd, check_in_time, check_out_time, plan_type, max_guests, is_active) VALUES (134, '[19H] Over night(prepayment)', '', 160, '15:00', '10:00', 'overnight', 2, 1);
INSERT INTO plans (hotel_id, name, description, price_usd, check_in_time, check_out_time, plan_type, max_guests, is_active) VALUES (134, '[10H] Over night + Airport Shuttle(prepayment)', '', 388, '22:00', '8:00', 'overnight', 2, 1);
INSERT INTO hotel_images (hotel_id, image_url, alt_text, sort_order) VALUES (134, 'https://daydreamhub.com/wp-content/uploads/2025/04/スクリーンショット-2025-04-22-032331.jpg', 'Empire Stay Limited / Lovely One Bedroom Apartment on Broad Street! - Image 1', 0);
INSERT INTO hotel_images (hotel_id, image_url, alt_text, sort_order) VALUES (134, 'https://daydreamhub.com/wp-content/uploads/2025/04/スクリーンショット-2025-04-22-032344.jpg', 'Empire Stay Limited / Lovely One Bedroom Apartment on Broad Street! - Image 2', 1);
INSERT INTO hotel_images (hotel_id, image_url, alt_text, sort_order) VALUES (134, 'https://daydreamhub.com/wp-content/uploads/2025/04/スクリーンショット-2025-04-22-032314.jpg', 'Empire Stay Limited / Lovely One Bedroom Apartment on Broad Street! - Image 3', 2);
INSERT INTO hotels (id, name, slug, description, city, country, address, rating, thumbnail_url, categories, amenities, property_type, is_active) VALUES (135, 'Empire Stay Limited / Stunning One Bedroom Duplex Apartment In Heart of Jewellery Quarter', 'empire-stay-limited-stunning-one-bedroom-duplex-apartment-in-heart-of-jewellery-quarter', 'A modern, contemporary, high spec apartment set in Birmingham’s Jewellery Quarter. Designed with character & sat at the heart of one the country’s most desirable residential area in the city.

Each home will benefit from, Interior Designed Kitchen, Gloss white handle less cabinets, granite worktops, stainless steel integral 1.5 bowl sink, Integrated Bosch appliances, fridge freezer & washer-dryer

Bathrooms, Oak effect basin cabinets, Polished concrete style ceramic tiles, Shower head in chrome.', 'Birmingham', 'UK', '', 0, 'https://daydreamhub.com/wp-content/uploads/2025/04/84181-293443-TBYg9UyfdAccnCDfGRZ13ZM1MKxIzDiY-Qk-KO0uxyY-67a284f4beb17.webp', '["daycation","for_couple"]', '["Laundry Service","Bathtub","Coffee maker","Desk/Workspace","Electric pot","Free Wi-Fi","Hair Dryer","Kitchen","Refrigerator","Shower","Towels","TV"]', 'Apartment', 1);
INSERT INTO plans (hotel_id, name, description, price_usd, check_in_time, check_out_time, plan_type, max_guests, is_active) VALUES (135, '[5H] Daytime(prepayment)', '', 228, '10:00', '15:00', 'daycation', 2, 1);
INSERT INTO plans (hotel_id, name, description, price_usd, check_in_time, check_out_time, plan_type, max_guests, is_active) VALUES (135, '[5H] Daytime + Airport Shuttle(prepayment)', '', 228, '10:00', '15:00', 'daycation', 2, 1);
INSERT INTO plans (hotel_id, name, description, price_usd, check_in_time, check_out_time, plan_type, max_guests, is_active) VALUES (135, '[19H] Over night(prepayment)', '', 160, '15:00', '10:00', 'overnight', 2, 1);
INSERT INTO plans (hotel_id, name, description, price_usd, check_in_time, check_out_time, plan_type, max_guests, is_active) VALUES (135, '[10H] Over night + Airport Shuttle(prepayment)', '', 388, '22:00', '8:00', 'overnight', 2, 1);
INSERT INTO hotel_images (hotel_id, image_url, alt_text, sort_order) VALUES (135, 'https://daydreamhub.com/wp-content/uploads/2025/04/84181-293443-TBYg9UyfdAccnCDfGRZ13ZM1MKxIzDiY-Qk-KO0uxyY-67a284f4beb17.webp', 'Empire Stay Limited / Stunning One Bedroom Duplex Apartment In Heart of Jewellery Quarter - Image 1', 0);
INSERT INTO hotel_images (hotel_id, image_url, alt_text, sort_order) VALUES (135, 'https://daydreamhub.com/wp-content/uploads/2025/04/84181-293443-71RxOThHjKQhR-DuIxLmsoXZpdmf6-4y0z69RyPBpt8-67a284c2b0363.webp', 'Empire Stay Limited / Stunning One Bedroom Duplex Apartment In Heart of Jewellery Quarter - Image 2', 1);
INSERT INTO hotel_images (hotel_id, image_url, alt_text, sort_order) VALUES (135, 'https://daydreamhub.com/wp-content/uploads/2025/04/84181-293443-HBh7JVzf22oJCNXP8caLMv80fP8ku4XIUCwRl1AuMBg-67a2855b01633.webp', 'Empire Stay Limited / Stunning One Bedroom Duplex Apartment In Heart of Jewellery Quarter - Image 3', 2);
INSERT INTO hotel_images (hotel_id, image_url, alt_text, sort_order) VALUES (135, 'https://daydreamhub.com/wp-content/uploads/2025/04/84181-293443-pgN6rhJicTSmUHZg-uPjOZ0iEeI4FqWCF-EWc0ejBcQ-67a28516b129d.webp', 'Empire Stay Limited / Stunning One Bedroom Duplex Apartment In Heart of Jewellery Quarter - Image 4', 3);
INSERT INTO hotel_images (hotel_id, image_url, alt_text, sort_order) VALUES (135, 'https://daydreamhub.com/wp-content/uploads/2025/04/84181-293443-l229Ph9ZjxRAo-HKrIyHUUfKebuIkCaZTqzWhl2TxKI-67a2849466c59.webp', 'Empire Stay Limited / Stunning One Bedroom Duplex Apartment In Heart of Jewellery Quarter - Image 5', 4);
INSERT INTO hotel_images (hotel_id, image_url, alt_text, sort_order) VALUES (135, 'https://daydreamhub.com/wp-content/uploads/2025/04/84181-293443-Q-To5b4S4Nc4irWedg0bdEyMJXJU3vcF4zTodV7xY3I-67a28527e1238.webp', 'Empire Stay Limited / Stunning One Bedroom Duplex Apartment In Heart of Jewellery Quarter - Image 6', 5);
INSERT INTO hotel_images (hotel_id, image_url, alt_text, sort_order) VALUES (135, 'https://daydreamhub.com/wp-content/uploads/2025/04/84181-293443-SCYN1jr8kX7QWeibRiZK0KpwWpGf-KDBYgPWcrxrcQA-67a2854911fc3.webp', 'Empire Stay Limited / Stunning One Bedroom Duplex Apartment In Heart of Jewellery Quarter - Image 7', 6);
INSERT INTO hotel_images (hotel_id, image_url, alt_text, sort_order) VALUES (135, 'https://daydreamhub.com/wp-content/uploads/2025/04/84181-293443-NzpLWq-iUuXUCnokrrxPnHZezJZ6-Fkl7daEA4zhFDU-67a2860995b34.webp', 'Empire Stay Limited / Stunning One Bedroom Duplex Apartment In Heart of Jewellery Quarter - Image 8', 7);
INSERT INTO hotel_images (hotel_id, image_url, alt_text, sort_order) VALUES (135, 'https://daydreamhub.com/wp-content/uploads/2025/04/84181-293443-iqzhYGifwYcMjyJsGOZ7JwchO-6PCAYrdsCFZpyHWHI-67a284a468b66.webp', 'Empire Stay Limited / Stunning One Bedroom Duplex Apartment In Heart of Jewellery Quarter - Image 9', 8);
INSERT INTO hotel_images (hotel_id, image_url, alt_text, sort_order) VALUES (135, 'https://daydreamhub.com/wp-content/uploads/2025/04/84181-293443-NGcCmQznY5Huj5Z5xzxx1W1Wlxx0XanGTaiK4KJMX78-67a284e348af0.webp', 'Empire Stay Limited / Stunning One Bedroom Duplex Apartment In Heart of Jewellery Quarter - Image 10', 9);
INSERT INTO hotels (id, name, slug, description, city, country, address, rating, thumbnail_url, categories, amenities, property_type, is_active) VALUES (136, 'Empire Stay Limited / Luxury Apt on Broad Street', 'empire-stay-limited-luxury-apt-on-broad-street', '19th Floor
 Welcome to our luxurious 2-bedroom apartment in the prestigious Bank Tower on Broad Street. Centrally located, this spacious retreat offers easy access to Birmingham’s top restaurants, nightlife, and attractions. Situated close to the top floor, it boasts breath-taking city views. Elegantly designed, it features a generous living area, modern kitchen, and two comfortable bedrooms. Experience the best of Birmingham from this exquisite apartment.', 'Birmingham', 'UK', '', 0, 'https://daydreamhub.com/wp-content/uploads/2025/04/84181-293553-nzEWNE8Y92btLaIDJsV90n6XCDbPasSx4biYAQh7IQE-66bef65723854.webp', '["daycation","personal_time"]', '["Elevator in Building","Laundry Service","Luggage Storage","Bathtub","Coffee maker","Desk/Workspace","Electric pot","Free Wi-Fi","Hair Dryer","Kitchen","Refrigerator","Shower","Towels","TV"]', 'Apartment', 1);
INSERT INTO plans (hotel_id, name, description, price_usd, check_in_time, check_out_time, plan_type, max_guests, is_active) VALUES (136, '[5H] Daytime(prepayment)', '', 228, '10:00', '15:00', 'daycation', 2, 1);
INSERT INTO plans (hotel_id, name, description, price_usd, check_in_time, check_out_time, plan_type, max_guests, is_active) VALUES (136, '[5H] Daytime + Airport Shuttle(prepayment)', '', 228, '10:00', '15:00', 'daycation', 2, 1);
INSERT INTO plans (hotel_id, name, description, price_usd, check_in_time, check_out_time, plan_type, max_guests, is_active) VALUES (136, '[19H] Over night(prepayment)', '', 160, '15:00', '10:00', 'overnight', 2, 1);
INSERT INTO plans (hotel_id, name, description, price_usd, check_in_time, check_out_time, plan_type, max_guests, is_active) VALUES (136, '[10H] Over night + Airport Shuttle(prepayment)', '', 388, '22:00', '8:00', 'overnight', 2, 1);
INSERT INTO hotel_images (hotel_id, image_url, alt_text, sort_order) VALUES (136, 'https://daydreamhub.com/wp-content/uploads/2025/04/84181-293553-nzEWNE8Y92btLaIDJsV90n6XCDbPasSx4biYAQh7IQE-66bef65723854.webp', 'Empire Stay Limited / Luxury Apt on Broad Street - Image 1', 0);
INSERT INTO hotel_images (hotel_id, image_url, alt_text, sort_order) VALUES (136, 'https://daydreamhub.com/wp-content/uploads/2025/04/84181-293553-4dXAYT169VHTZ-vH1gfo5g82Xcnn6GP60pVjA-1CgaY-66bef65533f51.webp', 'Empire Stay Limited / Luxury Apt on Broad Street - Image 2', 1);
INSERT INTO hotel_images (hotel_id, image_url, alt_text, sort_order) VALUES (136, 'https://daydreamhub.com/wp-content/uploads/2025/04/84181-293553-cTHvCRh9DktqpbCSL1lcPuuEARoUOfH9zC-ByaAkgKE-66b991533118c.webp', 'Empire Stay Limited / Luxury Apt on Broad Street - Image 3', 2);
INSERT INTO hotel_images (hotel_id, image_url, alt_text, sort_order) VALUES (136, 'https://daydreamhub.com/wp-content/uploads/2025/04/84181-293553-amgb8y9OCOpigqFwV8wIlH0seF4kYJdi8Un9YIpjQ1A-66c184803e2ff.webp', 'Empire Stay Limited / Luxury Apt on Broad Street - Image 4', 3);
INSERT INTO hotel_images (hotel_id, image_url, alt_text, sort_order) VALUES (136, 'https://daydreamhub.com/wp-content/uploads/2025/04/84181-293553-WzV1ezGm2QUQDuG7LxKFN1Z8wGu4yp-A1aRedr-PSYs-66c1847f0c58a.webp', 'Empire Stay Limited / Luxury Apt on Broad Street - Image 5', 4);
INSERT INTO hotel_images (hotel_id, image_url, alt_text, sort_order) VALUES (136, 'https://daydreamhub.com/wp-content/uploads/2025/04/84181-293553-WmdZhSDJi0rvLxHppA1yd-nTy22kREKH49HDcLcCz14-66b4090110bee.webp', 'Empire Stay Limited / Luxury Apt on Broad Street - Image 6', 5);
INSERT INTO hotel_images (hotel_id, image_url, alt_text, sort_order) VALUES (136, 'https://daydreamhub.com/wp-content/uploads/2025/04/84181-293553-kVWEVdP-irMJqgBPKZAxmgwFJvTNTWsdi5qAMdBkuiw-66b9914d44f50.webp', 'Empire Stay Limited / Luxury Apt on Broad Street - Image 7', 6);
INSERT INTO hotel_images (hotel_id, image_url, alt_text, sort_order) VALUES (136, 'https://daydreamhub.com/wp-content/uploads/2025/04/84181-293553-l2bkonHBemQhp3Uc39IL-1mrluLf-VjboF-qNGGto-k-66b408fe446f0.webp', 'Empire Stay Limited / Luxury Apt on Broad Street - Image 8', 7);
INSERT INTO hotel_images (hotel_id, image_url, alt_text, sort_order) VALUES (136, 'https://daydreamhub.com/wp-content/uploads/2025/04/84181-293553-fgRJlzMhoUAyjqBycPjeOl5y-KckfwA5O9qrHgNQZ2c-66bef64e39fe6.webp', 'Empire Stay Limited / Luxury Apt on Broad Street - Image 9', 8);
INSERT INTO hotel_images (hotel_id, image_url, alt_text, sort_order) VALUES (136, 'https://daydreamhub.com/wp-content/uploads/2025/04/84181-293553-a4DgwdrDyGQl8vLqc-NNUupvoA30Wl0t7WxbAh8BOTA-66c184825954c.webp', 'Empire Stay Limited / Luxury Apt on Broad Street - Image 10', 9);
INSERT INTO hotels (id, name, slug, description, city, country, address, rating, thumbnail_url, categories, amenities, property_type, is_active) VALUES (137, 'Empire Stay Limited / Brand New 1 Bed Apt burton On Trent', 'empire-stay-limited-brand-new-1-bed-apt-burton-on-trent', 'The Maltings is a stunning Grade II listed building centrally located within the close proximity of Burton On Trent’s town centre.', 'Birmingham', 'UK', '', 0, 'https://daydreamhub.com/wp-content/uploads/2025/04/スクリーンショット-2025-04-21-022221.jpg', '["daycation","for_couple"]', '["Laundry Service","Bathtub","Coffee maker","Desk/Workspace","Electric pot","Free Wi-Fi","Hair Dryer","Kitchen","Refrigerator","Shower","Towels","TV"]', 'Apartment', 1);
INSERT INTO plans (hotel_id, name, description, price_usd, check_in_time, check_out_time, plan_type, max_guests, is_active) VALUES (137, '[5H] Daytime(prepayment)', '', 228, '10:00', '15:00', 'daycation', 2, 1);
INSERT INTO plans (hotel_id, name, description, price_usd, check_in_time, check_out_time, plan_type, max_guests, is_active) VALUES (137, '[5H] Daytime + Airport Shuttle(prepayment)', '', 228, '10:00', '15:00', 'daycation', 2, 1);
INSERT INTO plans (hotel_id, name, description, price_usd, check_in_time, check_out_time, plan_type, max_guests, is_active) VALUES (137, '[19H] Over night(prepayment)', '', 160, '15:00', '10:00', 'overnight', 2, 1);
INSERT INTO plans (hotel_id, name, description, price_usd, check_in_time, check_out_time, plan_type, max_guests, is_active) VALUES (137, '[10H] Over night + Airport Shuttle(prepayment)', '', 388, '22:00', '8:00', 'overnight', 2, 1);
INSERT INTO hotel_images (hotel_id, image_url, alt_text, sort_order) VALUES (137, 'https://daydreamhub.com/wp-content/uploads/2025/04/スクリーンショット-2025-04-21-022221.jpg', 'Empire Stay Limited / Brand New 1 Bed Apt burton On Trent - Image 1', 0);
INSERT INTO hotel_images (hotel_id, image_url, alt_text, sort_order) VALUES (137, 'https://daydreamhub.com/wp-content/uploads/2025/04/スクリーンショット-2025-04-21-022233.jpg', 'Empire Stay Limited / Brand New 1 Bed Apt burton On Trent - Image 2', 1);
INSERT INTO hotel_images (hotel_id, image_url, alt_text, sort_order) VALUES (137, 'https://daydreamhub.com/wp-content/uploads/2025/04/スクリーンショット-2025-04-21-022211.jpg', 'Empire Stay Limited / Brand New 1 Bed Apt burton On Trent - Image 3', 2);
INSERT INTO hotels (id, name, slug, description, city, country, address, rating, thumbnail_url, categories, amenities, property_type, is_active) VALUES (138, 'Empire Stay Limited / Unique One Bedroom Apartment in Birmingham City Centre', 'empire-stay-limited-unique-one-bedroom-apartment-in-birmingham-city-centre', 'Situated on a high floor, the apartment offers breath-taking views of Birmingham’s skyline.', 'Birmingham', 'UK', '', 0, 'https://daydreamhub.com/wp-content/uploads/2025/04/スクリーンショット-2025-04-20-034614.jpg', '["daycation","for_couple"]', '["Laundry Service","Bathtub","Coffee maker","Desk/Workspace","Electric pot","Free Wi-Fi","Hair Dryer","Kitchen","Refrigerator","Shower","Towels","TV"]', 'Apartment', 1);
INSERT INTO plans (hotel_id, name, description, price_usd, check_in_time, check_out_time, plan_type, max_guests, is_active) VALUES (138, '[5H] Daytime(prepayment)', '', 228, '10:00', '15:00', 'daycation', 2, 1);
INSERT INTO plans (hotel_id, name, description, price_usd, check_in_time, check_out_time, plan_type, max_guests, is_active) VALUES (138, '[5H] Daytime + Airport Shuttle(prepayment)', '', 228, '10:00', '15:00', 'daycation', 2, 1);
INSERT INTO plans (hotel_id, name, description, price_usd, check_in_time, check_out_time, plan_type, max_guests, is_active) VALUES (138, '[19H] Over night(prepayment)', '', 160, '15:00', '10:00', 'overnight', 2, 1);
INSERT INTO plans (hotel_id, name, description, price_usd, check_in_time, check_out_time, plan_type, max_guests, is_active) VALUES (138, '[10H] Over night + Airport Shuttle(prepayment)', '', 388, '22:00', '8:00', 'overnight', 2, 1);
INSERT INTO hotel_images (hotel_id, image_url, alt_text, sort_order) VALUES (138, 'https://daydreamhub.com/wp-content/uploads/2025/04/スクリーンショット-2025-04-20-034614.jpg', 'Empire Stay Limited / Unique One Bedroom Apartment in Birmingham City Centre - Image 1', 0);
INSERT INTO hotel_images (hotel_id, image_url, alt_text, sort_order) VALUES (138, 'https://daydreamhub.com/wp-content/uploads/2025/04/スクリーンショット-2025-04-20-034602.jpg', 'Empire Stay Limited / Unique One Bedroom Apartment in Birmingham City Centre - Image 2', 1);
INSERT INTO hotel_images (hotel_id, image_url, alt_text, sort_order) VALUES (138, 'https://daydreamhub.com/wp-content/uploads/2025/04/スクリーンショット-2025-04-20-034527.jpg', 'Empire Stay Limited / Unique One Bedroom Apartment in Birmingham City Centre - Image 3', 2);
INSERT INTO hotels (id, name, slug, description, city, country, address, rating, thumbnail_url, categories, amenities, property_type, is_active) VALUES (139, 'Empire Stay Limited / 1 Bedroom Apartment Birmingham City Centre', 'empire-stay-limited-1-bedroom-apartment-birmingham-city-centre', '8 minute walk from the Bullring shopping centre / New street station. This luxurious modern and large 1 bed apartment is located in a trendy part of the city. The apartment is fully equipped to a high standard qualities including a smart tv for those special movies nights!', 'Birmingham', 'UK', '', 0, 'https://daydreamhub.com/wp-content/uploads/2025/04/84181-293439-ohYqBShEx2UrA7plpu8jVRXk809QGFO00-rTP1ROGts-67a2818594471.webp', '["daycation","for_couple"]', '["Laundry Service","Bathtub","Coffee maker","Desk/Workspace","Electric pot","Free Wi-Fi","Hair Dryer","Kitchen","Refrigerator","Shower","Towels","TV"]', 'Apartment', 1);
INSERT INTO plans (hotel_id, name, description, price_usd, check_in_time, check_out_time, plan_type, max_guests, is_active) VALUES (139, '[5H] Daytime(prepayment)', '', 228, '10:00', '15:00', 'daycation', 2, 1);
INSERT INTO plans (hotel_id, name, description, price_usd, check_in_time, check_out_time, plan_type, max_guests, is_active) VALUES (139, '[5H] Daytime + Airport Shuttle(prepayment)', '', 228, '10:00', '15:00', 'daycation', 2, 1);
INSERT INTO plans (hotel_id, name, description, price_usd, check_in_time, check_out_time, plan_type, max_guests, is_active) VALUES (139, '[19H] Over night(prepayment)', '', 160, '15:00', '10:00', 'overnight', 2, 1);
INSERT INTO hotel_images (hotel_id, image_url, alt_text, sort_order) VALUES (139, 'https://daydreamhub.com/wp-content/uploads/2025/04/84181-293439-ohYqBShEx2UrA7plpu8jVRXk809QGFO00-rTP1ROGts-67a2818594471.webp', 'Empire Stay Limited / 1 Bedroom Apartment Birmingham City Centre - Image 1', 0);
INSERT INTO hotel_images (hotel_id, image_url, alt_text, sort_order) VALUES (139, 'https://daydreamhub.com/wp-content/uploads/2025/04/84181-293439-J1wucNL6-6FbVyIw-C1Aol9JdZ-2ZPneYcRO7OLGYoU-67a281a44db8c.webp', 'Empire Stay Limited / 1 Bedroom Apartment Birmingham City Centre - Image 2', 1);
INSERT INTO hotel_images (hotel_id, image_url, alt_text, sort_order) VALUES (139, 'https://daydreamhub.com/wp-content/uploads/2025/04/84181-293439-354IhzQlIfeNkTQJI28y-xvjl4xo4cUHGm7HeSIH81Y-67a282214860b.webp', 'Empire Stay Limited / 1 Bedroom Apartment Birmingham City Centre - Image 3', 2);
INSERT INTO hotel_images (hotel_id, image_url, alt_text, sort_order) VALUES (139, 'https://daydreamhub.com/wp-content/uploads/2025/04/84181-293439-6PLU47HimfikhVFGVRRZ88uP5rtoswqe3S8kWv4rgNc-67a281df14a2f.webp', 'Empire Stay Limited / 1 Bedroom Apartment Birmingham City Centre - Image 4', 3);
INSERT INTO hotel_images (hotel_id, image_url, alt_text, sort_order) VALUES (139, 'https://daydreamhub.com/wp-content/uploads/2025/04/84181-293439-9nSi49PCS0meRFhgX97AycYsOpzdHfQnT5Is2ml-SbQ-67a281d06b9c5.webp', 'Empire Stay Limited / 1 Bedroom Apartment Birmingham City Centre - Image 5', 4);
INSERT INTO hotel_images (hotel_id, image_url, alt_text, sort_order) VALUES (139, 'https://daydreamhub.com/wp-content/uploads/2025/04/84181-293439-5aWuvPyucXu89owdx64OF9mim6kdfkKj5bzFW2ro-jw-67a281c1c993c.webp', 'Empire Stay Limited / 1 Bedroom Apartment Birmingham City Centre - Image 6', 5);
INSERT INTO hotel_images (hotel_id, image_url, alt_text, sort_order) VALUES (139, 'https://daydreamhub.com/wp-content/uploads/2025/04/84181-293439-CdNLy0jPkbeK8YWXPEbGHpg1pCUuBOt6iGAB5Invzw4-67a28195196b4.webp', 'Empire Stay Limited / 1 Bedroom Apartment Birmingham City Centre - Image 7', 6);
INSERT INTO hotel_images (hotel_id, image_url, alt_text, sort_order) VALUES (139, 'https://daydreamhub.com/wp-content/uploads/2025/04/84181-293439-q1dQknTVfPLY902rMwD8IY3IMj5-jRBUhOvXAHyjdM-66b416f578ed8.webp', 'Empire Stay Limited / 1 Bedroom Apartment Birmingham City Centre - Image 8', 7);
INSERT INTO hotels (id, name, slug, description, city, country, address, rating, thumbnail_url, categories, amenities, property_type, is_active) VALUES (140, 'Empire Stay Limited / Stylish 2 Bed Apartment Burton on Trent', 'empire-stay-limited-stylish-2-bed-apartment-burton-on-trent', 'The Maltings is a stunning Grade II listed building centrally located within the close proximity of Burton On Trent’s town centre. With a rich history and an abundance of character, the building benefits from having many original features, including original beams and exposed brick work throughout.

A stunning glass roof atrium allowing light to cascade down to filter from the top floor to the lower levels, houses a selection of trees and plants to fill this truly impressive space a further element to help secure this development as one of the places to be in Burton upon Trent.

Empire are offering a two bedroom apartment that is fully furnished throughout, for guests to enjoy on a short term basis.

Residents will be conveniently located a 10-minute walk into Burton Town Centre and perfectly positioned next to the River Trent to make full use of Burton’s outstanding natural beauty.', 'Birmingham', 'UK', '', 0, 'https://daydreamhub.com/wp-content/uploads/2025/04/84181-293444-gyexkoohq0i-LUHSZfuqP23TD-rdkpRg6HgMG4Jm8t8-66b996be3983a.webp', '["daycation","for_couple"]', '["Laundry Service","Coffee maker","Desk/Workspace","Electric pot","Free Wi-Fi","Hair Dryer","Kitchen","Refrigerator","Shower","Towels","TV"]', 'Apartment', 1);
INSERT INTO plans (hotel_id, name, description, price_usd, check_in_time, check_out_time, plan_type, max_guests, is_active) VALUES (140, '[5H] Daytime(prepayment)', '', 228, '10:00', '15:00', 'daycation', 2, 1);
INSERT INTO plans (hotel_id, name, description, price_usd, check_in_time, check_out_time, plan_type, max_guests, is_active) VALUES (140, '[5H] Daytime + Airport Shuttle(prepayment)', '', 228, '10:00', '15:00', 'daycation', 2, 1);
INSERT INTO plans (hotel_id, name, description, price_usd, check_in_time, check_out_time, plan_type, max_guests, is_active) VALUES (140, '[19H] Over night(prepayment)', '', 160, '15:00', '10:00', 'overnight', 2, 1);
INSERT INTO hotel_images (hotel_id, image_url, alt_text, sort_order) VALUES (140, 'https://daydreamhub.com/wp-content/uploads/2025/04/84181-293444-gyexkoohq0i-LUHSZfuqP23TD-rdkpRg6HgMG4Jm8t8-66b996be3983a.webp', 'Empire Stay Limited / Stylish 2 Bed Apartment Burton on Trent - Image 1', 0);
INSERT INTO hotel_images (hotel_id, image_url, alt_text, sort_order) VALUES (140, 'https://daydreamhub.com/wp-content/uploads/2025/04/84181-293444-0qmzjTMIRz9M-WYgJgwLawW47E-UYdZ-BpAXyh2zF54-66bef964cc146.webp', 'Empire Stay Limited / Stylish 2 Bed Apartment Burton on Trent - Image 2', 1);
INSERT INTO hotel_images (hotel_id, image_url, alt_text, sort_order) VALUES (140, 'https://daydreamhub.com/wp-content/uploads/2025/04/84181-293444-3sRuaR0A5dHxTlDvjceV9c-O98NqZ08rK9rDAuEHjdM-66b996c4b0c83.webp', 'Empire Stay Limited / Stylish 2 Bed Apartment Burton on Trent - Image 3', 2);
INSERT INTO hotel_images (hotel_id, image_url, alt_text, sort_order) VALUES (140, 'https://daydreamhub.com/wp-content/uploads/2025/04/84181-293444-J297GZU1A9uXJF-a19JBjXZV944236mXSLm9LsfZqss-66b996b8aed37.webp', 'Empire Stay Limited / Stylish 2 Bed Apartment Burton on Trent - Image 4', 3);
INSERT INTO hotel_images (hotel_id, image_url, alt_text, sort_order) VALUES (140, 'https://daydreamhub.com/wp-content/uploads/2025/04/84181-293444-EgwvPINoiXDecsOLfINp6CB6X9LQUdbi1CvTBZ3ArdY-66b996c203513.webp', 'Empire Stay Limited / Stylish 2 Bed Apartment Burton on Trent - Image 5', 4);
INSERT INTO hotel_images (hotel_id, image_url, alt_text, sort_order) VALUES (140, 'https://daydreamhub.com/wp-content/uploads/2025/04/84181-293444-9cDJPbYcXgQElGbgeidpPqY4sXO6F-2kVXV5QOnUYmI-66bef96352672.webp', 'Empire Stay Limited / Stylish 2 Bed Apartment Burton on Trent - Image 6', 5);
INSERT INTO hotel_images (hotel_id, image_url, alt_text, sort_order) VALUES (140, 'https://daydreamhub.com/wp-content/uploads/2025/04/84181-293444-MuWYKVyI8i4Ba381HblZVeLDNNX9OUQVlVyLB3wAw58-66b996c0eb965.webp', 'Empire Stay Limited / Stylish 2 Bed Apartment Burton on Trent - Image 7', 6);
INSERT INTO hotel_images (hotel_id, image_url, alt_text, sort_order) VALUES (140, 'https://daydreamhub.com/wp-content/uploads/2025/04/84181-293444-CbFFmjF6MWsqglvmOyq-0XViuQ1XHI-nrAb3NjFyMKI-66b996b2a3956.webp', 'Empire Stay Limited / Stylish 2 Bed Apartment Burton on Trent - Image 8', 7);
INSERT INTO hotel_images (hotel_id, image_url, alt_text, sort_order) VALUES (140, 'https://daydreamhub.com/wp-content/uploads/2025/04/84181-293444-2199EygtUHtFJx8jXW0sJiWsDhBgE3zt3zSafnnrrwM-66bef96772db6.webp', 'Empire Stay Limited / Stylish 2 Bed Apartment Burton on Trent - Image 9', 8);
INSERT INTO hotels (id, name, slug, description, city, country, address, rating, thumbnail_url, categories, amenities, property_type, is_active) VALUES (141, 'Empire Stay Limited / Cost One Bedroom Digbeth Apartment', 'empire-stay-limited-cost-one-bedroom-digbeth-apartment', 'Welcome to our charming 1-bedroom apartment in vibrant Digbeth, Birmingham! Perfect for solo travellers or couples, this cosy space offers modern amenities and a convenient location for exploring the city’s cultural scene. Enjoy easy access to cafes, galleries, and nightlife, all within walking distance.', 'Birmingham', 'UK', '', 0, 'https://daydreamhub.com/wp-content/uploads/2025/04/84181-293445-LtWMWcR-Z0GrcRIzRX3Z90ofDG1-mOTfhx-OTFG2eG4-66b416a4366b9.webp', '["daycation","for_couple"]', '["Laundry Service","Luggage Storage","Air Conditioner (Cooling)","Air Conditioner (Heating)","Bathtub","Coffee maker","Desk/Workspace","Electric pot","Free Wi-Fi","Hair Dryer","Kitchen","Refrigerator","Shampoo","Shower","Towels","TV"]', 'Apartment', 1);
INSERT INTO plans (hotel_id, name, description, price_usd, check_in_time, check_out_time, plan_type, max_guests, is_active) VALUES (141, '[5H] Daytime(prepayment)', '', 228, '10:00', '15:00', 'daycation', 2, 1);
INSERT INTO plans (hotel_id, name, description, price_usd, check_in_time, check_out_time, plan_type, max_guests, is_active) VALUES (141, '[5H] Daytime + Airport Shuttle(prepayment)', '', 228, '10:00', '15:00', 'daycation', 2, 1);
INSERT INTO plans (hotel_id, name, description, price_usd, check_in_time, check_out_time, plan_type, max_guests, is_active) VALUES (141, '[19H] Over night(prepayment)', '', 160, '15:00', '10:00', 'overnight', 2, 1);
INSERT INTO hotel_images (hotel_id, image_url, alt_text, sort_order) VALUES (141, 'https://daydreamhub.com/wp-content/uploads/2025/04/84181-293445-LtWMWcR-Z0GrcRIzRX3Z90ofDG1-mOTfhx-OTFG2eG4-66b416a4366b9.webp', 'Empire Stay Limited / Cost One Bedroom Digbeth Apartment - Image 1', 0);
INSERT INTO hotel_images (hotel_id, image_url, alt_text, sort_order) VALUES (141, 'https://daydreamhub.com/wp-content/uploads/2025/04/84181-293445-ncRKwp3B-zneY8aG1F9q-MblMK6kV95luCPP4j-o-66b416a2257ec.webp', 'Empire Stay Limited / Cost One Bedroom Digbeth Apartment - Image 2', 1);
INSERT INTO hotel_images (hotel_id, image_url, alt_text, sort_order) VALUES (141, 'https://daydreamhub.com/wp-content/uploads/2025/04/84181-293445-wjFsn-doAcR38l3zpzHFOQlbVFGzARPrZ2t8SNZGyik-66b4169f036a5.webp', 'Empire Stay Limited / Cost One Bedroom Digbeth Apartment - Image 3', 2);
INSERT INTO hotel_images (hotel_id, image_url, alt_text, sort_order) VALUES (141, 'https://daydreamhub.com/wp-content/uploads/2025/04/84181-293445-AP-bSYW6DO-oWezO-IIcp8o2ktEvMGJ8rSm-0AVsUCI-66b996ac25a99.webp', 'Empire Stay Limited / Cost One Bedroom Digbeth Apartment - Image 4', 3);
INSERT INTO hotel_images (hotel_id, image_url, alt_text, sort_order) VALUES (141, 'https://daydreamhub.com/wp-content/uploads/2025/04/84181-293445-JE6rLfxPFQiw-DNwY6h1eyAa2d1xAV8bs3nCDoCuBQQ-66b996a84d48d.webp', 'Empire Stay Limited / Cost One Bedroom Digbeth Apartment - Image 5', 4);
INSERT INTO hotel_images (hotel_id, image_url, alt_text, sort_order) VALUES (141, 'https://daydreamhub.com/wp-content/uploads/2025/04/84181-293445-omteQFXUnLMjfVrlfJWw8rKZOVEnJ4G6b0RMDme4iWI-66b996a982441.webp', 'Empire Stay Limited / Cost One Bedroom Digbeth Apartment - Image 6', 5);
INSERT INTO hotel_images (hotel_id, image_url, alt_text, sort_order) VALUES (141, 'https://daydreamhub.com/wp-content/uploads/2025/04/84181-293445-8lKVztgyFpCklgWhORhD60XAXoXCkr7z-mlx6Hiu3E4-66b4169768ab2.webp', 'Empire Stay Limited / Cost One Bedroom Digbeth Apartment - Image 7', 6);
INSERT INTO hotel_images (hotel_id, image_url, alt_text, sort_order) VALUES (141, 'https://daydreamhub.com/wp-content/uploads/2025/04/84181-293445-8kvY-o5xcgANSrzMnUauDZkiDScaWM5X7Z1h8ZBVwi8-66c4e4359b854.webp', 'Empire Stay Limited / Cost One Bedroom Digbeth Apartment - Image 8', 7);
INSERT INTO hotel_images (hotel_id, image_url, alt_text, sort_order) VALUES (141, 'https://daydreamhub.com/wp-content/uploads/2025/04/84181-293445-qduGqsW4QJv5-HywZ-RuTiNrhvSXbShdSIuzNlw9l4-66b416940774d.webp', 'Empire Stay Limited / Cost One Bedroom Digbeth Apartment - Image 9', 8);
INSERT INTO hotel_images (hotel_id, image_url, alt_text, sort_order) VALUES (141, 'https://daydreamhub.com/wp-content/uploads/2025/04/84181-293445-YFZmG8-7f2IkICPLn4y3o-ZEPLp5jDjSdSxh3qac7x4-66b996a4a3cd9.webp', 'Empire Stay Limited / Cost One Bedroom Digbeth Apartment - Image 10', 9);
INSERT INTO hotels (id, name, slug, description, city, country, address, rating, thumbnail_url, categories, amenities, property_type, is_active) VALUES (142, 'Empire Stay Limited / Urban Digbeth One bedroom Apartment', 'empire-stay-limited-urban-digbeth-one-bedroom-apartment', 'Perfect for solo travellers or couples, this cosy space offers modern amenities and a convenient location for exploring the city’s cultural scene.', 'Birmingham', 'UK', '', 0, 'https://daydreamhub.com/wp-content/uploads/2025/04/スクリーンショット-2025-04-19-033515.jpg', '["daycation","for_couple"]', '["Laundry Service","Air Conditioner (Cooling)","Air Conditioner (Heating)","Bathtub","Coffee maker","Desk/Workspace","Electric pot","Free Wi-Fi","Hair Dryer","Kitchen","Refrigerator","Shower","TEL","TV"]', 'Apartment', 1);
INSERT INTO plans (hotel_id, name, description, price_usd, check_in_time, check_out_time, plan_type, max_guests, is_active) VALUES (142, '[5H] Daytime(prepayment)', '', 228, '10:00', '15:00', 'daycation', 2, 1);
INSERT INTO plans (hotel_id, name, description, price_usd, check_in_time, check_out_time, plan_type, max_guests, is_active) VALUES (142, '[5H] Daytime + Airport Shuttle(prepayment)', '', 228, '10:00', '15:00', 'daycation', 2, 1);
INSERT INTO plans (hotel_id, name, description, price_usd, check_in_time, check_out_time, plan_type, max_guests, is_active) VALUES (142, '[10H] Overnight(prepayment)', '', 160, '22:00', '8:00', 'overnight', 2, 1);
INSERT INTO plans (hotel_id, name, description, price_usd, check_in_time, check_out_time, plan_type, max_guests, is_active) VALUES (142, '[19H] Overnight + Airport Shuttle(prepayment)', '', 388, '15:00', '10:00', 'overnight', 2, 1);
INSERT INTO hotel_images (hotel_id, image_url, alt_text, sort_order) VALUES (142, 'https://daydreamhub.com/wp-content/uploads/2025/04/スクリーンショット-2025-04-19-033515.jpg', 'Empire Stay Limited / Urban Digbeth One bedroom Apartment - Image 1', 0);
INSERT INTO hotel_images (hotel_id, image_url, alt_text, sort_order) VALUES (142, 'https://daydreamhub.com/wp-content/uploads/2025/04/スクリーンショット-2025-04-19-033532.jpg', 'Empire Stay Limited / Urban Digbeth One bedroom Apartment - Image 2', 1);
INSERT INTO hotel_images (hotel_id, image_url, alt_text, sort_order) VALUES (142, 'https://daydreamhub.com/wp-content/uploads/2025/04/スクリーンショット-2025-04-19-033445.jpg', 'Empire Stay Limited / Urban Digbeth One bedroom Apartment - Image 3', 2);
INSERT INTO hotels (id, name, slug, description, city, country, address, rating, thumbnail_url, categories, amenities, property_type, is_active) VALUES (143, 'Empire Stay Limited / Luxury Royal Retreat', 'empire-stay-limited-luxury-royal-retreat', 'Indulge in luxury at our Rolex-themed 1-bedroom apartment. Immerse yourself in elegance with tasteful décor inspired by timeless craftsmanship. Relax in style and sophistication, surrounded by plush amenities and exquisite details.', 'Birmingham', 'UK', '', 0, 'https://daydreamhub.com/wp-content/uploads/2025/04/84181-293451-G9ToelzV9vQRoCQVCuogRLkuvTYBVVpIJ-nhxrqG7Oc-66b41645144d0.webp', '["daycation","for_couple"]', '["Coffee maker","Desk/Workspace","Electric pot","Free Wi-Fi","Hair Dryer","Kitchen","Refrigerator","Shower","Towels","TV"]', 'Apartment', 1);
INSERT INTO plans (hotel_id, name, description, price_usd, check_in_time, check_out_time, plan_type, max_guests, is_active) VALUES (143, '[5H] Daytime(prepayment)', '', 228, '10:00', '15:00', 'daycation', 2, 1);
INSERT INTO plans (hotel_id, name, description, price_usd, check_in_time, check_out_time, plan_type, max_guests, is_active) VALUES (143, '[5H] Daytime + Airport Shuttle(prepayment)', '', 228, '10:00', '15:00', 'daycation', 2, 1);
INSERT INTO plans (hotel_id, name, description, price_usd, check_in_time, check_out_time, plan_type, max_guests, is_active) VALUES (143, '[19H] Over night(prepayment)', '', 160, '15:00', '10:00', 'overnight', 2, 1);
INSERT INTO hotel_images (hotel_id, image_url, alt_text, sort_order) VALUES (143, 'https://daydreamhub.com/wp-content/uploads/2025/04/84181-293451-G9ToelzV9vQRoCQVCuogRLkuvTYBVVpIJ-nhxrqG7Oc-66b41645144d0.webp', 'Empire Stay Limited / Luxury Royal Retreat - Image 1', 0);
INSERT INTO hotel_images (hotel_id, image_url, alt_text, sort_order) VALUES (143, 'https://daydreamhub.com/wp-content/uploads/2025/04/84181-293451-WeoysGfPT52dvMYb9HVFCFGat-rOMrweY0-GtuJMows-66b41630cb6b4.webp', 'Empire Stay Limited / Luxury Royal Retreat - Image 2', 1);
INSERT INTO hotel_images (hotel_id, image_url, alt_text, sort_order) VALUES (143, 'https://daydreamhub.com/wp-content/uploads/2025/04/84181-293451-JHQGkDKk4IvWfrfvRrSWUvXPenekVhhkl1F48GyqBg-66b4162da10c6.webp', 'Empire Stay Limited / Luxury Royal Retreat - Image 3', 2);
INSERT INTO hotel_images (hotel_id, image_url, alt_text, sort_order) VALUES (143, 'https://daydreamhub.com/wp-content/uploads/2025/04/84181-293451-opuDIHzC4YPsTm4qVaII-s7CfAkO5kYUg31J31IHKdY-66b416295f692.webp', 'Empire Stay Limited / Luxury Royal Retreat - Image 4', 3);
INSERT INTO hotel_images (hotel_id, image_url, alt_text, sort_order) VALUES (143, 'https://daydreamhub.com/wp-content/uploads/2025/04/84181-293451-lQiKGzB9PgDmuooM6q6wI-OHp-Fe5hrEasRk-Jdway4-66b416137ecdc.webp', 'Empire Stay Limited / Luxury Royal Retreat - Image 5', 4);
INSERT INTO hotel_images (hotel_id, image_url, alt_text, sort_order) VALUES (143, 'https://daydreamhub.com/wp-content/uploads/2025/04/84181-293451-wQkiQKmLlJrGmNvxPyKh8piMR-0NaXnhfLiQ39F4xMg-66b9967f0a50f.webp', 'Empire Stay Limited / Luxury Royal Retreat - Image 6', 5);
INSERT INTO hotels (id, name, slug, description, city, country, address, rating, thumbnail_url, categories, amenities, property_type, is_active) VALUES (144, 'Empire Stay Limited / Digebth Luxury Apartment', 'empire-stay-limited-digebth-luxury-apartment', 'Welcome to our charming 1-bedroom apartment in vibrant Digbeth, Birmingham! This cosy space offers modern amenities and a convenient location for exploring the city’s cultural scene. Enjoy easy access to cafes, galleries, and nightlife, all within walking distance. Book your stay now for a memorable urban getaway!', 'Birmingham', 'UK', '', 0, 'https://daydreamhub.com/wp-content/uploads/2025/04/84181-293459-nUNrU640cu-NXqQk0MsAKbxK1nqtnphLoXYR5Xcm6A-66b24a006ba2c.webp', '["daycation","for_couple"]', '["Laundry Service","Air Conditioner (Cooling)","Air Conditioner (Heating)","Bathtub","Coffee maker","Desk/Workspace","Electric pot","Free Wi-Fi","Hair Dryer","Kitchen","Refrigerator","Shower","TEL","TV"]', 'Apartment', 1);
INSERT INTO plans (hotel_id, name, description, price_usd, check_in_time, check_out_time, plan_type, max_guests, is_active) VALUES (144, '[5H] Daytime(prepayment)', '', 228, '10:00', '15:00', 'daycation', 2, 1);
INSERT INTO plans (hotel_id, name, description, price_usd, check_in_time, check_out_time, plan_type, max_guests, is_active) VALUES (144, '[5H] Daytime + Airport Shuttle(prepayment)', '', 228, '10:00', '15:00', 'daycation', 2, 1);
INSERT INTO plans (hotel_id, name, description, price_usd, check_in_time, check_out_time, plan_type, max_guests, is_active) VALUES (144, '[19H] Over night(prepayment)', '', 160, '15:00', '10:00', 'overnight', 2, 1);
INSERT INTO hotel_images (hotel_id, image_url, alt_text, sort_order) VALUES (144, 'https://daydreamhub.com/wp-content/uploads/2025/04/84181-293459-nUNrU640cu-NXqQk0MsAKbxK1nqtnphLoXYR5Xcm6A-66b24a006ba2c.webp', 'Empire Stay Limited / Digebth Luxury Apartment - Image 1', 0);
INSERT INTO hotel_images (hotel_id, image_url, alt_text, sort_order) VALUES (144, 'https://daydreamhub.com/wp-content/uploads/2025/04/84181-293459-tW1Te2b6vM9VRvgXSdn-hDc2G-LZRR-9rb03-5BN0G8-66b249bb9d130.webp', 'Empire Stay Limited / Digebth Luxury Apartment - Image 2', 1);
INSERT INTO hotel_images (hotel_id, image_url, alt_text, sort_order) VALUES (144, 'https://daydreamhub.com/wp-content/uploads/2025/04/84181-293459-g0lwDSr-uwI4ykGNmgL-Hn5P6ukFD-TmgOdpspU0CjQ-66b24a1a89eac.webp', 'Empire Stay Limited / Digebth Luxury Apartment - Image 3', 2);
INSERT INTO hotel_images (hotel_id, image_url, alt_text, sort_order) VALUES (144, 'https://daydreamhub.com/wp-content/uploads/2025/04/84181-293459-W-asy1no3D5hkR8TnzkhKRBrGsfacIj8fC1an-jd8H0-.webp', 'Empire Stay Limited / Digebth Luxury Apartment - Image 4', 3);
INSERT INTO hotel_images (hotel_id, image_url, alt_text, sort_order) VALUES (144, 'https://daydreamhub.com/wp-content/uploads/2025/04/84181-293459-6LOdb-LjJDXjrOeGipHIMv9CDEsADV2WT7y3d4FXH8M-66b24a243921e.webp', 'Empire Stay Limited / Digebth Luxury Apartment - Image 5', 4);
INSERT INTO hotels (id, name, slug, description, city, country, address, rating, thumbnail_url, categories, amenities, property_type, is_active) VALUES (145, 'Holiday Inn Ulaanbaatar / Standard King Room', 'holiday-inn-ulaanbaatar-standard-king-room', '※The Morning Plan is not available for same-day reservations.
 Bookings must be made by 6:00 PM on the previous day.
 ————————————————
 Holiday Inn Ulaanbaatar is ideally located in the Chingeltei district in Ulaanbaatar, 984 feet from Ulaanbaatar Opera House and 15 minutes’ walk from Chinggis Khaan Square.

National Museum of Mongolian History is 0.7 mi from Holiday Inn Ulaanbaatar, while Sukhbaatar Square is 0.7 mi from the property. Chinggis Khaan International Airport is less than 20 minutes’ drive away and all the fascinating sights of the city are also within easy walking distance from the hotel such as the Government House,

Holiday Inn Ulaanbaatar features purpose built meeting rooms and a spacious ballroom for large events.', 'Ulaanbaatar', 'Mongolia', '', 0, 'https://daydreamhub.com/wp-content/uploads/2025/07/245756952-5.jpg', '["daycation","early_check-in","for_couple","for_work","personal_time","transit_use"]', '["ATM","Bar / Restaurant","Currency Exchange","Elevator in Building","Fax","Gym","Laundry Service","Luggage Storage","Massage","Parking on Premises","Sauna","Wheelchair Accessible","Air Conditioner (Cooling)","Air Conditioner (Heating)","Bathtub","Desk/Workspace","Free Wi-Fi","Refrigerator","Shampoo","Shower","TEL","Toothbrush","Towels","TV"]', 'Hotel', 1);
INSERT INTO plans (hotel_id, name, description, price_usd, check_in_time, check_out_time, plan_type, max_guests, is_active) VALUES (145, '【6H】Morning(prepayment)', '', 120, '6:00', '12:00', 'daycation', 2, 1);
INSERT INTO plans (hotel_id, name, description, price_usd, check_in_time, check_out_time, plan_type, max_guests, is_active) VALUES (145, '【10H】Daytime (prepayment)', '', 145, '10:00', '20:00', 'daycation', 2, 1);
INSERT INTO plans (hotel_id, name, description, price_usd, check_in_time, check_out_time, plan_type, max_guests, is_active) VALUES (145, '【22H】Overnight(prepayment)', '', 200, '14:00', '12:00', 'overnight', 2, 1);
INSERT INTO hotel_images (hotel_id, image_url, alt_text, sort_order) VALUES (145, 'https://daydreamhub.com/wp-content/uploads/2025/07/245756952-5.jpg', 'Holiday Inn Ulaanbaatar / Standard King Room - Image 1', 0);
INSERT INTO hotel_images (hotel_id, image_url, alt_text, sort_order) VALUES (145, 'https://daydreamhub.com/wp-content/uploads/2025/07/245756574-5.jpg', 'Holiday Inn Ulaanbaatar / Standard King Room - Image 2', 1);
INSERT INTO hotel_images (hotel_id, image_url, alt_text, sort_order) VALUES (145, 'https://daydreamhub.com/wp-content/uploads/2025/07/245756673-5.jpg', 'Holiday Inn Ulaanbaatar / Standard King Room - Image 3', 2);
INSERT INTO hotel_images (hotel_id, image_url, alt_text, sort_order) VALUES (145, 'https://daydreamhub.com/wp-content/uploads/2025/07/245806581-5.jpg', 'Holiday Inn Ulaanbaatar / Standard King Room - Image 4', 3);
INSERT INTO hotel_images (hotel_id, image_url, alt_text, sort_order) VALUES (145, 'https://daydreamhub.com/wp-content/uploads/2025/07/245756903-4.jpg', 'Holiday Inn Ulaanbaatar / Standard King Room - Image 5', 4);
INSERT INTO hotels (id, name, slug, description, city, country, address, rating, thumbnail_url, categories, amenities, property_type, is_active) VALUES (146, 'THE ELEMENTS HOTEL / King Room', 'the-elements-hotel-king-room', 'THE ELEMENTS HOTEL features a fitness center, garden, a terrace and restaurant in Tashkent. The property provides room service, an ATM and currency exchange for guests.

The hotel will provide guests with air-conditioned rooms offering a desk, an electric tea pot, a fridge, a safety deposit box, a flat-screen TV and a private bathroom with a shower. Guest rooms include a closet.', 'Tashkent', 'Uzbekistan', '', 0, 'https://daydreamhub.com/wp-content/uploads/2025/04/461755936.webp', '["daycation","for_couple"]', '["Bar / Restaurant","Elevator in Building","Gym","Laundry Service","Massage","Parking on Premises","Pool","Wheelchair Accessible","Air Conditioner (Cooling)","Air Conditioner (Heating)","Coffee maker","Desk/Workspace","Electric pot","Free Wi-Fi","Hair Dryer","Refrigerator","Shower","TEL","Towels","TV"]', 'Hotel', 1);
INSERT INTO plans (hotel_id, name, description, price_usd, check_in_time, check_out_time, plan_type, max_guests, is_active) VALUES (146, '【6H】Morning(prepayment)', '', 33, '6:00', '12:00', 'daycation', 2, 1);
INSERT INTO plans (hotel_id, name, description, price_usd, check_in_time, check_out_time, plan_type, max_guests, is_active) VALUES (146, '【10H】Daytime (prepayment)', '', 38, '10:00', '20:00', 'daycation', 2, 1);
INSERT INTO plans (hotel_id, name, description, price_usd, check_in_time, check_out_time, plan_type, max_guests, is_active) VALUES (146, '【28H】Overnight(prepayment)', '', 66, '8:00', '12:00', 'overnight', 2, 1);
INSERT INTO hotel_images (hotel_id, image_url, alt_text, sort_order) VALUES (146, 'https://daydreamhub.com/wp-content/uploads/2025/04/461755936.webp', 'THE ELEMENTS HOTEL / King Room - Image 1', 0);
INSERT INTO hotel_images (hotel_id, image_url, alt_text, sort_order) VALUES (146, 'https://daydreamhub.com/wp-content/uploads/2025/04/461756400.webp', 'THE ELEMENTS HOTEL / King Room - Image 2', 1);
INSERT INTO hotel_images (hotel_id, image_url, alt_text, sort_order) VALUES (146, 'https://daydreamhub.com/wp-content/uploads/2025/04/463425004.webp', 'THE ELEMENTS HOTEL / King Room - Image 3', 2);
INSERT INTO hotel_images (hotel_id, image_url, alt_text, sort_order) VALUES (146, 'https://daydreamhub.com/wp-content/uploads/2025/04/461756500.webp', 'THE ELEMENTS HOTEL / King Room - Image 4', 3);
INSERT INTO hotel_images (hotel_id, image_url, alt_text, sort_order) VALUES (146, 'https://daydreamhub.com/wp-content/uploads/2025/04/461772360.jpg', 'THE ELEMENTS HOTEL / King Room - Image 5', 4);
INSERT INTO hotel_images (hotel_id, image_url, alt_text, sort_order) VALUES (146, 'https://daydreamhub.com/wp-content/uploads/2025/04/461772302.jpg', 'THE ELEMENTS HOTEL / King Room - Image 6', 5);
INSERT INTO hotel_images (hotel_id, image_url, alt_text, sort_order) VALUES (146, 'https://daydreamhub.com/wp-content/uploads/2025/04/461767157.jpg', 'THE ELEMENTS HOTEL / King Room - Image 7', 6);
INSERT INTO hotel_images (hotel_id, image_url, alt_text, sort_order) VALUES (146, 'https://daydreamhub.com/wp-content/uploads/2025/04/461781523.jpg', 'THE ELEMENTS HOTEL / King Room - Image 8', 7);
INSERT INTO hotel_images (hotel_id, image_url, alt_text, sort_order) VALUES (146, 'https://daydreamhub.com/wp-content/uploads/2025/04/461764881.jpg', 'THE ELEMENTS HOTEL / King Room - Image 9', 8);
INSERT INTO hotel_images (hotel_id, image_url, alt_text, sort_order) VALUES (146, 'https://daydreamhub.com/wp-content/uploads/2025/04/461766485.jpg', 'THE ELEMENTS HOTEL / King Room - Image 10', 9);
INSERT INTO hotel_images (hotel_id, image_url, alt_text, sort_order) VALUES (146, 'https://daydreamhub.com/wp-content/uploads/2025/04/461768884.jpg', 'THE ELEMENTS HOTEL / King Room - Image 11', 10);
INSERT INTO hotel_images (hotel_id, image_url, alt_text, sort_order) VALUES (146, 'https://daydreamhub.com/wp-content/uploads/2025/04/461769579.jpg', 'THE ELEMENTS HOTEL / King Room - Image 12', 11);
INSERT INTO hotel_images (hotel_id, image_url, alt_text, sort_order) VALUES (146, 'https://daydreamhub.com/wp-content/uploads/2025/04/461769773.jpg', 'THE ELEMENTS HOTEL / King Room - Image 13', 12);
INSERT INTO hotel_images (hotel_id, image_url, alt_text, sort_order) VALUES (146, 'https://daydreamhub.com/wp-content/uploads/2025/04/461768196.jpg', 'THE ELEMENTS HOTEL / King Room - Image 14', 13);
INSERT INTO hotel_images (hotel_id, image_url, alt_text, sort_order) VALUES (146, 'https://daydreamhub.com/wp-content/uploads/2025/04/461770435.jpg', 'THE ELEMENTS HOTEL / King Room - Image 15', 14);
INSERT INTO hotels (id, name, slug, description, city, country, address, rating, thumbnail_url, categories, amenities, property_type, is_active) VALUES (147, 'City View Hotel & Restaurant / Budget Double Room', 'city-view-hotel-restaurant-budget-double-room', 'Located in Lahore, 18 miles from Wagah Border, City View Hotel & Restaurant features views of the city. Featuring a terrace, the 3-star hotel has air-conditioned rooms with free WiFi, each with a private bathroom. There is free private parking and the property provides paid airport shuttle service.', 'Lahore', 'Pakistan', '', 0, 'https://daydreamhub.com/wp-content/uploads/2025/04/203806908.jpg', '["early_check-in","for_couple"]', '["Elevator in Building","Laundry Service","Luggage Storage","Parking on Premises","Wheelchair Accessible","Air Conditioner (Cooling)","Air Conditioner (Heating)","Free Wi-Fi","Hair Dryer","Refrigerator","Shampoo","Shower","TEL","Towels","TV"]', 'Hotel', 1);
INSERT INTO plans (hotel_id, name, description, price_usd, check_in_time, check_out_time, plan_type, max_guests, is_active) VALUES (147, 'One Night Stay(prepayment)', '', 23, '12:00', '12:00', 'overnight', 2, 1);
INSERT INTO plans (hotel_id, name, description, price_usd, check_in_time, check_out_time, plan_type, max_guests, is_active) VALUES (147, 'Dayuse(prepayment)', '', 23, '9:00', '17:00', 'early_check-in', 2, 1);
INSERT INTO hotel_images (hotel_id, image_url, alt_text, sort_order) VALUES (147, 'https://daydreamhub.com/wp-content/uploads/2025/04/203806908.jpg', 'City View Hotel & Restaurant / Budget Double Room - Image 1', 0);
INSERT INTO hotel_images (hotel_id, image_url, alt_text, sort_order) VALUES (147, 'https://daydreamhub.com/wp-content/uploads/2025/04/203823013.jpg', 'City View Hotel & Restaurant / Budget Double Room - Image 2', 1);
INSERT INTO hotel_images (hotel_id, image_url, alt_text, sort_order) VALUES (147, 'https://daydreamhub.com/wp-content/uploads/2025/05/IMG_5577.jpeg', 'City View Hotel & Restaurant / Budget Double Room - Image 3', 2);
INSERT INTO hotel_images (hotel_id, image_url, alt_text, sort_order) VALUES (147, 'https://daydreamhub.com/wp-content/uploads/2025/05/EA35352F-4A60-4B78-94F4-2029E07C3088.jpeg', 'City View Hotel & Restaurant / Budget Double Room - Image 4', 3);
INSERT INTO hotel_images (hotel_id, image_url, alt_text, sort_order) VALUES (147, 'https://daydreamhub.com/wp-content/uploads/2025/05/44201281-0b13-46b5-8ddb-6abda55efce6.jpeg', 'City View Hotel & Restaurant / Budget Double Room - Image 5', 4);
INSERT INTO hotel_images (hotel_id, image_url, alt_text, sort_order) VALUES (147, 'https://daydreamhub.com/wp-content/uploads/2025/05/IMG_9673.jpeg', 'City View Hotel & Restaurant / Budget Double Room - Image 6', 5);
INSERT INTO hotel_images (hotel_id, image_url, alt_text, sort_order) VALUES (147, 'https://daydreamhub.com/wp-content/uploads/2025/05/IMG_5627.jpeg', 'City View Hotel & Restaurant / Budget Double Room - Image 7', 6);
INSERT INTO hotel_images (hotel_id, image_url, alt_text, sort_order) VALUES (147, 'https://daydreamhub.com/wp-content/uploads/2025/04/203812352.jpg', 'City View Hotel & Restaurant / Budget Double Room - Image 8', 7);
INSERT INTO hotel_images (hotel_id, image_url, alt_text, sort_order) VALUES (147, 'https://daydreamhub.com/wp-content/uploads/2025/04/203808402.jpg', 'City View Hotel & Restaurant / Budget Double Room - Image 9', 8);
INSERT INTO hotel_images (hotel_id, image_url, alt_text, sort_order) VALUES (147, 'https://daydreamhub.com/wp-content/uploads/2025/05/b697d703-5230-4719-b3c1-5173ae76cf03.jpeg', 'City View Hotel & Restaurant / Budget Double Room - Image 10', 9);
INSERT INTO hotel_images (hotel_id, image_url, alt_text, sort_order) VALUES (147, 'https://daydreamhub.com/wp-content/uploads/2025/04/203811943.jpg', 'City View Hotel & Restaurant / Budget Double Room - Image 11', 10);
INSERT INTO hotel_images (hotel_id, image_url, alt_text, sort_order) VALUES (147, 'https://daydreamhub.com/wp-content/uploads/2025/05/IMG_5625.jpeg', 'City View Hotel & Restaurant / Budget Double Room - Image 12', 11);
INSERT INTO hotel_images (hotel_id, image_url, alt_text, sort_order) VALUES (147, 'https://daydreamhub.com/wp-content/uploads/2025/05/IMG_5594.jpeg', 'City View Hotel & Restaurant / Budget Double Room - Image 13', 12);
INSERT INTO hotels (id, name, slug, description, city, country, address, rating, thumbnail_url, categories, amenities, property_type, is_active) VALUES (148, 'Hotel & Spa Savarin / Junior Suite / Double use', 'hotel-spa-savarin-junior-suite-double-use', 'This suite is located on the top floor, guests on this floor have access to a buffet with complimentary drinks and snacks. The suite is equipped with a seating area and a bathroom with bubble bath.
 The hotel includes an indoor swimming pool, a gym and benefits from spa facilities including a hammam, spa bath and solarium. The Rijswijkse Golfclub is less than a 5-minute drive away.
 This elegant room features Duxiana beds, flat-screen TV and a mini-bar. The luxurious bathroom is fitted with a bath and rainshower, a bathrobe, slippers and free toiletries are provided. The floors and mirrors in the bathroom are both heated.', 'Rijswijk', 'Netherlands', '', 0, 'https://daydreamhub.com/wp-content/uploads/2025/04/junior-suite.jpg', '["daycation","early_check-in","for_couple","for_work","luxury","personal_time"]', '["Bar / Restaurant","Elevator in Building","Gym","Laundry Service","Luggage Storage","Massage","Parking on Premises","Pool","Sauna","Wheelchair Accessible","Air Conditioner (Cooling)","Air Conditioner (Heating)","Bathtub","Coffee maker","Desk/Workspace","Electric pot","Free Wi-Fi","Hair Dryer","Night wear","Refrigerator","Scanner / Printer","Shampoo","Shower","TEL","Toothbrush","Towels","TV"]', 'Hotel', 1);
INSERT INTO plans (hotel_id, name, description, price_usd, check_in_time, check_out_time, plan_type, max_guests, is_active) VALUES (148, 'Day use with Early Check In(prepayment)', '', 240, '9:00', '16:00', 'daycation', 2, 1);
INSERT INTO plans (hotel_id, name, description, price_usd, check_in_time, check_out_time, plan_type, max_guests, is_active) VALUES (148, 'Regular Day use(prepayment)', '', 212, '11:00', '16:00', 'daycation', 2, 1);
INSERT INTO plans (hotel_id, name, description, price_usd, check_in_time, check_out_time, plan_type, max_guests, is_active) VALUES (148, 'Overnight excl. breakfast incl. spa access(prepayment)', '', 310, '15:00', '11:00', 'overnight', 2, 1);
INSERT INTO hotel_images (hotel_id, image_url, alt_text, sort_order) VALUES (148, 'https://daydreamhub.com/wp-content/uploads/2025/04/junior-suite.jpg', 'Hotel & Spa Savarin / Junior Suite / Double use - Image 1', 0);
INSERT INTO hotel_images (hotel_id, image_url, alt_text, sort_order) VALUES (148, 'https://daydreamhub.com/wp-content/uploads/2025/04/koffie-thee-minibar-faciliteiten-op-elke-kamer.jpg', 'Hotel & Spa Savarin / Junior Suite / Double use - Image 2', 1);
INSERT INTO hotel_images (hotel_id, image_url, alt_text, sort_order) VALUES (148, 'https://daydreamhub.com/wp-content/uploads/2025/04/MariekeZelissePhotography-1.jpg', 'Hotel & Spa Savarin / Junior Suite / Double use - Image 3', 2);
INSERT INTO hotel_images (hotel_id, image_url, alt_text, sort_order) VALUES (148, 'https://daydreamhub.com/wp-content/uploads/2025/04/MariekeZelissePhotography-8-2.jpg', 'Hotel & Spa Savarin / Junior Suite / Double use - Image 4', 3);
INSERT INTO hotel_images (hotel_id, image_url, alt_text, sort_order) VALUES (148, 'https://daydreamhub.com/wp-content/uploads/2025/04/MariekeZelissePhotography-14.jpg', 'Hotel & Spa Savarin / Junior Suite / Double use - Image 5', 4);
INSERT INTO hotel_images (hotel_id, image_url, alt_text, sort_order) VALUES (148, 'https://daydreamhub.com/wp-content/uploads/2025/04/MariekeZelissePhotography-19-3.jpg', 'Hotel & Spa Savarin / Junior Suite / Double use - Image 6', 5);
INSERT INTO hotel_images (hotel_id, image_url, alt_text, sort_order) VALUES (148, 'https://daydreamhub.com/wp-content/uploads/2025/04/MariekeZelissePhotography-19.jpg', 'Hotel & Spa Savarin / Junior Suite / Double use - Image 7', 6);
INSERT INTO hotels (id, name, slug, description, city, country, address, rating, thumbnail_url, categories, amenities, property_type, is_active) VALUES (149, 'Семейный номер с балконом', '%d1%81%d0%b5%d0%bc%d0%b5%d0%b9%d0%bd%d1%8b%d0%b9-%d0%bd%d0%be%d0%bc%d0%b5%d1%80-%d1%81-%d0%b1%d0%b0%d0%bb%d0%ba%d0%be%d0%bd%d0%be%d0%bc', 'ZAAL Hotel in Samarkand features accommodations, a garden, and a terrace. The bed and breakfast provides pool views, a year-round outdoor pool, a 24-hour front desk, and free Wifi is available throughout the property.', 'Samarkand', 'Uzbekistan', '', 3, 'https://daydreamhub.com/wp-content/uploads/2025/04/сем.jpg', '["early_check-in"]', '["Laundry Service","Parking on Premises","Pool","Air Conditioner (Cooling)","Air Conditioner (Heating)","Desk/Workspace","Free Wi-Fi","Hair Dryer","Shampoo","Shower","Toothbrush","TV"]', 'Hotel', 1);
INSERT INTO plans (hotel_id, name, description, price_usd, check_in_time, check_out_time, plan_type, max_guests, is_active) VALUES (149, 'check in 14:00(prepayment)', '', 38, '14:00', '11:00', 'early_check-in', 2, 1);
INSERT INTO hotel_images (hotel_id, image_url, alt_text, sort_order) VALUES (149, 'https://daydreamhub.com/wp-content/uploads/2025/04/сем.jpg', 'Семейный номер с балконом - Image 1', 0);
INSERT INTO hotel_images (hotel_id, image_url, alt_text, sort_order) VALUES (149, 'https://daydreamhub.com/wp-content/uploads/2025/04/D_M08012_resized.jpg', 'Семейный номер с балконом - Image 2', 1);
INSERT INTO hotels (id, name, slug, description, city, country, address, rating, thumbnail_url, categories, amenities, property_type, is_active) VALUES (150, 'Emerald hotel & Suites / Standard Room W King Bed', 'emerald-hotel-suites-standard-king-bed', 'Emerald Hotel & Suites Calgary Airport is offering accommodations in Calgary. The 2-star hotel has air-conditioned rooms with a private bathroom and free WiFi. The property is non-smoking throughout and is located 5.5 miles from Calgary Telus Convention Center.', 'Calgary', 'Canada', '', 0, 'https://daydreamhub.com/wp-content/uploads/2025/03/352091463.jpg', '["early_check-in"]', '["Elevator in Building","Laundry Service","Luggage Storage","Parking on Premises","Vending machine","Air Conditioner (Cooling)","Air Conditioner (Heating)","Bathtub","Coffee maker","Desk/Workspace","Free Wi-Fi","Hair Dryer","Refrigerator","Shampoo","Shower","Toothbrush","Towels","TV"]', 'Hotel', 1);
INSERT INTO plans (hotel_id, name, description, price_usd, check_in_time, check_out_time, plan_type, max_guests, is_active) VALUES (150, '【6H】Daytime(prepayment)', '', 60, '10:00', '16:00', 'early_check-in', 2, 1);
INSERT INTO hotel_images (hotel_id, image_url, alt_text, sort_order) VALUES (150, 'https://daydreamhub.com/wp-content/uploads/2025/03/352091463.jpg', 'Emerald hotel & Suites / Standard Room W King Bed - Image 1', 0);
INSERT INTO hotel_images (hotel_id, image_url, alt_text, sort_order) VALUES (150, 'https://daydreamhub.com/wp-content/uploads/2025/04/amenities-5.jpg', 'Emerald hotel & Suites / Standard Room W King Bed - Image 2', 1);
INSERT INTO hotel_images (hotel_id, image_url, alt_text, sort_order) VALUES (150, 'https://daydreamhub.com/wp-content/uploads/2025/04/room-1.jpg', 'Emerald hotel & Suites / Standard Room W King Bed - Image 3', 2);
INSERT INTO hotel_images (hotel_id, image_url, alt_text, sort_order) VALUES (150, 'https://daydreamhub.com/wp-content/uploads/2025/04/room-3.jpg', 'Emerald hotel & Suites / Standard Room W King Bed - Image 4', 3);
INSERT INTO hotel_images (hotel_id, image_url, alt_text, sort_order) VALUES (150, 'https://daydreamhub.com/wp-content/uploads/2025/04/OK1.jpg', 'Emerald hotel & Suites / Standard Room W King Bed - Image 5', 4);
INSERT INTO hotel_images (hotel_id, image_url, alt_text, sort_order) VALUES (150, 'https://daydreamhub.com/wp-content/uploads/2025/04/amenities-3.jpg', 'Emerald hotel & Suites / Standard Room W King Bed - Image 6', 5);
INSERT INTO hotels (id, name, slug, description, city, country, address, rating, thumbnail_url, categories, amenities, property_type, is_active) VALUES (151, 'The Hills Inn Eagle Rock Near Old Town Pasadena / King Room or 2 Beds', 'the-hills-inn-eagle-rock-near-old-town-pasadena-king-room', 'A comfortable Non Smoking guestroom with a Cal King Bed for your upcoming trip to Los Angeles, California. The room is equipped with a refrigerator, microwave, hair dryer, electronic safe, iron, and ironing board.
 Stay connected with our high-speed Wi-Fi and get your job done on the go in the workspace that includes a study desk and ergonomic chair.
 Watch your favorite show or enjoy a movie on the flat-screen TV. You will find complimentary coffee, tea, and toiletries in your accommodation. For your convenience, these rooms are available on the first floor and second floor.', 'California City', 'USA', '', 3, 'https://daydreamhub.com/wp-content/uploads/2025/03/589610142.jpg', '["early_check-in","for_couple","personal_time","transit_use"]', '["Coin laundry","Elevator in Building","Fax","Laundry Service","Parking on Premises","Pool","Vending machine","Wheelchair Accessible","Air Conditioner (Cooling)","Air Conditioner (Heating)","Bathtub","Coffee maker","Desk/Workspace","Free Wi-Fi","Hair Dryer","Refrigerator","Shampoo","Shower","TEL","Towels","TV"]', 'Hotel', 1);
INSERT INTO plans (hotel_id, name, description, price_usd, check_in_time, check_out_time, plan_type, max_guests, is_active) VALUES (151, '【6H】Early Check In(prepayment)', '', 116, '10:00', '18:00', 'early_check-in', 2, 1);
INSERT INTO plans (hotel_id, name, description, price_usd, check_in_time, check_out_time, plan_type, max_guests, is_active) VALUES (151, '【6H】Afternoon(prepayment)', '', 116, '13:00', '19:00', 'early_check-in', 2, 1);
INSERT INTO plans (hotel_id, name, description, price_usd, check_in_time, check_out_time, plan_type, max_guests, is_active) VALUES (151, '【8H】Evening(prepayment)', '', 128, '14:00', '22:00', 'early_check-in', 2, 1);
INSERT INTO hotel_images (hotel_id, image_url, alt_text, sort_order) VALUES (151, 'https://daydreamhub.com/wp-content/uploads/2025/03/589610142.jpg', 'The Hills Inn Eagle Rock Near Old Town Pasadena / King Room or 2 Beds - Image 1', 0);
INSERT INTO hotel_images (hotel_id, image_url, alt_text, sort_order) VALUES (151, 'https://daydreamhub.com/wp-content/uploads/2025/03/596697169.jpg', 'The Hills Inn Eagle Rock Near Old Town Pasadena / King Room or 2 Beds - Image 2', 1);
INSERT INTO hotel_images (hotel_id, image_url, alt_text, sort_order) VALUES (151, 'https://daydreamhub.com/wp-content/uploads/2025/03/589610141.jpg', 'The Hills Inn Eagle Rock Near Old Town Pasadena / King Room or 2 Beds - Image 3', 2);
INSERT INTO hotel_images (hotel_id, image_url, alt_text, sort_order) VALUES (151, 'https://daydreamhub.com/wp-content/uploads/2025/03/589612938.jpg', 'The Hills Inn Eagle Rock Near Old Town Pasadena / King Room or 2 Beds - Image 4', 3);
INSERT INTO hotel_images (hotel_id, image_url, alt_text, sort_order) VALUES (151, 'https://daydreamhub.com/wp-content/uploads/2025/03/662712563.jpg', 'The Hills Inn Eagle Rock Near Old Town Pasadena / King Room or 2 Beds - Image 5', 4);
INSERT INTO hotel_images (hotel_id, image_url, alt_text, sort_order) VALUES (151, 'https://daydreamhub.com/wp-content/uploads/2025/03/266457796.jpg', 'The Hills Inn Eagle Rock Near Old Town Pasadena / King Room or 2 Beds - Image 6', 5);
INSERT INTO hotels (id, name, slug, description, city, country, address, rating, thumbnail_url, categories, amenities, property_type, is_active) VALUES (152, 'YOU & CO. Quart Boutique / Double Room', 'you-co-quart-boutique-double-room', 'Located in Valencia and with Church of Saint Nicolás reachable within a 10-minute walk, YOU & CO. Quart Boutique has concierge services, non-smoking rooms, a restaurant, free WiFi throughout the property and a bar. This 3-star hotel offers a tour desk and luggage storage space. Private parking can be arranged at an extra charge.', 'Valencia', 'Spain', '', 0, 'https://daydreamhub.com/wp-content/uploads/2025/03/235645982.webp', '["early_check-in","for_couple"]', '["Bar / Restaurant","Elevator in Building","Laundry Service","Luggage Storage","Parking on Premises","Vending machine","Air Conditioner (Cooling)","Air Conditioner (Heating)","Desk/Workspace","Electric pot","Free Wi-Fi","Hair Dryer","Refrigerator","Shower","Towels","TV"]', 'Hotel', 1);
INSERT INTO plans (hotel_id, name, description, price_usd, check_in_time, check_out_time, plan_type, max_guests, is_active) VALUES (152, '【6H】Early Check In(prepayment)', '', 94, '6:00', '12:00', 'early_check-in', 2, 1);
INSERT INTO plans (hotel_id, name, description, price_usd, check_in_time, check_out_time, plan_type, max_guests, is_active) VALUES (152, '【10H】Airport Shuttle(prepayment)', '', 122, '10:00', '20:00', 'early_check-in', 2, 1);
INSERT INTO plans (hotel_id, name, description, price_usd, check_in_time, check_out_time, plan_type, max_guests, is_active) VALUES (152, '【28H】Overnight(prepayment)', '', 190, '8:00', '12:00', 'overnight', 2, 1);
INSERT INTO hotel_images (hotel_id, image_url, alt_text, sort_order) VALUES (152, 'https://daydreamhub.com/wp-content/uploads/2025/03/235645982.webp', 'YOU & CO. Quart Boutique / Double Room - Image 1', 0);
INSERT INTO hotel_images (hotel_id, image_url, alt_text, sort_order) VALUES (152, 'https://daydreamhub.com/wp-content/uploads/2025/03/235645992.webp', 'YOU & CO. Quart Boutique / Double Room - Image 2', 1);
INSERT INTO hotel_images (hotel_id, image_url, alt_text, sort_order) VALUES (152, 'https://daydreamhub.com/wp-content/uploads/2025/03/235645998.webp', 'YOU & CO. Quart Boutique / Double Room - Image 3', 2);
INSERT INTO hotel_images (hotel_id, image_url, alt_text, sort_order) VALUES (152, 'https://daydreamhub.com/wp-content/uploads/2025/03/203822878.jpg', 'YOU & CO. Quart Boutique / Double Room - Image 4', 3);
INSERT INTO hotel_images (hotel_id, image_url, alt_text, sort_order) VALUES (152, 'https://daydreamhub.com/wp-content/uploads/2025/03/203822901.jpg', 'YOU & CO. Quart Boutique / Double Room - Image 5', 4);
INSERT INTO hotel_images (hotel_id, image_url, alt_text, sort_order) VALUES (152, 'https://daydreamhub.com/wp-content/uploads/2025/03/203822893.jpg', 'YOU & CO. Quart Boutique / Double Room - Image 6', 5);
INSERT INTO hotels (id, name, slug, description, city, country, address, rating, thumbnail_url, categories, amenities, property_type, is_active) VALUES (153, 'Emerald hotel & Suites / Standard Room W Double Bed', 'emerald-hotel-suites-standard-double', 'Emerald Hotel & Suites Calgary Airport is offering accommodations in Calgary. The 2-star hotel has air-conditioned rooms with a private bathroom and free WiFi. The property is non-smoking throughout and is located 5.5 miles from Calgary Telus Convention Center.', 'Calgary', 'Canada', '', 0, 'https://daydreamhub.com/wp-content/uploads/2025/03/352091463.jpg', '["early_check-in"]', '["Coin laundry","Elevator in Building","Laundry Service","Parking on Premises","Vending machine","Air Conditioner (Cooling)","Air Conditioner (Heating)","Bathtub","Coffee maker","Desk/Workspace","Free Wi-Fi","Hair Dryer","Refrigerator","Shampoo","Shower","Toothbrush","Towels","TV"]', 'Hotel', 1);
INSERT INTO plans (hotel_id, name, description, price_usd, check_in_time, check_out_time, plan_type, max_guests, is_active) VALUES (153, '【6H】Daytime(prepayment)', '', 60, '10:00', '16:00', 'early_check-in', 2, 1);
INSERT INTO hotel_images (hotel_id, image_url, alt_text, sort_order) VALUES (153, 'https://daydreamhub.com/wp-content/uploads/2025/03/352091463.jpg', 'Emerald hotel & Suites / Standard Room W Double Bed - Image 1', 0);
INSERT INTO hotel_images (hotel_id, image_url, alt_text, sort_order) VALUES (153, 'https://daydreamhub.com/wp-content/uploads/2025/03/352090256.jpg', 'Emerald hotel & Suites / Standard Room W Double Bed - Image 2', 1);
INSERT INTO hotel_images (hotel_id, image_url, alt_text, sort_order) VALUES (153, 'https://daydreamhub.com/wp-content/uploads/2025/03/352090373.jpg', 'Emerald hotel & Suites / Standard Room W Double Bed - Image 3', 2);
INSERT INTO hotel_images (hotel_id, image_url, alt_text, sort_order) VALUES (153, 'https://daydreamhub.com/wp-content/uploads/2025/03/325058491.jpg', 'Emerald hotel & Suites / Standard Room W Double Bed - Image 4', 3);
INSERT INTO hotel_images (hotel_id, image_url, alt_text, sort_order) VALUES (153, 'https://daydreamhub.com/wp-content/uploads/2025/03/325058053.jpg', 'Emerald hotel & Suites / Standard Room W Double Bed - Image 5', 4);
INSERT INTO hotel_images (hotel_id, image_url, alt_text, sort_order) VALUES (153, 'https://daydreamhub.com/wp-content/uploads/2025/03/352091539.jpg', 'Emerald hotel & Suites / Standard Room W Double Bed - Image 6', 5);
INSERT INTO hotels (id, name, slug, description, city, country, address, rating, thumbnail_url, categories, amenities, property_type, is_active) VALUES (154, 'Super 8 by Wyndham Baltimore/Essex Area / Queen Room – Disability Access', 'super-8-by-wyndham-baltimore-essex-area-queen-room-disability-access', 'Essential Facilities: Guests enjoy free WiFi, a elevator, 24-hour front desk, housekeeping service, and free on-site parking. Additional amenities include a work desk, microwave, and shower.
 Prime Location: Located 9.3 mi from the Korean War Memorial and Clifton Park, 9.9 mi from Fell\’s Point and Historic Ships in Baltimore, and 11 mi from Johns Hopkins University. Baltimore Penn Station is 11 mi away.
 The double room includes a private bathroom fitted with a bath, a shower and a hairdryer. The double room features a safe deposit box and heating. The unit has 1 bed.', 'Essex', 'USA', '', 3, 'https://daydreamhub.com/wp-content/uploads/2025/03/55152829.webp', '["early_check-in","for_couple"]', '["Coin laundry","Elevator in Building","Parking on Premises","Vending machine","Wheelchair Accessible","Air Conditioner (Cooling)","Air Conditioner (Heating)","Bathtub","Desk/Workspace","Free Wi-Fi","Hair Dryer","Refrigerator","Shampoo","Shower","Toothbrush","Towels","TV"]', 'Apartment', 1);
INSERT INTO plans (hotel_id, name, description, price_usd, check_in_time, check_out_time, plan_type, max_guests, is_active) VALUES (154, '【20H 】Early Check In(prepayment)', '', 85, '15:00', '11:00', 'early_check-in', 2, 1);
INSERT INTO plans (hotel_id, name, description, price_usd, check_in_time, check_out_time, plan_type, max_guests, is_active) VALUES (154, '【10H】Daytime (prepayment)', '', 75, '10:00', '20:00', 'early_check-in', 2, 1);
INSERT INTO plans (hotel_id, name, description, price_usd, check_in_time, check_out_time, plan_type, max_guests, is_active) VALUES (154, '【28H】Overnight(prepayment)', '', 120, '8:00', '12:00', 'overnight', 2, 1);
INSERT INTO hotel_images (hotel_id, image_url, alt_text, sort_order) VALUES (154, 'https://daydreamhub.com/wp-content/uploads/2025/03/55152829.webp', 'Super 8 by Wyndham Baltimore/Essex Area / Queen Room – Disability Access - Image 1', 0);
INSERT INTO hotel_images (hotel_id, image_url, alt_text, sort_order) VALUES (154, 'https://daydreamhub.com/wp-content/uploads/2025/03/156628746.webp', 'Super 8 by Wyndham Baltimore/Essex Area / Queen Room – Disability Access - Image 2', 1);
INSERT INTO hotel_images (hotel_id, image_url, alt_text, sort_order) VALUES (154, 'https://daydreamhub.com/wp-content/uploads/2025/03/156629005.jpg', 'Super 8 by Wyndham Baltimore/Essex Area / Queen Room – Disability Access - Image 3', 2);
INSERT INTO hotels (id, name, slug, description, city, country, address, rating, thumbnail_url, categories, amenities, property_type, is_active) VALUES (155, 'Carnarvon Lodge Kirribilli / Family Room with Private Bathroom', 'carnarvon-lodge-kirribilli-family-room-with-private-bathroom-copy-copy', 'Featuring barbecue facilities, Carnarvon Lodge Kirribilli, Sydney is situated in Sydney in the New South Wales region, 3.8 km from Circular Quay and 4.2 km from The Royal Botanic Gardens. With free WiFi, this 4-star hotel offers a shared kitchen and a shared lounge. The property is non-smoking and is located less than 1 km from Luna Park Sydney.

This air-conditioned double room features a desk, a patio, a quiet street view and a private bathroom. The unit offers 1 bed.

Short stroll to the shops, transport, parks and view of all of Sydney’s iconic landmarks!', 'Sydney', 'Australia', '', 0, 'https://daydreamhub.com/wp-content/uploads/2025/02/222609203.webp', '["for_couple","personal_time"]', '["Coin laundry","Luggage Storage","Parking on Premises","Air Conditioner (Cooling)","Air Conditioner (Heating)","Desk/Workspace","Electric pot","Free Wi-Fi","Hair Dryer","Refrigerator","Shampoo","Shower","Towels","TV"]', 'Hotel', 1);
INSERT INTO plans (hotel_id, name, description, price_usd, check_in_time, check_out_time, plan_type, max_guests, is_active) VALUES (155, '【8H】Daytime(prepayment)', '', 200, '10:00', '18:00', 'for_couple', 2, 1);
INSERT INTO plans (hotel_id, name, description, price_usd, check_in_time, check_out_time, plan_type, max_guests, is_active) VALUES (155, '【24H】Overnight(prepayment)', '', 220, '10:00', '10:00', 'overnight', 2, 1);
INSERT INTO hotel_images (hotel_id, image_url, alt_text, sort_order) VALUES (155, 'https://daydreamhub.com/wp-content/uploads/2025/02/222609203.webp', 'Carnarvon Lodge Kirribilli / Family Room with Private Bathroom - Image 1', 0);
INSERT INTO hotel_images (hotel_id, image_url, alt_text, sort_order) VALUES (155, 'https://daydreamhub.com/wp-content/uploads/2025/03/Family-1.jpg', 'Carnarvon Lodge Kirribilli / Family Room with Private Bathroom - Image 2', 1);
INSERT INTO hotel_images (hotel_id, image_url, alt_text, sort_order) VALUES (155, 'https://daydreamhub.com/wp-content/uploads/2025/03/Family-2.jpg', 'Carnarvon Lodge Kirribilli / Family Room with Private Bathroom - Image 3', 2);
INSERT INTO hotel_images (hotel_id, image_url, alt_text, sort_order) VALUES (155, 'https://daydreamhub.com/wp-content/uploads/2025/03/Family-3.jpg', 'Carnarvon Lodge Kirribilli / Family Room with Private Bathroom - Image 4', 3);
INSERT INTO hotels (id, name, slug, description, city, country, address, rating, thumbnail_url, categories, amenities, property_type, is_active) VALUES (156, 'Carnarvon Lodge Kirribilli / Queen Room with Private Bathroom', 'carnarvon-lodge-kirribilli-queen-room-with-private-bathroom-copy', 'Featuring barbecue facilities, Carnarvon Lodge Kirribilli, Sydney is situated in Sydney in the New South Wales region, 3.8 km from Circular Quay and 4.2 km from The Royal Botanic Gardens. With free WiFi, this 4-star hotel offers a shared kitchen and a shared lounge. The property is non-smoking and is located less than 1 km from Luna Park Sydney.

This air-conditioned double room features a desk, a patio, a quiet street view and a private bathroom. The unit offers 1 bed.

Short stroll to the shops, transport, parks and view of all of Sydney’s iconic landmarks!', 'Sydney', 'Australia', '', 0, 'https://daydreamhub.com/wp-content/uploads/2025/02/222609203.webp', '["for_couple","personal_time"]', '["Coin laundry","Luggage Storage","Parking on Premises","Air Conditioner (Cooling)","Air Conditioner (Heating)","Desk/Workspace","Electric pot","Free Wi-Fi","Hair Dryer","Refrigerator","Shampoo","Shower","Towels","TV"]', 'Hotel', 1);
INSERT INTO plans (hotel_id, name, description, price_usd, check_in_time, check_out_time, plan_type, max_guests, is_active) VALUES (156, '【8H】Daytime(prepayment)', '', 120, '10:00', '18:00', 'for_couple', 2, 1);
INSERT INTO plans (hotel_id, name, description, price_usd, check_in_time, check_out_time, plan_type, max_guests, is_active) VALUES (156, '【24H】Overnight(prepayment)', '', 140, '10:00', '10:00', 'overnight', 2, 1);
INSERT INTO hotel_images (hotel_id, image_url, alt_text, sort_order) VALUES (156, 'https://daydreamhub.com/wp-content/uploads/2025/02/222609203.webp', 'Carnarvon Lodge Kirribilli / Queen Room with Private Bathroom - Image 1', 0);
INSERT INTO hotel_images (hotel_id, image_url, alt_text, sort_order) VALUES (156, 'https://daydreamhub.com/wp-content/uploads/2025/03/Queen-1.jpg', 'Carnarvon Lodge Kirribilli / Queen Room with Private Bathroom - Image 2', 1);
INSERT INTO hotels (id, name, slug, description, city, country, address, rating, thumbnail_url, categories, amenities, property_type, is_active) VALUES (157, 'Tamarind Tree Hotel / Standard  Single Room', 'tamarind-tree-hotel-standard-king-room', 'Located in Nairobi, Tamarind Tree Hotel provides an outdoor heated swimming pool, fitness center and garden. Featuring a terrace, the property is located within 3.1 mi of Kenyatta International Conference Center.', 'Nairobi', 'Kenya', '', 0, 'https://daydreamhub.com/wp-content/uploads/2025/03/237230966.jpg', '["early_check-in"]', '["Air Conditioner (Cooling)","Air Conditioner (Heating)","Desk/Workspace","Free Wi-Fi","Shower","TEL","TV"]', 'Hotel', 1);
INSERT INTO plans (hotel_id, name, description, price_usd, check_in_time, check_out_time, plan_type, max_guests, is_active) VALUES (157, '【6H】Early Check In(prepayment)', '', 140, '6:00', '12:00', 'early_check-in', 2, 1);
INSERT INTO plans (hotel_id, name, description, price_usd, check_in_time, check_out_time, plan_type, max_guests, is_active) VALUES (157, '【10H】Daytime (prepayment)', '', 140, '10:00', '18:00', 'early_check-in', 2, 1);
INSERT INTO plans (hotel_id, name, description, price_usd, check_in_time, check_out_time, plan_type, max_guests, is_active) VALUES (157, '【28H】Overnight(prepayment)', '', 200, '8:00', '12:00', 'overnight', 2, 1);
INSERT INTO hotel_images (hotel_id, image_url, alt_text, sort_order) VALUES (157, 'https://daydreamhub.com/wp-content/uploads/2025/03/237230966.jpg', 'Tamarind Tree Hotel / Standard  Single Room - Image 1', 0);
INSERT INTO hotel_images (hotel_id, image_url, alt_text, sort_order) VALUES (157, 'https://daydreamhub.com/wp-content/uploads/2025/03/237230968.jpg', 'Tamarind Tree Hotel / Standard  Single Room - Image 2', 1);
INSERT INTO hotel_images (hotel_id, image_url, alt_text, sort_order) VALUES (157, 'https://daydreamhub.com/wp-content/uploads/2025/03/122109956.jpg', 'Tamarind Tree Hotel / Standard  Single Room - Image 3', 2);
INSERT INTO hotel_images (hotel_id, image_url, alt_text, sort_order) VALUES (157, 'https://daydreamhub.com/wp-content/uploads/2025/03/138130115.jpg', 'Tamarind Tree Hotel / Standard  Single Room - Image 4', 3);
INSERT INTO hotel_images (hotel_id, image_url, alt_text, sort_order) VALUES (157, 'https://daydreamhub.com/wp-content/uploads/2025/03/スクリーンショット-2025-03-16-235610.jpg', 'Tamarind Tree Hotel / Standard  Single Room - Image 5', 4);
INSERT INTO hotel_images (hotel_id, image_url, alt_text, sort_order) VALUES (157, 'https://daydreamhub.com/wp-content/uploads/2025/03/165246885.jpg', 'Tamarind Tree Hotel / Standard  Single Room - Image 6', 5);
INSERT INTO hotels (id, name, slug, description, city, country, address, rating, thumbnail_url, categories, amenities, property_type, is_active) VALUES (158, 'Wyndham Bangkok Queen Convention Centre / Studio King Room', 'wyndham-bangkok-queen-convention-centre-studio-king-room', 'At the hotel, every room includes a desk. Complete with a private bathroom equipped with free toiletries, all guest rooms at Wyndham Bangkok Queen Convention Centre have a TV and air conditioning, and certain rooms here will provide you with a seating area.', 'Bangkok', 'Thailand', '', 0, 'https://daydreamhub.com/wp-content/uploads/2025/04/สมัคร2.jpg', '["early_check-in"]', '["Massage","Sauna","Air Conditioner (Cooling)","Free Wi-Fi","Hair Dryer","Shower","Towels"]', 'Hotel', 1);
INSERT INTO plans (hotel_id, name, description, price_usd, check_in_time, check_out_time, plan_type, max_guests, is_active) VALUES (158, '【1 hour】AROMA SANCTUARY MASSAGE(prepayment)', '', 56, '10:00', '11:00', 'personal_time', 2, 1);
INSERT INTO hotel_images (hotel_id, image_url, alt_text, sort_order) VALUES (158, 'https://daydreamhub.com/wp-content/uploads/2025/04/สมัคร2.jpg', 'Wyndham Bangkok Queen Convention Centre / Studio King Room - Image 1', 0);
INSERT INTO hotels (id, name, slug, description, city, country, address, rating, thumbnail_url, categories, amenities, property_type, is_active) VALUES (159, 'Hotel & Spa Savarin / Comfort Double Room', 'hotel-spa-savarin-comfort-double-room', 'Hotel & Spa Savarin – Rijswijk, The Hague is located 1.9 mi from Rijswijk and has luxurious rooms with espresso coffee machines and 37” flat-screen TVs. It features leisure facilities and tranquil terrace overlooking a pond.
 The hotel includes an indoor swimming pool, a gym and benefits from spa facilities including a hammam, spa bath and solarium. The Rijswijkse Golfclub is less than a 5-minute drive away.
 This elegant room features Duxiana beds, flat-screen TV and a mini-bar. The luxurious bathroom is fitted with a bath or shower, a bathrobe, slippers and free toiletries are provided. The floors and mirrors in the bathroom are both heated.', 'Rijswijk', 'Netherlands', '', 0, 'https://daydreamhub.com/wp-content/uploads/2025/03/419569159.webp', '["daycation","early_check-in","for_couple","for_work","luxury","personal_time"]', '["Bar / Restaurant","Elevator in Building","Gym","Laundry Service","Luggage Storage","Massage","Parking on Premises","Pool","Sauna","Wheelchair Accessible","Air Conditioner (Cooling)","Air Conditioner (Heating)","Bathtub","Coffee maker","Desk/Workspace","Electric pot","Free Wi-Fi","Hair Dryer","Night wear","Refrigerator","Scanner / Printer","Shampoo","Shower","TEL","Toothbrush","Towels","TV"]', 'Hotel', 1);
INSERT INTO plans (hotel_id, name, description, price_usd, check_in_time, check_out_time, plan_type, max_guests, is_active) VALUES (159, 'Day use with Early Check In(prepayment)', '', 175, '9:00', '16:00', 'daycation', 2, 1);
INSERT INTO plans (hotel_id, name, description, price_usd, check_in_time, check_out_time, plan_type, max_guests, is_active) VALUES (159, 'Regular Day use(prepayment)', '', 151, '11:00', '16:00', 'daycation', 2, 1);
INSERT INTO plans (hotel_id, name, description, price_usd, check_in_time, check_out_time, plan_type, max_guests, is_active) VALUES (159, 'Overnight excl. breakfast incl. spa access(prepayment)', '', 197, '15:00', '11:00', 'overnight', 2, 1);
INSERT INTO hotel_images (hotel_id, image_url, alt_text, sort_order) VALUES (159, 'https://daydreamhub.com/wp-content/uploads/2025/03/419569159.webp', 'Hotel & Spa Savarin / Comfort Double Room - Image 1', 0);
INSERT INTO hotel_images (hotel_id, image_url, alt_text, sort_order) VALUES (159, 'https://daydreamhub.com/wp-content/uploads/2025/03/419569278.webp', 'Hotel & Spa Savarin / Comfort Double Room - Image 2', 1);
INSERT INTO hotel_images (hotel_id, image_url, alt_text, sort_order) VALUES (159, 'https://daydreamhub.com/wp-content/uploads/2025/03/419569222.webp', 'Hotel & Spa Savarin / Comfort Double Room - Image 3', 2);
INSERT INTO hotel_images (hotel_id, image_url, alt_text, sort_order) VALUES (159, 'https://daydreamhub.com/wp-content/uploads/2025/03/419569232.webp', 'Hotel & Spa Savarin / Comfort Double Room - Image 4', 3);
INSERT INTO hotel_images (hotel_id, image_url, alt_text, sort_order) VALUES (159, 'https://daydreamhub.com/wp-content/uploads/2025/03/419569246.webp', 'Hotel & Spa Savarin / Comfort Double Room - Image 5', 4);
INSERT INTO hotel_images (hotel_id, image_url, alt_text, sort_order) VALUES (159, 'https://daydreamhub.com/wp-content/uploads/2025/03/246237825.jpg', 'Hotel & Spa Savarin / Comfort Double Room - Image 6', 5);
INSERT INTO hotel_images (hotel_id, image_url, alt_text, sort_order) VALUES (159, 'https://daydreamhub.com/wp-content/uploads/2025/03/452312897.jpg', 'Hotel & Spa Savarin / Comfort Double Room - Image 7', 6);
INSERT INTO hotel_images (hotel_id, image_url, alt_text, sort_order) VALUES (159, 'https://daydreamhub.com/wp-content/uploads/2025/03/149731591.jpg', 'Hotel & Spa Savarin / Comfort Double Room - Image 8', 7);
INSERT INTO hotel_images (hotel_id, image_url, alt_text, sort_order) VALUES (159, 'https://daydreamhub.com/wp-content/uploads/2025/03/151387879.jpg', 'Hotel & Spa Savarin / Comfort Double Room - Image 9', 8);
INSERT INTO hotel_images (hotel_id, image_url, alt_text, sort_order) VALUES (159, 'https://daydreamhub.com/wp-content/uploads/2025/03/13974968.jpg', 'Hotel & Spa Savarin / Comfort Double Room - Image 10', 9);
INSERT INTO hotel_images (hotel_id, image_url, alt_text, sort_order) VALUES (159, 'https://daydreamhub.com/wp-content/uploads/2025/03/244944941.jpg', 'Hotel & Spa Savarin / Comfort Double Room - Image 11', 10);
INSERT INTO hotel_images (hotel_id, image_url, alt_text, sort_order) VALUES (159, 'https://daydreamhub.com/wp-content/uploads/2025/03/374482389.jpg', 'Hotel & Spa Savarin / Comfort Double Room - Image 12', 11);
INSERT INTO hotels (id, name, slug, description, city, country, address, rating, thumbnail_url, categories, amenities, property_type, is_active) VALUES (160, 'Asmara Urban Resort and Lifestyle Village / Deluxe King Panorama', 'asmara-urban-resort-and-lifestyle-village-deluxe-king-panorama', 'Distinctly named because of its panoramic view of the whole resort, the room provides an air of relaxed elegance and beautiful interiors, highlighting the Palmera collection of our sister furniture company (atelier-a). Its use of coconut bark highlights this room’s interpretation of tropical concepts. It was made with care to cater to our PWD and senior guests as well. This room allows them to enjoy and relax easily, surrounded by nature and the structural beauty of the Asmara Lifestyle Hotel and Asmara Urban Resort.', 'Cebu City', 'Philippines', '', 0, 'https://daydreamhub.com/wp-content/uploads/2025/02/スクリーンショット-2025-02-27-225744.jpg', '["for_couple"]', '["Bar / Restaurant","Laundry Service","Massage","Parking on Premises","Pool","Sauna","Wheelchair Accessible","Coffee maker","Desk/Workspace","Electric pot","Free Wi-Fi","Hair Dryer","Refrigerator","Shampoo","Shower","Toothbrush","Towels","TV"]', 'Hotel', 1);
INSERT INTO plans (hotel_id, name, description, price_usd, check_in_time, check_out_time, plan_type, max_guests, is_active) VALUES (160, '【5H】Early Check In(prepayment)', '', 59, '6:00', '11:00', 'for_couple', 2, 1);
INSERT INTO plans (hotel_id, name, description, price_usd, check_in_time, check_out_time, plan_type, max_guests, is_active) VALUES (160, '【10H】Daytime(prepayment)', '', 71, '10:00', '20:00', 'for_couple', 2, 1);
INSERT INTO plans (hotel_id, name, description, price_usd, check_in_time, check_out_time, plan_type, max_guests, is_active) VALUES (160, '【24H】Overnight(prepayment)', '', 118, '8:00', '8:00', 'overnight', 2, 1);
INSERT INTO hotel_images (hotel_id, image_url, alt_text, sort_order) VALUES (160, 'https://daydreamhub.com/wp-content/uploads/2025/02/スクリーンショット-2025-02-27-225744.jpg', 'Asmara Urban Resort and Lifestyle Village / Deluxe King Panorama - Image 1', 0);
INSERT INTO hotels (id, name, slug, description, city, country, address, rating, thumbnail_url, categories, amenities, property_type, is_active) VALUES (161, 'Central Inn Souq Waqif/Suite Room', 'central-inn-souq-waqif-suite-room', 'At Central Inn Souq Waqif, enjoy a rare combination of contemporary elegance and homely touch with our artistic Suite Rooms. Enjoy the rich, warm tones of modern furniture, tableware, and artwork whilst taking in the expansive views offered by every room of this homely hotel. All suites are fully equipped with a kitchenette, dining area, and seating nooks for you to relax in. The rooms have been designed with your comfort in mind, offering everything you need for a comfortable stay. Our luxury suites offer guests every comfort they could wish for.', 'Doha', 'Qatar', '', 0, 'https://daydreamhub.com/wp-content/uploads/2025/03/Entrance.copy_.jpg', '["daycation","for_couple","for_work","luxury","personal_time","transit_use"]', '["Bar / Restaurant","Elevator in Building","Gym","Laundry Service","Luggage Storage","Pool","Air Conditioner (Cooling)","Electric pot","Free Wi-Fi","Hair Dryer","Shampoo","Shower","Toothbrush","Towels","TV"]', 'Hotel', 1);
INSERT INTO plans (hotel_id, name, description, price_usd, check_in_time, check_out_time, plan_type, max_guests, is_active) VALUES (161, 'Overnight Plan(prepayment)', '', 500, '15:00', '12:00', 'overnight', 2, 1);
INSERT INTO plans (hotel_id, name, description, price_usd, check_in_time, check_out_time, plan_type, max_guests, is_active) VALUES (161, 'Day Use(prepayment)', '', 420, '10:00', '20:00', 'daycation', 2, 1);
INSERT INTO hotel_images (hotel_id, image_url, alt_text, sort_order) VALUES (161, 'https://daydreamhub.com/wp-content/uploads/2025/03/Entrance.copy_.jpg', 'Central Inn Souq Waqif/Suite Room - Image 1', 0);
INSERT INTO hotel_images (hotel_id, image_url, alt_text, sort_order) VALUES (161, 'https://daydreamhub.com/wp-content/uploads/2025/03/Bathroom-1.jpg.copy_-1.jpg', 'Central Inn Souq Waqif/Suite Room - Image 2', 1);
INSERT INTO hotel_images (hotel_id, image_url, alt_text, sort_order) VALUES (161, 'https://daydreamhub.com/wp-content/uploads/2025/03/corridor.copy_-1.jpg', 'Central Inn Souq Waqif/Suite Room - Image 3', 2);
INSERT INTO hotel_images (hotel_id, image_url, alt_text, sort_order) VALUES (161, 'https://daydreamhub.com/wp-content/uploads/2025/03/Suite.copy_-1.jpg', 'Central Inn Souq Waqif/Suite Room - Image 4', 3);
INSERT INTO hotel_images (hotel_id, image_url, alt_text, sort_order) VALUES (161, 'https://daydreamhub.com/wp-content/uploads/2025/03/Suite-Room.copy_-1.jpg', 'Central Inn Souq Waqif/Suite Room - Image 5', 4);
INSERT INTO hotel_images (hotel_id, image_url, alt_text, sort_order) VALUES (161, 'https://daydreamhub.com/wp-content/uploads/2025/03/IMG_9376.jpg', 'Central Inn Souq Waqif/Suite Room - Image 6', 5);
INSERT INTO hotel_images (hotel_id, image_url, alt_text, sort_order) VALUES (161, 'https://daydreamhub.com/wp-content/uploads/2025/03/image00005.copy_.jpg', 'Central Inn Souq Waqif/Suite Room - Image 7', 6);
INSERT INTO hotel_images (hotel_id, image_url, alt_text, sort_order) VALUES (161, 'https://daydreamhub.com/wp-content/uploads/2025/03/image00003.copy_.jpg', 'Central Inn Souq Waqif/Suite Room - Image 8', 7);
INSERT INTO hotels (id, name, slug, description, city, country, address, rating, thumbnail_url, categories, amenities, property_type, is_active) VALUES (162, 'SEVENLINE Aparthotel**** / Double Studio', 'sevenline-aparthotel-double-studio', 'Sevenline Aparthotel Purpan Toulouse is a recently renovated condo hotel in Toulouse near Zénith de Toulouse and Toulouse-Blagnac Airport. Among the facilities of this property are a restaurant, a 24-hour front desk, and an elevator, along with free Wifi throughout the property. Guests can use the sauna and fitness room, or enjoy city views.
 In the well-fitted kitchenette, guests will find a stovetop, a refrigerator, kitchenware and a microwave. The studio offers air conditioning, soundproof walls, as well as a private bathroom boasting a walk-in shower and a hairdryer. The unit has 1 bed.', 'Toulouse', 'France', '', 3, 'https://daydreamhub.com/wp-content/uploads/2025/03/583087193.webp', '["daycation","early_check-in","for_couple","for_work","transit_use"]', '["Bar / Restaurant","Coin laundry","Elevator in Building","Gym","Parking on Premises","Sauna","Wheelchair Accessible","Air Conditioner (Cooling)","Air Conditioner (Heating)","Coffee maker","Desk/Workspace","Free Wi-Fi","Hair Dryer","Kitchen","Refrigerator","Shampoo","Shower","TEL","Towels","TV"]', 'Hotel', 1);
INSERT INTO plans (hotel_id, name, description, price_usd, check_in_time, check_out_time, plan_type, max_guests, is_active) VALUES (162, '【8H】Early Check In(prepayment)', '', 86, '9:00', '17:00', 'daycation', 2, 1);
INSERT INTO plans (hotel_id, name, description, price_usd, check_in_time, check_out_time, plan_type, max_guests, is_active) VALUES (162, '【21H】Overnight(prepayment)', '', 155, '15:00', '12:00', 'overnight', 2, 1);
INSERT INTO hotel_images (hotel_id, image_url, alt_text, sort_order) VALUES (162, 'https://daydreamhub.com/wp-content/uploads/2025/03/583087193.webp', 'SEVENLINE Aparthotel**** / Double Studio - Image 1', 0);
INSERT INTO hotel_images (hotel_id, image_url, alt_text, sort_order) VALUES (162, 'https://daydreamhub.com/wp-content/uploads/2025/03/583087066.webp', 'SEVENLINE Aparthotel**** / Double Studio - Image 2', 1);
INSERT INTO hotel_images (hotel_id, image_url, alt_text, sort_order) VALUES (162, 'https://daydreamhub.com/wp-content/uploads/2025/03/621694242.webp', 'SEVENLINE Aparthotel**** / Double Studio - Image 3', 2);
INSERT INTO hotel_images (hotel_id, image_url, alt_text, sort_order) VALUES (162, 'https://daydreamhub.com/wp-content/uploads/2025/03/583087187.webp', 'SEVENLINE Aparthotel**** / Double Studio - Image 4', 3);
INSERT INTO hotel_images (hotel_id, image_url, alt_text, sort_order) VALUES (162, 'https://daydreamhub.com/wp-content/uploads/2025/03/583087282.webp', 'SEVENLINE Aparthotel**** / Double Studio - Image 5', 4);
INSERT INTO hotel_images (hotel_id, image_url, alt_text, sort_order) VALUES (162, 'https://daydreamhub.com/wp-content/uploads/2025/03/583087317.webp', 'SEVENLINE Aparthotel**** / Double Studio - Image 6', 5);
INSERT INTO hotel_images (hotel_id, image_url, alt_text, sort_order) VALUES (162, 'https://daydreamhub.com/wp-content/uploads/2025/03/583070850.jpg', 'SEVENLINE Aparthotel**** / Double Studio - Image 7', 6);
INSERT INTO hotel_images (hotel_id, image_url, alt_text, sort_order) VALUES (162, 'https://daydreamhub.com/wp-content/uploads/2025/03/583072912.jpg', 'SEVENLINE Aparthotel**** / Double Studio - Image 8', 7);
INSERT INTO hotel_images (hotel_id, image_url, alt_text, sort_order) VALUES (162, 'https://daydreamhub.com/wp-content/uploads/2025/03/583085780.jpg', 'SEVENLINE Aparthotel**** / Double Studio - Image 9', 8);
INSERT INTO hotel_images (hotel_id, image_url, alt_text, sort_order) VALUES (162, 'https://daydreamhub.com/wp-content/uploads/2025/03/583085819.jpg', 'SEVENLINE Aparthotel**** / Double Studio - Image 10', 9);
INSERT INTO hotel_images (hotel_id, image_url, alt_text, sort_order) VALUES (162, 'https://daydreamhub.com/wp-content/uploads/2025/03/583072600.jpg', 'SEVENLINE Aparthotel**** / Double Studio - Image 11', 10);
INSERT INTO hotel_images (hotel_id, image_url, alt_text, sort_order) VALUES (162, 'https://daydreamhub.com/wp-content/uploads/2025/03/583085768.jpg', 'SEVENLINE Aparthotel**** / Double Studio - Image 12', 11);
INSERT INTO hotel_images (hotel_id, image_url, alt_text, sort_order) VALUES (162, 'https://daydreamhub.com/wp-content/uploads/2025/03/621697442.jpg', 'SEVENLINE Aparthotel**** / Double Studio - Image 13', 12);
INSERT INTO hotel_images (hotel_id, image_url, alt_text, sort_order) VALUES (162, 'https://daydreamhub.com/wp-content/uploads/2025/03/621697404.jpg', 'SEVENLINE Aparthotel**** / Double Studio - Image 14', 13);
INSERT INTO hotel_images (hotel_id, image_url, alt_text, sort_order) VALUES (162, 'https://daydreamhub.com/wp-content/uploads/2025/03/621697366.jpg', 'SEVENLINE Aparthotel**** / Double Studio - Image 15', 14);
INSERT INTO hotel_images (hotel_id, image_url, alt_text, sort_order) VALUES (162, 'https://daydreamhub.com/wp-content/uploads/2025/03/583087192.jpg', 'SEVENLINE Aparthotel**** / Double Studio - Image 16', 15);
INSERT INTO hotel_images (hotel_id, image_url, alt_text, sort_order) VALUES (162, 'https://daydreamhub.com/wp-content/uploads/2025/03/621697485.jpg', 'SEVENLINE Aparthotel**** / Double Studio - Image 17', 16);
INSERT INTO hotel_images (hotel_id, image_url, alt_text, sort_order) VALUES (162, 'https://daydreamhub.com/wp-content/uploads/2025/03/583087196.jpg', 'SEVENLINE Aparthotel**** / Double Studio - Image 18', 17);
INSERT INTO hotel_images (hotel_id, image_url, alt_text, sort_order) VALUES (162, 'https://daydreamhub.com/wp-content/uploads/2025/03/583085724.jpg', 'SEVENLINE Aparthotel**** / Double Studio - Image 19', 18);
INSERT INTO hotel_images (hotel_id, image_url, alt_text, sort_order) VALUES (162, 'https://daydreamhub.com/wp-content/uploads/2025/03/583087188.jpg', 'SEVENLINE Aparthotel**** / Double Studio - Image 20', 19);
INSERT INTO hotel_images (hotel_id, image_url, alt_text, sort_order) VALUES (162, 'https://daydreamhub.com/wp-content/uploads/2025/03/621697499.jpg', 'SEVENLINE Aparthotel**** / Double Studio - Image 21', 20);
INSERT INTO hotels (id, name, slug, description, city, country, address, rating, thumbnail_url, categories, amenities, property_type, is_active) VALUES (163, 'Central Inn Souq Waqif/Twin Room', 'central-inn-souq-waqif-twin-room', 'Our luxurious Twin-room blends contemporary layouts with details borrowed from traditional styles for a one-of-a-kind retreat. Our twin rooms feature compact furnishing that is intended to provide a refined and aesthetically pleasing stay. On top of everything else, it provides all the services you would require for a relaxed stay. You have access to your fully equipped gym, complimentary wireless internet, and our in-house restaurants.', 'Doha', 'Qatar', '', 0, 'https://daydreamhub.com/wp-content/uploads/2025/03/Entrance.copy_.jpg', '["daycation","for_work","luxury","personal_time","transit_use"]', '["Bar / Restaurant","Elevator in Building","Gym","Laundry Service","Luggage Storage","Pool","Air Conditioner (Cooling)","Electric pot","Free Wi-Fi","Hair Dryer","Shampoo","Shower","Toothbrush","Towels","TV"]', 'Hotel', 1);
INSERT INTO plans (hotel_id, name, description, price_usd, check_in_time, check_out_time, plan_type, max_guests, is_active) VALUES (163, 'Overnight Plan(prepayment)', '', 250, '15:00', '12:00', 'overnight', 2, 1);
INSERT INTO plans (hotel_id, name, description, price_usd, check_in_time, check_out_time, plan_type, max_guests, is_active) VALUES (163, 'Day Use(prepayment)', '', 150, '10:00', '20:00', 'daycation', 2, 1);
INSERT INTO hotel_images (hotel_id, image_url, alt_text, sort_order) VALUES (163, 'https://daydreamhub.com/wp-content/uploads/2025/03/Entrance.copy_.jpg', 'Central Inn Souq Waqif/Twin Room - Image 1', 0);
INSERT INTO hotel_images (hotel_id, image_url, alt_text, sort_order) VALUES (163, 'https://daydreamhub.com/wp-content/uploads/2025/03/image00229.copy_.jpg', 'Central Inn Souq Waqif/Twin Room - Image 2', 1);
INSERT INTO hotel_images (hotel_id, image_url, alt_text, sort_order) VALUES (163, 'https://daydreamhub.com/wp-content/uploads/2025/03/image00015.copy_.jpg', 'Central Inn Souq Waqif/Twin Room - Image 3', 2);
INSERT INTO hotel_images (hotel_id, image_url, alt_text, sort_order) VALUES (163, 'https://daydreamhub.com/wp-content/uploads/2025/03/image00014.copy_.jpg', 'Central Inn Souq Waqif/Twin Room - Image 4', 3);
INSERT INTO hotel_images (hotel_id, image_url, alt_text, sort_order) VALUES (163, 'https://daydreamhub.com/wp-content/uploads/2025/03/image00012-1.copy_.jpg', 'Central Inn Souq Waqif/Twin Room - Image 5', 4);
INSERT INTO hotel_images (hotel_id, image_url, alt_text, sort_order) VALUES (163, 'https://daydreamhub.com/wp-content/uploads/2025/03/image00010.copy_.jpg', 'Central Inn Souq Waqif/Twin Room - Image 6', 5);
INSERT INTO hotels (id, name, slug, description, city, country, address, rating, thumbnail_url, categories, amenities, property_type, is_active) VALUES (164, 'Central Inn Souq Waqif/Standard room', 'central-inn-souq-waqif-standard-room', 'We put together all the comforts of a home and ensure that you have a great time in our hotel rooms. Our standard rooms are completely furnished with artfully designed furniture including beds, workstations, and modern amenities. The spacious rooms come with a flat-screen television and a comfortable sitting area. The rooms also entitle you to our in-house restaurants where you can enjoy devouring delectable cuisines from across the globe.', 'Doha', 'Qatar', '', 0, 'https://daydreamhub.com/wp-content/uploads/2025/03/Entrance.copy_.jpg', '["daycation","for_couple","for_work","luxury","personal_time","transit_use"]', '["Bar / Restaurant","Elevator in Building","Gym","Laundry Service","Luggage Storage","Pool","Air Conditioner (Cooling)","Electric pot","Free Wi-Fi","Hair Dryer","Shampoo","Shower","Toothbrush","Towels","TV"]', 'Hotel', 1);
INSERT INTO plans (hotel_id, name, description, price_usd, check_in_time, check_out_time, plan_type, max_guests, is_active) VALUES (164, 'Overnight Plan(prepayment)', '', 350, '15:00', '12:00', 'overnight', 2, 1);
INSERT INTO plans (hotel_id, name, description, price_usd, check_in_time, check_out_time, plan_type, max_guests, is_active) VALUES (164, 'Day Use(prepayment)', '', 250, '10:00', '20:00', 'daycation', 2, 1);
INSERT INTO hotel_images (hotel_id, image_url, alt_text, sort_order) VALUES (164, 'https://daydreamhub.com/wp-content/uploads/2025/03/Entrance.copy_.jpg', 'Central Inn Souq Waqif/Standard room - Image 1', 0);
INSERT INTO hotel_images (hotel_id, image_url, alt_text, sort_order) VALUES (164, 'https://daydreamhub.com/wp-content/uploads/2025/03/business-centre.copy_.jpg', 'Central Inn Souq Waqif/Standard room - Image 2', 1);
INSERT INTO hotel_images (hotel_id, image_url, alt_text, sort_order) VALUES (164, 'https://daydreamhub.com/wp-content/uploads/2025/03/fitness-centre.copy_.jpg', 'Central Inn Souq Waqif/Standard room - Image 3', 2);
INSERT INTO hotel_images (hotel_id, image_url, alt_text, sort_order) VALUES (164, 'https://daydreamhub.com/wp-content/uploads/2025/03/corridor.copy_.jpg', 'Central Inn Souq Waqif/Standard room - Image 4', 3);
INSERT INTO hotel_images (hotel_id, image_url, alt_text, sort_order) VALUES (164, 'https://daydreamhub.com/wp-content/uploads/2025/03/coffee.copy_.jpg', 'Central Inn Souq Waqif/Standard room - Image 5', 4);
INSERT INTO hotel_images (hotel_id, image_url, alt_text, sort_order) VALUES (164, 'https://daydreamhub.com/wp-content/uploads/2025/03/Suite.copy_.jpg', 'Central Inn Souq Waqif/Standard room - Image 6', 5);
INSERT INTO hotel_images (hotel_id, image_url, alt_text, sort_order) VALUES (164, 'https://daydreamhub.com/wp-content/uploads/2025/03/Suite-Room.copy_.jpg', 'Central Inn Souq Waqif/Standard room - Image 7', 6);
INSERT INTO hotel_images (hotel_id, image_url, alt_text, sort_order) VALUES (164, 'https://daydreamhub.com/wp-content/uploads/2025/03/Bathroom.jpg.copy_.jpg', 'Central Inn Souq Waqif/Standard room - Image 8', 7);
INSERT INTO hotel_images (hotel_id, image_url, alt_text, sort_order) VALUES (164, 'https://daydreamhub.com/wp-content/uploads/2025/03/spa.copy_.jpg', 'Central Inn Souq Waqif/Standard room - Image 9', 8);
INSERT INTO hotel_images (hotel_id, image_url, alt_text, sort_order) VALUES (164, 'https://daydreamhub.com/wp-content/uploads/2025/03/swimming-pool.copy_.jpg', 'Central Inn Souq Waqif/Standard room - Image 10', 9);
INSERT INTO hotel_images (hotel_id, image_url, alt_text, sort_order) VALUES (164, 'https://daydreamhub.com/wp-content/uploads/2025/03/Standard-Room.copy_.jpg', 'Central Inn Souq Waqif/Standard room - Image 11', 10);
INSERT INTO hotel_images (hotel_id, image_url, alt_text, sort_order) VALUES (164, 'https://daydreamhub.com/wp-content/uploads/2025/03/Facade-Day.copy_.2.jpg', 'Central Inn Souq Waqif/Standard room - Image 12', 11);
INSERT INTO hotel_images (hotel_id, image_url, alt_text, sort_order) VALUES (164, 'https://daydreamhub.com/wp-content/uploads/2025/03/Gym.jpg', 'Central Inn Souq Waqif/Standard room - Image 13', 12);
INSERT INTO hotel_images (hotel_id, image_url, alt_text, sort_order) VALUES (164, 'https://daydreamhub.com/wp-content/uploads/2025/03/Twin-Room.jpg', 'Central Inn Souq Waqif/Standard room - Image 14', 13);
INSERT INTO hotels (id, name, slug, description, city, country, address, rating, thumbnail_url, categories, amenities, property_type, is_active) VALUES (165, 'Grand Erbil Hotel / Standard Double Room', 'grand-erbil-hotel-standard-double-room', 'Located in Almaty, Almaty Grand Erbil Hotel features a spa and wellness center with a sauna, hammam and indoor pool. Free WiFi and free private parking are available on site.', 'Almaty', 'Kazakhstan', '', 0, 'https://daydreamhub.com/wp-content/uploads/2025/03/スクリーンショット-2025-03-09-211240.png', '["early_check-in"]', '["Fax","Laundry Service","Luggage Storage","Massage","Parking on Premises","Sauna","Desk/Workspace","Electric pot","Free Wi-Fi","Hair Dryer","Refrigerator","Towels","TV"]', 'Hotel', 1);
INSERT INTO plans (hotel_id, name, description, price_usd, check_in_time, check_out_time, plan_type, max_guests, is_active) VALUES (165, '【6H】Morning (prepayment)', '', 35, '6:00', '12:00', 'early_check-in', 2, 1);
INSERT INTO plans (hotel_id, name, description, price_usd, check_in_time, check_out_time, plan_type, max_guests, is_active) VALUES (165, '【10H】Daytime (prepayment)', '', 40, '10:00', '20:00', 'early_check-in', 2, 1);
INSERT INTO plans (hotel_id, name, description, price_usd, check_in_time, check_out_time, plan_type, max_guests, is_active) VALUES (165, '【10H】Daytime(prepayment)', '', 40, '8:00', '20:00', 'early_check-in', 2, 1);
INSERT INTO plans (hotel_id, name, description, price_usd, check_in_time, check_out_time, plan_type, max_guests, is_active) VALUES (165, '【28H】Overnight(prepayment)', '', 70, '8:00', '12:00', 'overnight', 2, 1);
INSERT INTO hotel_images (hotel_id, image_url, alt_text, sort_order) VALUES (165, 'https://daydreamhub.com/wp-content/uploads/2025/03/スクリーンショット-2025-03-09-211240.png', 'Grand Erbil Hotel / Standard Double Room - Image 1', 0);
INSERT INTO hotel_images (hotel_id, image_url, alt_text, sort_order) VALUES (165, 'https://daydreamhub.com/wp-content/uploads/2025/03/スクリーンショット-2025-03-09-211229.jpg', 'Grand Erbil Hotel / Standard Double Room - Image 2', 1);
INSERT INTO hotel_images (hotel_id, image_url, alt_text, sort_order) VALUES (165, 'https://daydreamhub.com/wp-content/uploads/2025/03/スクリーンショット-2025-03-09-211215.png', 'Grand Erbil Hotel / Standard Double Room - Image 3', 2);
INSERT INTO hotel_images (hotel_id, image_url, alt_text, sort_order) VALUES (165, 'https://daydreamhub.com/wp-content/uploads/2025/03/スクリーンショット-2025-03-09-211207.jpg', 'Grand Erbil Hotel / Standard Double Room - Image 4', 3);
INSERT INTO hotel_images (hotel_id, image_url, alt_text, sort_order) VALUES (165, 'https://daydreamhub.com/wp-content/uploads/2025/03/178132835.jpg', 'Grand Erbil Hotel / Standard Double Room - Image 5', 4);
INSERT INTO hotel_images (hotel_id, image_url, alt_text, sort_order) VALUES (165, 'https://daydreamhub.com/wp-content/uploads/2025/03/178127407.jpg', 'Grand Erbil Hotel / Standard Double Room - Image 6', 5);
INSERT INTO hotels (id, name, slug, description, city, country, address, rating, thumbnail_url, categories, amenities, property_type, is_active) VALUES (166, 'Vitosha Downtown Apartments', 'vitosha-downtown-apartments', 'We offer an amazing one-bedroom apartment with a separate living room and bedroom right in the city center.', 'Sofia', 'Bulgaria', '', 3, 'https://daydreamhub.com/wp-content/uploads/2025/03/23-1.jpg', '["daycation","for_couple","for_work","luxury","personal_time"]', '["Elevator in Building","Wheelchair Accessible","Air Conditioner (Cooling)","Coffee maker","Free Wi-Fi","Hair Dryer","Kitchen","Refrigerator","Shampoo","Shower","Towels","TV"]', 'Apartment', 1);
INSERT INTO plans (hotel_id, name, description, price_usd, check_in_time, check_out_time, plan_type, max_guests, is_active) VALUES (166, 'One Day Rate(prepayment)', '', 107, '14:00', '11:00', 'daycation', 2, 1);
INSERT INTO hotel_images (hotel_id, image_url, alt_text, sort_order) VALUES (166, 'https://daydreamhub.com/wp-content/uploads/2025/03/23-1.jpg', 'Vitosha Downtown Apartments - Image 1', 0);
INSERT INTO hotel_images (hotel_id, image_url, alt_text, sort_order) VALUES (166, 'https://daydreamhub.com/wp-content/uploads/2025/03/24-1.jpg', 'Vitosha Downtown Apartments - Image 2', 1);
INSERT INTO hotel_images (hotel_id, image_url, alt_text, sort_order) VALUES (166, 'https://daydreamhub.com/wp-content/uploads/2025/03/51.jpg', 'Vitosha Downtown Apartments - Image 3', 2);
INSERT INTO hotel_images (hotel_id, image_url, alt_text, sort_order) VALUES (166, 'https://daydreamhub.com/wp-content/uploads/2025/03/13-1.jpg', 'Vitosha Downtown Apartments - Image 4', 3);
INSERT INTO hotel_images (hotel_id, image_url, alt_text, sort_order) VALUES (166, 'https://daydreamhub.com/wp-content/uploads/2025/03/6-1-1.jpg', 'Vitosha Downtown Apartments - Image 5', 4);
INSERT INTO hotel_images (hotel_id, image_url, alt_text, sort_order) VALUES (166, 'https://daydreamhub.com/wp-content/uploads/2025/03/8-1.jpg', 'Vitosha Downtown Apartments - Image 6', 5);
INSERT INTO hotel_images (hotel_id, image_url, alt_text, sort_order) VALUES (166, 'https://daydreamhub.com/wp-content/uploads/2025/03/15-1.jpg', 'Vitosha Downtown Apartments - Image 7', 6);
INSERT INTO hotel_images (hotel_id, image_url, alt_text, sort_order) VALUES (166, 'https://daydreamhub.com/wp-content/uploads/2025/03/7-1.jpg', 'Vitosha Downtown Apartments - Image 8', 7);
INSERT INTO hotels (id, name, slug, description, city, country, address, rating, thumbnail_url, categories, amenities, property_type, is_active) VALUES (167, 'Zaal Hotel / Double Room with a Balcony', 'zaal-hotel-double-room-with-a-balcony', 'ZAAL Hotel in Samarkand features accommodations, a garden, and a terrace. The bed and breakfast provides pool views, a year-round outdoor pool, a 24-hour front desk, and free Wifi is available throughout the property.', 'Samarkand', 'Uzbekistan', '', 3, 'https://daydreamhub.com/wp-content/uploads/2025/03/577440878.jpg', '["early_check-in"]', '["Fax","Laundry Service","Parking on Premises","Air Conditioner (Cooling)","Air Conditioner (Heating)","Bathtub","Desk/Workspace","Free Wi-Fi","Hair Dryer","Shampoo","Shower","Toothbrush","Towels","TV"]', 'Hotel', 1);
INSERT INTO plans (hotel_id, name, description, price_usd, check_in_time, check_out_time, plan_type, max_guests, is_active) VALUES (167, 'Check in 14:00(prepayment)', '', 35, '14:00', '11:00', 'early_check-in', 2, 1);
INSERT INTO hotel_images (hotel_id, image_url, alt_text, sort_order) VALUES (167, 'https://daydreamhub.com/wp-content/uploads/2025/03/577440878.jpg', 'Zaal Hotel / Double Room with a Balcony - Image 1', 0);
INSERT INTO hotel_images (hotel_id, image_url, alt_text, sort_order) VALUES (167, 'https://daydreamhub.com/wp-content/uploads/2025/03/556288903.jpg', 'Zaal Hotel / Double Room with a Balcony - Image 2', 1);
INSERT INTO hotel_images (hotel_id, image_url, alt_text, sort_order) VALUES (167, 'https://daydreamhub.com/wp-content/uploads/2025/03/635205385.jpg', 'Zaal Hotel / Double Room with a Balcony - Image 3', 2);
INSERT INTO hotel_images (hotel_id, image_url, alt_text, sort_order) VALUES (167, 'https://daydreamhub.com/wp-content/uploads/2025/03/584828653.jpg', 'Zaal Hotel / Double Room with a Balcony - Image 4', 3);
INSERT INTO hotel_images (hotel_id, image_url, alt_text, sort_order) VALUES (167, 'https://daydreamhub.com/wp-content/uploads/2025/03/556288865.jpg', 'Zaal Hotel / Double Room with a Balcony - Image 5', 4);
INSERT INTO hotel_images (hotel_id, image_url, alt_text, sort_order) VALUES (167, 'https://daydreamhub.com/wp-content/uploads/2025/03/635207373.jpg', 'Zaal Hotel / Double Room with a Balcony - Image 6', 5);
INSERT INTO hotels (id, name, slug, description, city, country, address, rating, thumbnail_url, categories, amenities, property_type, is_active) VALUES (168, 'DSF GARDEN HOTEL / Standard Double Room', 'dsf-garden-hotel-standard-double-room', 'DSF GARDEN HOTEL features a garden, shared lounge, a terrace and restaurant in Yakkasaray. The accommodation provides a 24-hour front desk, airport transfers, room service and free WiFi throughout the property.
 Guest rooms are equipped with air conditioning, a fridge, a minibar, a kettle, a shower, free toiletries and a desk. The rooms in the hotel are equipped with a flat-screen TV and a hairdryer.
 A buffet breakfast is available daily at DSF GARDEN HOTEL.
 Islam Karimov Tashkent International Airport is 6 km away.

The double room features air conditioning, soundproof walls, a minibar, a wardrobe, as well as a flat-screen TV. The unit has 1 bed.', 'Yakkasaray', 'Uzbekistan', '', 3, 'https://daydreamhub.com/wp-content/uploads/2025/03/562251856.webp', '["daycation","early_check-in"]', '["Bar / Restaurant","Elevator in Building","Laundry Service","Luggage Storage","Parking on Premises","Air Conditioner (Cooling)","Air Conditioner (Heating)","Desk/Workspace","Electric pot","Free Wi-Fi","Hair Dryer","Refrigerator","Shampoo","Shower","TEL","Toothbrush","Towels","TV"]', 'Hotel', 1);
INSERT INTO plans (hotel_id, name, description, price_usd, check_in_time, check_out_time, plan_type, max_guests, is_active) VALUES (168, '【22H】Overnight(prepayment)', '', 78, '14:00', '12:00', 'overnight', 2, 1);
INSERT INTO hotel_images (hotel_id, image_url, alt_text, sort_order) VALUES (168, 'https://daydreamhub.com/wp-content/uploads/2025/03/562251856.webp', 'DSF GARDEN HOTEL / Standard Double Room - Image 1', 0);
INSERT INTO hotel_images (hotel_id, image_url, alt_text, sort_order) VALUES (168, 'https://daydreamhub.com/wp-content/uploads/2025/03/562251859.webp', 'DSF GARDEN HOTEL / Standard Double Room - Image 2', 1);
INSERT INTO hotel_images (hotel_id, image_url, alt_text, sort_order) VALUES (168, 'https://daydreamhub.com/wp-content/uploads/2025/03/562251855.webp', 'DSF GARDEN HOTEL / Standard Double Room - Image 3', 2);
INSERT INTO hotel_images (hotel_id, image_url, alt_text, sort_order) VALUES (168, 'https://daydreamhub.com/wp-content/uploads/2025/03/561432414.webp', 'DSF GARDEN HOTEL / Standard Double Room - Image 4', 3);
INSERT INTO hotel_images (hotel_id, image_url, alt_text, sort_order) VALUES (168, 'https://daydreamhub.com/wp-content/uploads/2025/03/561432359.webp', 'DSF GARDEN HOTEL / Standard Double Room - Image 5', 4);
INSERT INTO hotel_images (hotel_id, image_url, alt_text, sort_order) VALUES (168, 'https://daydreamhub.com/wp-content/uploads/2025/03/562251654.webp', 'DSF GARDEN HOTEL / Standard Double Room - Image 6', 5);
INSERT INTO hotel_images (hotel_id, image_url, alt_text, sort_order) VALUES (168, 'https://daydreamhub.com/wp-content/uploads/2025/03/570369136.jpg', 'DSF GARDEN HOTEL / Standard Double Room - Image 7', 6);
INSERT INTO hotel_images (hotel_id, image_url, alt_text, sort_order) VALUES (168, 'https://daydreamhub.com/wp-content/uploads/2025/03/561432079.jpg', 'DSF GARDEN HOTEL / Standard Double Room - Image 8', 7);
INSERT INTO hotel_images (hotel_id, image_url, alt_text, sort_order) VALUES (168, 'https://daydreamhub.com/wp-content/uploads/2025/03/561431993.jpg', 'DSF GARDEN HOTEL / Standard Double Room - Image 9', 8);
INSERT INTO hotel_images (hotel_id, image_url, alt_text, sort_order) VALUES (168, 'https://daydreamhub.com/wp-content/uploads/2025/03/561432317.jpg', 'DSF GARDEN HOTEL / Standard Double Room - Image 10', 9);
INSERT INTO hotel_images (hotel_id, image_url, alt_text, sort_order) VALUES (168, 'https://daydreamhub.com/wp-content/uploads/2025/03/562399610.jpg', 'DSF GARDEN HOTEL / Standard Double Room - Image 11', 10);
INSERT INTO hotel_images (hotel_id, image_url, alt_text, sort_order) VALUES (168, 'https://daydreamhub.com/wp-content/uploads/2025/03/561432447.jpg', 'DSF GARDEN HOTEL / Standard Double Room - Image 12', 11);
INSERT INTO hotel_images (hotel_id, image_url, alt_text, sort_order) VALUES (168, 'https://daydreamhub.com/wp-content/uploads/2025/03/561432274.jpg', 'DSF GARDEN HOTEL / Standard Double Room - Image 13', 12);
INSERT INTO hotels (id, name, slug, description, city, country, address, rating, thumbnail_url, categories, amenities, property_type, is_active) VALUES (169, 'Hotel Bohemian Garni – Standard Quadruple Room', 'hotel-bohemian-garni-standard-quadruple-room', 'The nearest airport is Belgrade Nikola Tesla Airport, 20 min from the property. Airport transfer can be arranged for an additional fee and upon previous request.
 There is a 24-hour front desk at the hotel. The hotel can also arrange car hire.', 'Belgrade', 'Serbia', '', 3, 'https://daydreamhub.com/wp-content/uploads/2025/03/262481377.jpg', '["for_couple","for_work","luxury","personal_time","transit_use"]', '["Bar / Restaurant","Elevator in Building","Laundry Service","Luggage Storage","Massage","Parking on Premises","Air Conditioner (Cooling)","Air Conditioner (Heating)","Desk/Workspace","Free Wi-Fi","Hair Dryer","Refrigerator","Scanner / Printer","Shampoo","Shower","Toothbrush","Towels","TV"]', 'Hotel', 1);
INSERT INTO plans (hotel_id, name, description, price_usd, check_in_time, check_out_time, plan_type, max_guests, is_active) VALUES (169, 'Breakfast 1 person(prepayment)', '', 106, '14:00', '11:00', 'for_couple', 2, 1);
INSERT INTO plans (hotel_id, name, description, price_usd, check_in_time, check_out_time, plan_type, max_guests, is_active) VALUES (169, 'Breakfast 2 person(prepayment)', '', 118, '14:00', '11:00', 'for_couple', 2, 1);
INSERT INTO plans (hotel_id, name, description, price_usd, check_in_time, check_out_time, plan_type, max_guests, is_active) VALUES (169, 'Room only (prepayment)', '', 94, '14:00', '11:00', 'for_couple', 2, 1);
INSERT INTO plans (hotel_id, name, description, price_usd, check_in_time, check_out_time, plan_type, max_guests, is_active) VALUES (169, 'Breakfast 3 person(prepayment)', '', 158, '14:00', '11:00', 'for_couple', 2, 1);
INSERT INTO plans (hotel_id, name, description, price_usd, check_in_time, check_out_time, plan_type, max_guests, is_active) VALUES (169, 'Breakfast 4 person(prepayment)', '', 168, '14:00', '11:00', 'for_couple', 2, 1);
INSERT INTO hotel_images (hotel_id, image_url, alt_text, sort_order) VALUES (169, 'https://daydreamhub.com/wp-content/uploads/2025/03/262481377.jpg', 'Hotel Bohemian Garni – Standard Quadruple Room - Image 1', 0);
INSERT INTO hotels (id, name, slug, description, city, country, address, rating, thumbnail_url, categories, amenities, property_type, is_active) VALUES (170, 'Hotel Bohemian Garni – Standard Triple Room', 'hotel-bohemian-garni-standard-triple-room', 'The nearest airport is Belgrade Nikola Tesla Airport, 20 min from the property. Airport transfer can be arranged for an additional fee and upon previous request.
 There is a 24-hour front desk at the hotel. The hotel can also arrange car hire.', 'Belgrade', 'Serbia', '', 3, 'https://daydreamhub.com/wp-content/uploads/2025/03/262481377.jpg', '["for_couple","for_work","luxury","personal_time","transit_use"]', '["Bar / Restaurant","Elevator in Building","Laundry Service","Luggage Storage","Massage","Parking on Premises","Air Conditioner (Cooling)","Air Conditioner (Heating)","Desk/Workspace","Free Wi-Fi","Hair Dryer","Refrigerator","Scanner / Printer","Shampoo","Shower","Toothbrush","Towels","TV"]', 'Hotel', 1);
INSERT INTO plans (hotel_id, name, description, price_usd, check_in_time, check_out_time, plan_type, max_guests, is_active) VALUES (170, 'Breakfast 1 person(prepayment)', '', 106, '14:00', '11:00', 'for_couple', 2, 1);
INSERT INTO plans (hotel_id, name, description, price_usd, check_in_time, check_out_time, plan_type, max_guests, is_active) VALUES (170, 'Breakfast 2 person(prepayment)', '', 118, '14:00', '11:00', 'for_couple', 2, 1);
INSERT INTO plans (hotel_id, name, description, price_usd, check_in_time, check_out_time, plan_type, max_guests, is_active) VALUES (170, 'Room only (prepayment)', '', 94, '14:00', '11:00', 'for_couple', 2, 1);
INSERT INTO plans (hotel_id, name, description, price_usd, check_in_time, check_out_time, plan_type, max_guests, is_active) VALUES (170, 'Breakfast 3 person(prepayment)', '', 134, '14:00', '11:00', 'for_couple', 2, 1);
INSERT INTO hotel_images (hotel_id, image_url, alt_text, sort_order) VALUES (170, 'https://daydreamhub.com/wp-content/uploads/2025/03/262481377.jpg', 'Hotel Bohemian Garni – Standard Triple Room - Image 1', 0);
INSERT INTO hotels (id, name, slug, description, city, country, address, rating, thumbnail_url, categories, amenities, property_type, is_active) VALUES (171, 'Hotel Bohemian Garni – Superior Room with a Jacuzzi', 'hotel-bohemian-garni-superior-room-with-a-jacuzzi', '', 'Belgrade', 'Serbia', '', 3, 'https://daydreamhub.com/wp-content/uploads/2025/03/262481280.jpg', '["for_couple"]', '["Bar / Restaurant","Elevator in Building","Laundry Service","Luggage Storage","Massage","Parking on Premises","Air Conditioner (Cooling)","Air Conditioner (Heating)","Desk/Workspace","Free Wi-Fi","Hair Dryer","Refrigerator","Shampoo","Shower","Toothbrush","Towels","TV"]', 'Hotel', 1);
INSERT INTO plans (hotel_id, name, description, price_usd, check_in_time, check_out_time, plan_type, max_guests, is_active) VALUES (171, 'Room Only(prepayment)', '', 108, '14:00', '11:00', 'for_couple', 2, 1);
INSERT INTO hotel_images (hotel_id, image_url, alt_text, sort_order) VALUES (171, 'https://daydreamhub.com/wp-content/uploads/2025/03/262481280.jpg', 'Hotel Bohemian Garni – Superior Room with a Jacuzzi - Image 1', 0);
INSERT INTO hotels (id, name, slug, description, city, country, address, rating, thumbnail_url, categories, amenities, property_type, is_active) VALUES (172, 'Hotel Bohemian Garni – President Suite', 'hotel-bohemian-garni-premium-double-room-with-a-tub-copy', 'The nearest airport is Belgrade Nikola Tesla Airport, 20 min from the property. Airport transfer can be arranged for an additional fee and upon previous request.
 There is a 24-hour front desk at the hotel. The hotel can also arrange car hire.', 'Belgrade', 'Serbia', '', 3, 'https://daydreamhub.com/wp-content/uploads/2025/03/517651698-1.jpg', '["for_couple","for_work","luxury","personal_time","transit_use"]', '["Bar / Restaurant","Elevator in Building","Laundry Service","Luggage Storage","Massage","Parking on Premises","Air Conditioner (Cooling)","Air Conditioner (Heating)","Desk/Workspace","Free Wi-Fi","Hair Dryer","Refrigerator","Scanner / Printer","Shampoo","Shower","Toothbrush","Towels","TV"]', 'Hotel', 1);
INSERT INTO plans (hotel_id, name, description, price_usd, check_in_time, check_out_time, plan_type, max_guests, is_active) VALUES (172, 'Breakfast 1 person(prepayment)', '', 192, '14:00', '11:00', 'for_couple', 2, 1);
INSERT INTO plans (hotel_id, name, description, price_usd, check_in_time, check_out_time, plan_type, max_guests, is_active) VALUES (172, 'Breakfast 2 person(prepayment)', '', 202, '14:00', '11:00', 'for_couple', 2, 1);
INSERT INTO plans (hotel_id, name, description, price_usd, check_in_time, check_out_time, plan_type, max_guests, is_active) VALUES (172, 'Room only (prepayment)', '', 151, '14:00', '11:00', 'for_couple', 2, 1);
INSERT INTO hotel_images (hotel_id, image_url, alt_text, sort_order) VALUES (172, 'https://daydreamhub.com/wp-content/uploads/2025/03/517651698-1.jpg', 'Hotel Bohemian Garni – President Suite - Image 1', 0);
INSERT INTO hotels (id, name, slug, description, city, country, address, rating, thumbnail_url, categories, amenities, property_type, is_active) VALUES (173, 'Hotel Bohemian Garni – Premium Double Room with a Tub', 'hotel-bohemian-garni-premium-double-room-with-a-tub', 'The nearest airport is Belgrade Nikola Tesla Airport, 20 min from the property. Airport transfer can be arranged for an additional fee and upon previous request.
 There is a 24-hour front desk at the hotel. The hotel can also arrange car hire.', 'Belgrade', 'Serbia', '', 3, 'https://daydreamhub.com/wp-content/uploads/2025/03/513186629.jpg', '["for_couple","for_work","luxury","personal_time","transit_use"]', '["Bar / Restaurant","Elevator in Building","Laundry Service","Luggage Storage","Massage","Parking on Premises","Air Conditioner (Cooling)","Air Conditioner (Heating)","Desk/Workspace","Free Wi-Fi","Hair Dryer","Refrigerator","Scanner / Printer","Shampoo","Shower","Toothbrush","Towels","TV"]', 'Hotel', 1);
INSERT INTO plans (hotel_id, name, description, price_usd, check_in_time, check_out_time, plan_type, max_guests, is_active) VALUES (173, 'Breakfast 1 person(prepayment)', '', 160, '14:00', '11:00', 'for_couple', 2, 1);
INSERT INTO plans (hotel_id, name, description, price_usd, check_in_time, check_out_time, plan_type, max_guests, is_active) VALUES (173, 'Breakfast 2 person(prepayment)', '', 170, '14:00', '11:00', 'for_couple', 2, 1);
INSERT INTO plans (hotel_id, name, description, price_usd, check_in_time, check_out_time, plan_type, max_guests, is_active) VALUES (173, 'Room only (prepayment)', '', 151, '14:00', '11:00', 'for_couple', 2, 1);
INSERT INTO hotel_images (hotel_id, image_url, alt_text, sort_order) VALUES (173, 'https://daydreamhub.com/wp-content/uploads/2025/03/513186629.jpg', 'Hotel Bohemian Garni – Premium Double Room with a Tub - Image 1', 0);
INSERT INTO hotels (id, name, slug, description, city, country, address, rating, thumbnail_url, categories, amenities, property_type, is_active) VALUES (174, 'Hotel Bohemian Garni – Premium Double Room', 'hotel-bohemian-garni-premium-double-room', 'The nearest airport is Belgrade Nikola Tesla Airport, 20 min from the property. Airport transfer can be arranged for an additional fee and upon previous request.
 There is a 24-hour front desk at the hotel. The hotel can also arrange car hire.', 'Belgrade', 'Serbia', '', 3, 'https://daydreamhub.com/wp-content/uploads/2025/03/513188189.jpg', '["for_couple","for_work","luxury","personal_time","transit_use"]', '["Bar / Restaurant","Elevator in Building","Laundry Service","Luggage Storage","Massage","Parking on Premises","Air Conditioner (Cooling)","Air Conditioner (Heating)","Desk/Workspace","Free Wi-Fi","Hair Dryer","Refrigerator","Scanner / Printer","Shampoo","Shower","Toothbrush","Towels","TV"]', 'Hotel', 1);
INSERT INTO plans (hotel_id, name, description, price_usd, check_in_time, check_out_time, plan_type, max_guests, is_active) VALUES (174, 'Breakfast 1 person(prepayment)', '', 119, '14:00', '11:00', 'for_couple', 2, 1);
INSERT INTO plans (hotel_id, name, description, price_usd, check_in_time, check_out_time, plan_type, max_guests, is_active) VALUES (174, 'Breakfast 2 person(prepayment)', '', 119, '14:00', '11:00', 'for_couple', 2, 1);
INSERT INTO plans (hotel_id, name, description, price_usd, check_in_time, check_out_time, plan_type, max_guests, is_active) VALUES (174, 'Room only (prepayment)', '', 98, '14:00', '11:00', 'for_couple', 2, 1);
INSERT INTO hotel_images (hotel_id, image_url, alt_text, sort_order) VALUES (174, 'https://daydreamhub.com/wp-content/uploads/2025/03/513188189.jpg', 'Hotel Bohemian Garni – Premium Double Room - Image 1', 0);
INSERT INTO hotels (id, name, slug, description, city, country, address, rating, thumbnail_url, categories, amenities, property_type, is_active) VALUES (175, 'Hotel Bohemian Garni – Premium Single Room', 'hotel-bohemian-garni-premium-single-room', 'The nearest airport is Belgrade Nikola Tesla Airport, 20 min from the property. Airport transfer can be arranged for an additional fee and upon previous request.
 There is a 24-hour front desk at the hotel. The hotel can also arrange car hire.', 'Belgrade', 'Serbia', '', 3, 'https://daydreamhub.com/wp-content/uploads/2025/03/516740408.jpg', '["for_couple","for_work","luxury","personal_time","transit_use"]', '["Bar / Restaurant","Elevator in Building","Laundry Service","Luggage Storage","Massage","Parking on Premises","Air Conditioner (Cooling)","Air Conditioner (Heating)","Desk/Workspace","Free Wi-Fi","Hair Dryer","Refrigerator","Scanner / Printer","Shampoo","Shower","Toothbrush","Towels","TV"]', 'Hotel', 1);
INSERT INTO plans (hotel_id, name, description, price_usd, check_in_time, check_out_time, plan_type, max_guests, is_active) VALUES (175, 'Breakfast 1 person(prepayment)', '', 93, '14:00', '11:00', 'for_couple', 2, 1);
INSERT INTO plans (hotel_id, name, description, price_usd, check_in_time, check_out_time, plan_type, max_guests, is_active) VALUES (175, 'Breakfast 2 person(prepayment)', '', 103, '14:00', '11:00', 'for_couple', 2, 1);
INSERT INTO plans (hotel_id, name, description, price_usd, check_in_time, check_out_time, plan_type, max_guests, is_active) VALUES (175, 'Room only (prepayment)', '', 82, '14:00', '11:00', 'for_couple', 2, 1);
INSERT INTO hotel_images (hotel_id, image_url, alt_text, sort_order) VALUES (175, 'https://daydreamhub.com/wp-content/uploads/2025/03/516740408.jpg', 'Hotel Bohemian Garni – Premium Single Room - Image 1', 0);
INSERT INTO hotels (id, name, slug, description, city, country, address, rating, thumbnail_url, categories, amenities, property_type, is_active) VALUES (176, 'Hotel Bohemian Garni – Economy Single Room', 'hotel-bohemian-garni-economy-single-room', 'The nearest airport is Belgrade Nikola Tesla Airport, 20 min from the property. Airport transfer can be arranged for an additional fee and upon previous request.
 There is a 24-hour front desk at the hotel. The hotel can also arrange car hire.', 'Belgrade', 'Serbia', '', 3, 'https://daydreamhub.com/wp-content/uploads/2025/03/589825451.jpg', '["for_couple","for_work","luxury","personal_time","transit_use"]', '["Bar / Restaurant","Elevator in Building","Laundry Service","Luggage Storage","Massage","Parking on Premises","Air Conditioner (Cooling)","Air Conditioner (Heating)","Desk/Workspace","Free Wi-Fi","Hair Dryer","Refrigerator","Scanner / Printer","Shampoo","Shower","Toothbrush","Towels","TV"]', 'Hotel', 1);
INSERT INTO plans (hotel_id, name, description, price_usd, check_in_time, check_out_time, plan_type, max_guests, is_active) VALUES (176, 'Breakfast 1 person(prepayment)', '', 93, '14:00', '11:00', 'for_couple', 2, 1);
INSERT INTO plans (hotel_id, name, description, price_usd, check_in_time, check_out_time, plan_type, max_guests, is_active) VALUES (176, 'Breakfast 2 person(prepayment)', '', 103, '14:00', '11:00', 'for_couple', 2, 1);
INSERT INTO plans (hotel_id, name, description, price_usd, check_in_time, check_out_time, plan_type, max_guests, is_active) VALUES (176, 'Room only (prepayment)', '', 82, '14:00', '11:00', 'for_couple', 2, 1);
INSERT INTO hotel_images (hotel_id, image_url, alt_text, sort_order) VALUES (176, 'https://daydreamhub.com/wp-content/uploads/2025/03/589825451.jpg', 'Hotel Bohemian Garni – Economy Single Room - Image 1', 0);
INSERT INTO hotels (id, name, slug, description, city, country, address, rating, thumbnail_url, categories, amenities, property_type, is_active) VALUES (177, 'Hotel Bohemian Garni – Economy Double Room', 'hotel-bohemian-garni-economy-double-room', 'The nearest airport is Belgrade Nikola Tesla Airport, 20 min from the property. Airport transfer can be arranged for an additional fee and upon previous request.
 There is a 24-hour front desk at the hotel. The hotel can also arrange car hire.', 'Belgrade', 'Serbia', '', 3, 'https://daydreamhub.com/wp-content/uploads/2025/03/629321126.jpg', '["for_couple","for_work","luxury","personal_time","transit_use"]', '["Bar / Restaurant","Elevator in Building","Laundry Service","Luggage Storage","Massage","Parking on Premises","Air Conditioner (Cooling)","Air Conditioner (Heating)","Desk/Workspace","Free Wi-Fi","Hair Dryer","Refrigerator","Scanner / Printer","Shampoo","Shower","Toothbrush","Towels","TV"]', 'Hotel', 1);
INSERT INTO plans (hotel_id, name, description, price_usd, check_in_time, check_out_time, plan_type, max_guests, is_active) VALUES (177, 'Breakfast 1 person(prepayment)', '', 93, '14:00', '11:00', 'for_couple', 2, 1);
INSERT INTO plans (hotel_id, name, description, price_usd, check_in_time, check_out_time, plan_type, max_guests, is_active) VALUES (177, 'Breakfast 2 person(prepayment)', '', 103, '14:00', '11:00', 'for_couple', 2, 1);
INSERT INTO plans (hotel_id, name, description, price_usd, check_in_time, check_out_time, plan_type, max_guests, is_active) VALUES (177, 'Room only (prepayment)', '', 82, '14:00', '11:00', 'for_couple', 2, 1);
INSERT INTO hotel_images (hotel_id, image_url, alt_text, sort_order) VALUES (177, 'https://daydreamhub.com/wp-content/uploads/2025/03/629321126.jpg', 'Hotel Bohemian Garni – Economy Double Room - Image 1', 0);
INSERT INTO hotels (id, name, slug, description, city, country, address, rating, thumbnail_url, categories, amenities, property_type, is_active) VALUES (178, 'Bristol Hotel Tashkent / Deluxe Double Room', 'bristol-hotel-tashkent-deluxe-double-room', 'A stay at Bristol Hotel Tashkent places you in the heart of Tashkent, within a 5-minute drive of Magic City Park and Fine Arts Museum of Uzbekistan. This hotel is 2.8 mi (4.5 km) from Alisher Navoiy Theater and 3.5 mi (5.6 km) from Chorsu Bazaar.
 Make use of convenient amenities such as complimentary wireless internet access, concierge services, and a communal living room.
 Grab a bite from the snack bar/deli serving guests of Bristol Hotel Tashkent. Mingle with other guests at the complimentary reception, held daily. Continental breakfasts are available daily from 8:00 AM to 10:30 AM for a fee.
 Featured amenities include complimentary newspapers in the lobby, dry cleaning/laundry services, and a 24-hour front desk. A roundtrip airport shuttle is provided for a surcharge (available 24 hours), and free valet parking is available onsite.
 Make yourself at home in one of the 41 individually decorated guestrooms, featuring minibars and DVD players. Your memory foam bed comes with premium bedding. 43-inch LED televisions with satellite programming provide entertainment, while complimentary wireless internet access keeps you connected. Bathrooms feature showers with rainfall showerheads and bidets.', 'Tashkent', 'Uzbekistan', '', 3, 'https://daydreamhub.com/wp-content/uploads/2025/03/12.webp', '["early_check-in","for_couple","for_work"]', '["Bar / Restaurant","Laundry Service","Luggage Storage","Parking on Premises","Air Conditioner (Cooling)","Air Conditioner (Heating)","Desk/Workspace","Electric pot","Free Wi-Fi","Hair Dryer","Night wear","Refrigerator","Shampoo","Shower","TEL","Toothbrush","Towels","TV"]', 'Hotel', 1);
INSERT INTO plans (hotel_id, name, description, price_usd, check_in_time, check_out_time, plan_type, max_guests, is_active) VALUES (178, 'Double Deluxe (King Size Bed)(payment on location)', '', 60, '14:00', '12:00', 'early_check-in', 2, 1);
INSERT INTO hotel_images (hotel_id, image_url, alt_text, sort_order) VALUES (178, 'https://daydreamhub.com/wp-content/uploads/2025/03/12.webp', 'Bristol Hotel Tashkent / Deluxe Double Room - Image 1', 0);
INSERT INTO hotel_images (hotel_id, image_url, alt_text, sort_order) VALUES (178, 'https://daydreamhub.com/wp-content/uploads/2025/03/IMG_9190.jpg', 'Bristol Hotel Tashkent / Deluxe Double Room - Image 2', 1);
INSERT INTO hotel_images (hotel_id, image_url, alt_text, sort_order) VALUES (178, 'https://daydreamhub.com/wp-content/uploads/2025/03/IMG_9431.jpg', 'Bristol Hotel Tashkent / Deluxe Double Room - Image 3', 2);
INSERT INTO hotel_images (hotel_id, image_url, alt_text, sort_order) VALUES (178, 'https://daydreamhub.com/wp-content/uploads/2025/03/IMG000-69.jpg', 'Bristol Hotel Tashkent / Deluxe Double Room - Image 4', 3);
INSERT INTO hotel_images (hotel_id, image_url, alt_text, sort_order) VALUES (178, 'https://daydreamhub.com/wp-content/uploads/2025/03/IMG_0149.jpg', 'Bristol Hotel Tashkent / Deluxe Double Room - Image 5', 4);
INSERT INTO hotel_images (hotel_id, image_url, alt_text, sort_order) VALUES (178, 'https://daydreamhub.com/wp-content/uploads/2025/03/IMG_0152.jpeg', 'Bristol Hotel Tashkent / Deluxe Double Room - Image 6', 5);
INSERT INTO hotel_images (hotel_id, image_url, alt_text, sort_order) VALUES (178, 'https://daydreamhub.com/wp-content/uploads/2025/03/IMG_0153.jpeg', 'Bristol Hotel Tashkent / Deluxe Double Room - Image 7', 6);
INSERT INTO hotel_images (hotel_id, image_url, alt_text, sort_order) VALUES (178, 'https://daydreamhub.com/wp-content/uploads/2025/03/IMG_0264.jpeg', 'Bristol Hotel Tashkent / Deluxe Double Room - Image 8', 7);
INSERT INTO hotel_images (hotel_id, image_url, alt_text, sort_order) VALUES (178, 'https://daydreamhub.com/wp-content/uploads/2025/03/IMG000-49.jpg', 'Bristol Hotel Tashkent / Deluxe Double Room - Image 9', 8);
INSERT INTO hotel_images (hotel_id, image_url, alt_text, sort_order) VALUES (178, 'https://daydreamhub.com/wp-content/uploads/2025/03/IMG000-50.jpg', 'Bristol Hotel Tashkent / Deluxe Double Room - Image 10', 9);
INSERT INTO hotel_images (hotel_id, image_url, alt_text, sort_order) VALUES (178, 'https://daydreamhub.com/wp-content/uploads/2025/03/IMG_9423.jpg', 'Bristol Hotel Tashkent / Deluxe Double Room - Image 11', 10);
INSERT INTO hotel_images (hotel_id, image_url, alt_text, sort_order) VALUES (178, 'https://daydreamhub.com/wp-content/uploads/2025/03/IMG_9197-1.jpg', 'Bristol Hotel Tashkent / Deluxe Double Room - Image 12', 11);
INSERT INTO hotel_images (hotel_id, image_url, alt_text, sort_order) VALUES (178, 'https://daydreamhub.com/wp-content/uploads/2025/03/IMG_9203-1.jpg', 'Bristol Hotel Tashkent / Deluxe Double Room - Image 13', 12);
INSERT INTO hotel_images (hotel_id, image_url, alt_text, sort_order) VALUES (178, 'https://daydreamhub.com/wp-content/uploads/2025/03/IMG_9334.jpg', 'Bristol Hotel Tashkent / Deluxe Double Room - Image 14', 13);
INSERT INTO hotel_images (hotel_id, image_url, alt_text, sort_order) VALUES (178, 'https://daydreamhub.com/wp-content/uploads/2025/03/IMG_9341.jpg', 'Bristol Hotel Tashkent / Deluxe Double Room - Image 15', 14);
INSERT INTO hotel_images (hotel_id, image_url, alt_text, sort_order) VALUES (178, 'https://daydreamhub.com/wp-content/uploads/2025/03/IMG_9345.jpg', 'Bristol Hotel Tashkent / Deluxe Double Room - Image 16', 15);
INSERT INTO hotel_images (hotel_id, image_url, alt_text, sort_order) VALUES (178, 'https://daydreamhub.com/wp-content/uploads/2025/03/IMG_9464.jpg', 'Bristol Hotel Tashkent / Deluxe Double Room - Image 17', 16);
INSERT INTO hotel_images (hotel_id, image_url, alt_text, sort_order) VALUES (178, 'https://daydreamhub.com/wp-content/uploads/2025/03/IMG_9477.jpg', 'Bristol Hotel Tashkent / Deluxe Double Room - Image 18', 17);
INSERT INTO hotel_images (hotel_id, image_url, alt_text, sort_order) VALUES (178, 'https://daydreamhub.com/wp-content/uploads/2025/03/IMG_9405.jpg', 'Bristol Hotel Tashkent / Deluxe Double Room - Image 19', 18);
INSERT INTO hotel_images (hotel_id, image_url, alt_text, sort_order) VALUES (178, 'https://daydreamhub.com/wp-content/uploads/2025/03/IMG_0837.jpg', 'Bristol Hotel Tashkent / Deluxe Double Room - Image 20', 19);
INSERT INTO hotel_images (hotel_id, image_url, alt_text, sort_order) VALUES (178, 'https://daydreamhub.com/wp-content/uploads/2025/03/IMG_0146.jpeg', 'Bristol Hotel Tashkent / Deluxe Double Room - Image 21', 20);
INSERT INTO hotel_images (hotel_id, image_url, alt_text, sort_order) VALUES (178, 'https://daydreamhub.com/wp-content/uploads/2025/03/IMG_0141.jpeg', 'Bristol Hotel Tashkent / Deluxe Double Room - Image 22', 21);
INSERT INTO hotel_images (hotel_id, image_url, alt_text, sort_order) VALUES (178, 'https://daydreamhub.com/wp-content/uploads/2025/03/IMG_0128.jpeg', 'Bristol Hotel Tashkent / Deluxe Double Room - Image 23', 22);
INSERT INTO hotel_images (hotel_id, image_url, alt_text, sort_order) VALUES (178, 'https://daydreamhub.com/wp-content/uploads/2025/03/IMG_0127.jpeg', 'Bristol Hotel Tashkent / Deluxe Double Room - Image 24', 23);
INSERT INTO hotel_images (hotel_id, image_url, alt_text, sort_order) VALUES (178, 'https://daydreamhub.com/wp-content/uploads/2025/03/IMG_0116.jpeg', 'Bristol Hotel Tashkent / Deluxe Double Room - Image 25', 24);
INSERT INTO hotel_images (hotel_id, image_url, alt_text, sort_order) VALUES (178, 'https://daydreamhub.com/wp-content/uploads/2025/03/1.webp', 'Bristol Hotel Tashkent / Deluxe Double Room - Image 26', 25);
INSERT INTO hotel_images (hotel_id, image_url, alt_text, sort_order) VALUES (178, 'https://daydreamhub.com/wp-content/uploads/2025/03/8.webp', 'Bristol Hotel Tashkent / Deluxe Double Room - Image 27', 26);
INSERT INTO hotel_images (hotel_id, image_url, alt_text, sort_order) VALUES (178, 'https://daydreamhub.com/wp-content/uploads/2025/03/3.webp', 'Bristol Hotel Tashkent / Deluxe Double Room - Image 28', 27);
INSERT INTO hotel_images (hotel_id, image_url, alt_text, sort_order) VALUES (178, 'https://daydreamhub.com/wp-content/uploads/2025/03/2.webp', 'Bristol Hotel Tashkent / Deluxe Double Room - Image 29', 28);
INSERT INTO hotel_images (hotel_id, image_url, alt_text, sort_order) VALUES (178, 'https://daydreamhub.com/wp-content/uploads/2025/03/6.webp', 'Bristol Hotel Tashkent / Deluxe Double Room - Image 30', 29);
INSERT INTO hotel_images (hotel_id, image_url, alt_text, sort_order) VALUES (178, 'https://daydreamhub.com/wp-content/uploads/2025/03/5.webp', 'Bristol Hotel Tashkent / Deluxe Double Room - Image 31', 30);
INSERT INTO hotel_images (hotel_id, image_url, alt_text, sort_order) VALUES (178, 'https://daydreamhub.com/wp-content/uploads/2025/03/13.webp', 'Bristol Hotel Tashkent / Deluxe Double Room - Image 32', 31);
INSERT INTO hotel_images (hotel_id, image_url, alt_text, sort_order) VALUES (178, 'https://daydreamhub.com/wp-content/uploads/2025/03/10.webp', 'Bristol Hotel Tashkent / Deluxe Double Room - Image 33', 32);
INSERT INTO hotel_images (hotel_id, image_url, alt_text, sort_order) VALUES (178, 'https://daydreamhub.com/wp-content/uploads/2025/03/9.webp', 'Bristol Hotel Tashkent / Deluxe Double Room - Image 34', 33);
INSERT INTO hotel_images (hotel_id, image_url, alt_text, sort_order) VALUES (178, 'https://daydreamhub.com/wp-content/uploads/2025/03/7.webp', 'Bristol Hotel Tashkent / Deluxe Double Room - Image 35', 34);
INSERT INTO hotels (id, name, slug, description, city, country, address, rating, thumbnail_url, categories, amenities, property_type, is_active) VALUES (179, 'Quito Historic Centre/\”Family\” – suite', 'quito-historic-centre-family-suite', 'Spacious Suite, very comfortable for family or friends travelling together.', 'Pichincha', 'Ecuador', '', 0, 'https://daydreamhub.com/wp-content/uploads/2025/03/Over-the-Bridge-master-bedroom-general-view.jpg', '["luxury"]', '["Laundry Service","Luggage Storage","Massage","Coffee maker","Desk/Workspace","Electric pot","Free Wi-Fi","Hair Dryer","Kitchen","Refrigerator","Shampoo","Shower","Toothbrush","Towels","TV"]', 'Hotel', 1);
INSERT INTO plans (hotel_id, name, description, price_usd, check_in_time, check_out_time, plan_type, max_guests, is_active) VALUES (179, 'Afternoon Stay(prepayment)', '', 195, '12:00', '20:00', 'luxury', 2, 1);
INSERT INTO plans (hotel_id, name, description, price_usd, check_in_time, check_out_time, plan_type, max_guests, is_active) VALUES (179, 'Overnight stay(prepayment)', '', 225, '15:00', '11:00', 'overnight', 2, 1);
INSERT INTO hotel_images (hotel_id, image_url, alt_text, sort_order) VALUES (179, 'https://daydreamhub.com/wp-content/uploads/2025/03/Over-the-Bridge-master-bedroom-general-view.jpg', 'Quito Historic Centre/\”Family\” – suite - Image 1', 0);
INSERT INTO hotel_images (hotel_id, image_url, alt_text, sort_order) VALUES (179, 'https://daydreamhub.com/wp-content/uploads/2025/03/Room-with-a-view-bed.jpg', 'Quito Historic Centre/\”Family\” – suite - Image 2', 1);
INSERT INTO hotel_images (hotel_id, image_url, alt_text, sort_order) VALUES (179, 'https://daydreamhub.com/wp-content/uploads/2025/03/Over-the-Bridge-second-bedroom-general-view.jpg', 'Quito Historic Centre/\”Family\” – suite - Image 3', 2);
INSERT INTO hotel_images (hotel_id, image_url, alt_text, sort_order) VALUES (179, 'https://daydreamhub.com/wp-content/uploads/2025/03/Room-with-a-View-master-bedroom.jpg', 'Quito Historic Centre/\”Family\” – suite - Image 4', 3);
INSERT INTO hotel_images (hotel_id, image_url, alt_text, sort_order) VALUES (179, 'https://daydreamhub.com/wp-content/uploads/2025/03/Room-with-a-View-side-view.jpg', 'Quito Historic Centre/\”Family\” – suite - Image 5', 4);
INSERT INTO hotel_images (hotel_id, image_url, alt_text, sort_order) VALUES (179, 'https://daydreamhub.com/wp-content/uploads/2025/03/Courtyard-amaryllis.jpg', 'Quito Historic Centre/\”Family\” – suite - Image 6', 5);
INSERT INTO hotel_images (hotel_id, image_url, alt_text, sort_order) VALUES (179, 'https://daydreamhub.com/wp-content/uploads/2025/03/Room-with-a-View_living-room_general-view.jpg', 'Quito Historic Centre/\”Family\” – suite - Image 7', 6);
INSERT INTO hotel_images (hotel_id, image_url, alt_text, sort_order) VALUES (179, 'https://daydreamhub.com/wp-content/uploads/2025/03/Over-the-Bridge_main-bathrooom-1.jpg', 'Quito Historic Centre/\”Family\” – suite - Image 8', 7);
INSERT INTO hotel_images (hotel_id, image_url, alt_text, sort_order) VALUES (179, 'https://daydreamhub.com/wp-content/uploads/2025/03/Courtyard-from-above.jpg', 'Quito Historic Centre/\”Family\” – suite - Image 9', 8);
INSERT INTO hotel_images (hotel_id, image_url, alt_text, sort_order) VALUES (179, 'https://daydreamhub.com/wp-content/uploads/2025/03/High-Ceilings-suite_general-view.jpg', 'Quito Historic Centre/\”Family\” – suite - Image 10', 9);
INSERT INTO hotel_images (hotel_id, image_url, alt_text, sort_order) VALUES (179, 'https://daydreamhub.com/wp-content/uploads/2025/03/Courtyard-sunshine.jpg', 'Quito Historic Centre/\”Family\” – suite - Image 11', 10);
INSERT INTO hotel_images (hotel_id, image_url, alt_text, sort_order) VALUES (179, 'https://daydreamhub.com/wp-content/uploads/2025/03/Hallway-colonial-design.jpg', 'Quito Historic Centre/\”Family\” – suite - Image 12', 11);
INSERT INTO hotel_images (hotel_id, image_url, alt_text, sort_order) VALUES (179, 'https://daydreamhub.com/wp-content/uploads/2025/03/Hallway-colonial-experience.jpg', 'Quito Historic Centre/\”Family\” – suite - Image 13', 12);
INSERT INTO hotel_images (hotel_id, image_url, alt_text, sort_order) VALUES (179, 'https://daydreamhub.com/wp-content/uploads/2025/03/Patio-by-night.jpg', 'Quito Historic Centre/\”Family\” – suite - Image 14', 13);
INSERT INTO hotel_images (hotel_id, image_url, alt_text, sort_order) VALUES (179, 'https://daydreamhub.com/wp-content/uploads/2025/03/Room-details.jpg', 'Quito Historic Centre/\”Family\” – suite - Image 15', 14);
INSERT INTO hotel_images (hotel_id, image_url, alt_text, sort_order) VALUES (179, 'https://daydreamhub.com/wp-content/uploads/2025/03/Room-view_Room-with-a-view.jpg', 'Quito Historic Centre/\”Family\” – suite - Image 16', 15);
INSERT INTO hotels (id, name, slug, description, city, country, address, rating, thumbnail_url, categories, amenities, property_type, is_active) VALUES (180, 'Carnarvon Lodge Kirribilli / Double Room with Private Bathroom', 'carnarvon-lodge-kirribilli-double-room-with-private-bathroom', 'Featuring barbecue facilities, Carnarvon Lodge Kirribilli, Sydney is situated in Sydney in the New South Wales region, 3.8 km from Circular Quay and 4.2 km from The Royal Botanic Gardens. With free WiFi, this 4-star hotel offers a shared kitchen and a shared lounge. The property is non-smoking and is located less than 1 km from Luna Park Sydney.

This air-conditioned double room features a desk, a patio, a quiet street view and a private bathroom. The unit offers 1 bed.

Short stroll to the shops, transport, parks and view of all of Sydney’s iconic landmarks!', 'Sydney', 'Australia', '', 0, 'https://daydreamhub.com/wp-content/uploads/2025/02/222609203.webp', '["for_couple","personal_time"]', '["Coin laundry","Luggage Storage","Parking on Premises","Air Conditioner (Cooling)","Air Conditioner (Heating)","Desk/Workspace","Electric pot","Free Wi-Fi","Hair Dryer","Refrigerator","Shampoo","Shower","Towels","TV"]', 'Hotel', 1);
INSERT INTO plans (hotel_id, name, description, price_usd, check_in_time, check_out_time, plan_type, max_guests, is_active) VALUES (180, '【8H】Daytime(prepayment)', '', 90, '10:00', '18:00', 'for_couple', 2, 1);
INSERT INTO plans (hotel_id, name, description, price_usd, check_in_time, check_out_time, plan_type, max_guests, is_active) VALUES (180, '【24H】Overnight(prepayment)', '', 150, '10:00', '10:00', 'overnight', 2, 1);
INSERT INTO hotel_images (hotel_id, image_url, alt_text, sort_order) VALUES (180, 'https://daydreamhub.com/wp-content/uploads/2025/02/222609203.webp', 'Carnarvon Lodge Kirribilli / Double Room with Private Bathroom - Image 1', 0);
INSERT INTO hotel_images (hotel_id, image_url, alt_text, sort_order) VALUES (180, 'https://daydreamhub.com/wp-content/uploads/2025/02/222609230.webp', 'Carnarvon Lodge Kirribilli / Double Room with Private Bathroom - Image 2', 1);
INSERT INTO hotel_images (hotel_id, image_url, alt_text, sort_order) VALUES (180, 'https://daydreamhub.com/wp-content/uploads/2025/02/222609247.webp', 'Carnarvon Lodge Kirribilli / Double Room with Private Bathroom - Image 3', 2);
INSERT INTO hotel_images (hotel_id, image_url, alt_text, sort_order) VALUES (180, 'https://daydreamhub.com/wp-content/uploads/2025/02/227043941.webp', 'Carnarvon Lodge Kirribilli / Double Room with Private Bathroom - Image 4', 3);
INSERT INTO hotel_images (hotel_id, image_url, alt_text, sort_order) VALUES (180, 'https://daydreamhub.com/wp-content/uploads/2025/02/227043939.webp', 'Carnarvon Lodge Kirribilli / Double Room with Private Bathroom - Image 5', 4);
INSERT INTO hotel_images (hotel_id, image_url, alt_text, sort_order) VALUES (180, 'https://daydreamhub.com/wp-content/uploads/2025/02/222609236.webp', 'Carnarvon Lodge Kirribilli / Double Room with Private Bathroom - Image 6', 5);
INSERT INTO hotel_images (hotel_id, image_url, alt_text, sort_order) VALUES (180, 'https://daydreamhub.com/wp-content/uploads/2025/02/227043934.webp', 'Carnarvon Lodge Kirribilli / Double Room with Private Bathroom - Image 7', 6);
INSERT INTO hotels (id, name, slug, description, city, country, address, rating, thumbnail_url, categories, amenities, property_type, is_active) VALUES (181, 'Grande Kloof Boutique Hotel / Deluxe Double Room', 'grande-kloof-boutique-hotel-deluxe-double-room', 'The stylish and innovative rooms impress with their attention to detail. Their blend of robust colors, fine fabrics and slick furniture will seduce you.', 'Cape Town', 'South Africa', '', 2, 'https://daydreamhub.com/wp-content/uploads/2025/02/スクリーンショット-2025-02-25-220210.jpg', '["for_couple"]', '["Bar / Restaurant","Luggage Storage","Massage","Parking on Premises","Pool","Air Conditioner (Cooling)","Bathtub","Desk/Workspace","Free Wi-Fi","Hair Dryer","Shower","Toothbrush"]', 'Hotel', 1);
INSERT INTO plans (hotel_id, name, description, price_usd, check_in_time, check_out_time, plan_type, max_guests, is_active) VALUES (181, '【6H】Morning(prepayment)', '', 90, '14:00', '11:00', 'for_couple', 2, 1);
INSERT INTO plans (hotel_id, name, description, price_usd, check_in_time, check_out_time, plan_type, max_guests, is_active) VALUES (181, '【10H】Daytime (prepayment)', '', 100, '10:00', '20:00', 'for_couple', 2, 1);
INSERT INTO plans (hotel_id, name, description, price_usd, check_in_time, check_out_time, plan_type, max_guests, is_active) VALUES (181, '【28H】Overnight(prepayment)', '', 180, '8:00', '12:00', 'overnight', 2, 1);
INSERT INTO hotel_images (hotel_id, image_url, alt_text, sort_order) VALUES (181, 'https://daydreamhub.com/wp-content/uploads/2025/02/スクリーンショット-2025-02-25-220210.jpg', 'Grande Kloof Boutique Hotel / Deluxe Double Room - Image 1', 0);
INSERT INTO hotel_images (hotel_id, image_url, alt_text, sort_order) VALUES (181, 'https://daydreamhub.com/wp-content/uploads/2025/02/スクリーンショット-2025-02-25-220235.jpg', 'Grande Kloof Boutique Hotel / Deluxe Double Room - Image 2', 1);
INSERT INTO hotel_images (hotel_id, image_url, alt_text, sort_order) VALUES (181, 'https://daydreamhub.com/wp-content/uploads/2025/02/スクリーンショット-2025-02-25-220355.jpg', 'Grande Kloof Boutique Hotel / Deluxe Double Room - Image 3', 2);
INSERT INTO hotel_images (hotel_id, image_url, alt_text, sort_order) VALUES (181, 'https://daydreamhub.com/wp-content/uploads/2025/02/スクリーンショット-2025-02-25-220321.jpg', 'Grande Kloof Boutique Hotel / Deluxe Double Room - Image 4', 3);
INSERT INTO hotel_images (hotel_id, image_url, alt_text, sort_order) VALUES (181, 'https://daydreamhub.com/wp-content/uploads/2025/02/547012077.jpg', 'Grande Kloof Boutique Hotel / Deluxe Double Room - Image 5', 4);
INSERT INTO hotel_images (hotel_id, image_url, alt_text, sort_order) VALUES (181, 'https://daydreamhub.com/wp-content/uploads/2025/02/547012625-1.jpg', 'Grande Kloof Boutique Hotel / Deluxe Double Room - Image 6', 5);
INSERT INTO hotels (id, name, slug, description, city, country, address, rating, thumbnail_url, categories, amenities, property_type, is_active) VALUES (182, 'Design Hotel Neruda / Superior Room', 'design-hotel-neruda-superior-room', 'The hotel features a modern Baroque interior design and upon prior reservation and surcharge guest can enjoy a private access to spa area with hot tub and sauna.', 'Prague', 'Czech Republic', '', 0, 'https://daydreamhub.com/wp-content/uploads/2025/02/スクリーンショット-2025-02-25-172310.jpg', '["for_couple"]', '["Bar / Restaurant","Elevator in Building","Laundry Service","Luggage Storage","Massage","Sauna","Air Conditioner (Cooling)","Air Conditioner (Heating)","Coffee maker","Desk/Workspace","Free Wi-Fi","Hair Dryer","Shampoo","Shower","Toothbrush","Towels","TV"]', 'Hotel', 1);
INSERT INTO plans (hotel_id, name, description, price_usd, check_in_time, check_out_time, plan_type, max_guests, is_active) VALUES (182, '【6H】Morning(prepayment)', '', 80, '6:00', '12:00', 'for_couple', 2, 1);
INSERT INTO plans (hotel_id, name, description, price_usd, check_in_time, check_out_time, plan_type, max_guests, is_active) VALUES (182, '【10H】Daytime (prepayment)', '', 155, '10:00', '20:00', 'for_couple', 2, 1);
INSERT INTO plans (hotel_id, name, description, price_usd, check_in_time, check_out_time, plan_type, max_guests, is_active) VALUES (182, '【10H】Airport Shuttle（One Way Trip)(prepayment)', '', 155, '8:00', '20:00', 'for_couple', 2, 1);
INSERT INTO plans (hotel_id, name, description, price_usd, check_in_time, check_out_time, plan_type, max_guests, is_active) VALUES (182, '【28H】Overnight(prepayment)', '', 200, '8:00', '12:00', 'overnight', 2, 1);
INSERT INTO hotel_images (hotel_id, image_url, alt_text, sort_order) VALUES (182, 'https://daydreamhub.com/wp-content/uploads/2025/02/スクリーンショット-2025-02-25-172310.jpg', 'Design Hotel Neruda / Superior Room - Image 1', 0);
INSERT INTO hotel_images (hotel_id, image_url, alt_text, sort_order) VALUES (182, 'https://daydreamhub.com/wp-content/uploads/2025/02/スクリーンショット-2025-02-25-172321.jpg', 'Design Hotel Neruda / Superior Room - Image 2', 1);
INSERT INTO hotel_images (hotel_id, image_url, alt_text, sort_order) VALUES (182, 'https://daydreamhub.com/wp-content/uploads/2025/02/スクリーンショット-2025-02-25-172336.jpg', 'Design Hotel Neruda / Superior Room - Image 3', 2);
INSERT INTO hotel_images (hotel_id, image_url, alt_text, sort_order) VALUES (182, 'https://daydreamhub.com/wp-content/uploads/2025/02/スクリーンショット-2025-02-25-172346.jpg', 'Design Hotel Neruda / Superior Room - Image 4', 3);
INSERT INTO hotel_images (hotel_id, image_url, alt_text, sort_order) VALUES (182, 'https://daydreamhub.com/wp-content/uploads/2025/02/188632152.jpg', 'Design Hotel Neruda / Superior Room - Image 5', 4);
INSERT INTO hotel_images (hotel_id, image_url, alt_text, sort_order) VALUES (182, 'https://daydreamhub.com/wp-content/uploads/2025/02/224834022.jpg', 'Design Hotel Neruda / Superior Room - Image 6', 5);
INSERT INTO hotels (id, name, slug, description, city, country, address, rating, thumbnail_url, categories, amenities, property_type, is_active) VALUES (183, 'Old Town Quito Suites / “High Ceilings” Suite', 'old-town-quito-suites-high-ceilings-suite', 'In the historic centre of Quito, at “Old Town Quito Suites – High Ceilings-suite” you’ll be captivated by the soaring ceilings in the living room that define its charm. As part of the best boutique hotel experience at this Hotel, every detail of this suite, from the luxurious high curtains to the old beams and solid parquet flooring, transports you to a bygone era. The elegant marble bathroom and spacious walk-in closet add a touch of modern luxury, making this one-bedroom apartment the perfect blend of history and comfort.. Free wifi is offered throughout the property, and private parking is available on site.', 'Pichincha', 'Ecuador', '', 2, 'https://daydreamhub.com/wp-content/uploads/2025/02/スクリーンショット-2025-02-21-215036.jpg', '["for_couple"]', '["Fax","Laundry Service","Luggage Storage","Massage","Parking on Premises","Wheelchair Accessible","Coffee maker","Desk/Workspace","Electric pot","Free Wi-Fi","Hair Dryer","Kitchen","Night wear","Refrigerator","Shampoo","Shower","Toothbrush","Towels","TV"]', 'Hotel', 1);
INSERT INTO plans (hotel_id, name, description, price_usd, check_in_time, check_out_time, plan_type, max_guests, is_active) VALUES (183, '【5H】Early Check In(prepayment)', '', 100, '7:00', '12:00', 'for_couple', 2, 1);
INSERT INTO plans (hotel_id, name, description, price_usd, check_in_time, check_out_time, plan_type, max_guests, is_active) VALUES (183, '【10H】Daytime (prepayment)', '', 125, '10:00', '20:00', 'for_couple', 2, 1);
INSERT INTO plans (hotel_id, name, description, price_usd, check_in_time, check_out_time, plan_type, max_guests, is_active) VALUES (183, '【10H】Airport Shuttle（One Way Trip)(prepayment)', '', 150, '10:00', '20:00', 'for_couple', 2, 1);
INSERT INTO plans (hotel_id, name, description, price_usd, check_in_time, check_out_time, plan_type, max_guests, is_active) VALUES (183, '【20H】Overnight(prepayment)', '', 165, '15:00', '11:00', 'overnight', 2, 1);
INSERT INTO hotel_images (hotel_id, image_url, alt_text, sort_order) VALUES (183, 'https://daydreamhub.com/wp-content/uploads/2025/02/スクリーンショット-2025-02-21-215036.jpg', 'Old Town Quito Suites / “High Ceilings” Suite - Image 1', 0);
INSERT INTO hotel_images (hotel_id, image_url, alt_text, sort_order) VALUES (183, 'https://daydreamhub.com/wp-content/uploads/2025/02/High-Ceilings-led-fireplace.jpg', 'Old Town Quito Suites / “High Ceilings” Suite - Image 2', 1);
INSERT INTO hotel_images (hotel_id, image_url, alt_text, sort_order) VALUES (183, 'https://daydreamhub.com/wp-content/uploads/2025/02/Courtyard-amaryllis.jpg', 'Old Town Quito Suites / “High Ceilings” Suite - Image 3', 2);
INSERT INTO hotel_images (hotel_id, image_url, alt_text, sort_order) VALUES (183, 'https://daydreamhub.com/wp-content/uploads/2025/02/Courtyard-general-view.jpg', 'Old Town Quito Suites / “High Ceilings” Suite - Image 4', 3);
INSERT INTO hotel_images (hotel_id, image_url, alt_text, sort_order) VALUES (183, 'https://daydreamhub.com/wp-content/uploads/2025/02/Hallway-colonial-experience.jpg', 'Old Town Quito Suites / “High Ceilings” Suite - Image 5', 4);
INSERT INTO hotel_images (hotel_id, image_url, alt_text, sort_order) VALUES (183, 'https://daydreamhub.com/wp-content/uploads/2025/02/スクリーンショット-2025-02-21-215024.jpg', 'Old Town Quito Suites / “High Ceilings” Suite - Image 6', 5);
INSERT INTO hotel_images (hotel_id, image_url, alt_text, sort_order) VALUES (183, 'https://daydreamhub.com/wp-content/uploads/2025/02/スクリーンショット-2025-02-21-215211.jpg', 'Old Town Quito Suites / “High Ceilings” Suite - Image 7', 6);
INSERT INTO hotel_images (hotel_id, image_url, alt_text, sort_order) VALUES (183, 'https://daydreamhub.com/wp-content/uploads/2025/02/スクリーンショット-2025-02-21-215049.jpg', 'Old Town Quito Suites / “High Ceilings” Suite - Image 8', 7);
INSERT INTO hotel_images (hotel_id, image_url, alt_text, sort_order) VALUES (183, 'https://daydreamhub.com/wp-content/uploads/2025/02/433650303.jpg', 'Old Town Quito Suites / “High Ceilings” Suite - Image 9', 8);
INSERT INTO hotel_images (hotel_id, image_url, alt_text, sort_order) VALUES (183, 'https://daydreamhub.com/wp-content/uploads/2025/02/507075499.jpg', 'Old Town Quito Suites / “High Ceilings” Suite - Image 10', 9);
INSERT INTO hotel_images (hotel_id, image_url, alt_text, sort_order) VALUES (183, 'https://daydreamhub.com/wp-content/uploads/2025/02/209468283.jpg', 'Old Town Quito Suites / “High Ceilings” Suite - Image 11', 10);
INSERT INTO hotels (id, name, slug, description, city, country, address, rating, thumbnail_url, categories, amenities, property_type, is_active) VALUES (184, 'SENSE CERA SPA AT SIAMESE EXCLUSIVE 42(SPA&Wellness)', 'sense-cera-spa-at-siamese-exclusive-42spawellness-2', 'A separate room for massage and spa', 'Bangkok', 'Thailand', '', 0, 'https://daydreamhub.com/wp-content/uploads/2025/02/สมัคร1-1.jpg', '["personal_time"]', '["Massage","Free Wi-Fi"]', 'Private Room', 1);
INSERT INTO plans (hotel_id, name, description, price_usd, check_in_time, check_out_time, plan_type, max_guests, is_active) VALUES (184, '[60MIN] BALANCING MASSAGE(prepayment)', '', 52, '10:00', '11:00', 'personal_time', 2, 1);
INSERT INTO plans (hotel_id, name, description, price_usd, check_in_time, check_out_time, plan_type, max_guests, is_active) VALUES (184, '[120MIN] BALANCING MASSAGE(prepayment)', '', 112, '10:00', '12:00', 'personal_time', 2, 1);
INSERT INTO plans (hotel_id, name, description, price_usd, check_in_time, check_out_time, plan_type, max_guests, is_active) VALUES (184, '[60MIN] AROMA SANCTUARY MASSAGE(prepayment)', '', 52, '10:00', '11:00', 'personal_time', 2, 1);
INSERT INTO plans (hotel_id, name, description, price_usd, check_in_time, check_out_time, plan_type, max_guests, is_active) VALUES (184, '[120MIN] AROMA SANCTUARY MASSAGE(prepayment)', '', 112, '10:00', '12:00', 'personal_time', 2, 1);
INSERT INTO plans (hotel_id, name, description, price_usd, check_in_time, check_out_time, plan_type, max_guests, is_active) VALUES (184, '[60MIN] SWEDISH THAI FUSION MASSAGE(prepayment)', '', 52, '10:00', '11:00', 'personal_time', 2, 1);
INSERT INTO plans (hotel_id, name, description, price_usd, check_in_time, check_out_time, plan_type, max_guests, is_active) VALUES (184, '[120MIN] SWEDISH THAI FUSION MASSAGE(prepayment)', '', 112, '10:00', '12:00', 'personal_time', 2, 1);
INSERT INTO plans (hotel_id, name, description, price_usd, check_in_time, check_out_time, plan_type, max_guests, is_active) VALUES (184, '[120MIN] HIMALAYAN SALT STONE MASSAGE(prepayment)', '', 112, '10:00', '12:00', 'personal_time', 2, 1);
INSERT INTO plans (hotel_id, name, description, price_usd, check_in_time, check_out_time, plan_type, max_guests, is_active) VALUES (184, '[60MIN] SPORT MASSAGE (DEEP TISSUE MASSAGE)(prepayment)', '', 52, '10:00', '11:00', 'personal_time', 2, 1);
INSERT INTO plans (hotel_id, name, description, price_usd, check_in_time, check_out_time, plan_type, max_guests, is_active) VALUES (184, '[120MIN] SPORT MASSAGE (DEEP TISSUE MASSAGE)(prepayment)', '', 112, '10:00', '12:00', 'personal_time', 2, 1);
INSERT INTO plans (hotel_id, name, description, price_usd, check_in_time, check_out_time, plan_type, max_guests, is_active) VALUES (184, '[60MIN] TRADITIONAL THAI MASSAGE(prepayment)', '', 52, '10:00', '11:00', 'personal_time', 2, 1);
INSERT INTO plans (hotel_id, name, description, price_usd, check_in_time, check_out_time, plan_type, max_guests, is_active) VALUES (184, '[120MIN] TRADITIONAL THAI MASSAGE(prepayment)', '', 112, '10:00', '12:00', 'personal_time', 2, 1);
INSERT INTO plans (hotel_id, name, description, price_usd, check_in_time, check_out_time, plan_type, max_guests, is_active) VALUES (184, '[60MIN] THAI HERBAL COMPRESSION(prepayment)', '', 52, '10:00', '11:00', 'personal_time', 2, 1);
INSERT INTO plans (hotel_id, name, description, price_usd, check_in_time, check_out_time, plan_type, max_guests, is_active) VALUES (184, '[120MIN] THAI HERBAL COMPRESSION(prepayment)', '', 112, '10:00', '12:00', 'personal_time', 2, 1);
INSERT INTO plans (hotel_id, name, description, price_usd, check_in_time, check_out_time, plan_type, max_guests, is_active) VALUES (184, '[60MIN] ORIENTAL FOOT MASSAGE(prepayment)', '', 52, '10:00', '11:00', 'personal_time', 2, 1);
INSERT INTO plans (hotel_id, name, description, price_usd, check_in_time, check_out_time, plan_type, max_guests, is_active) VALUES (184, '[120MIN] ORIENTAL FOOT MASSAGE(prepayment)', '', 112, '10:00', '12:00', 'personal_time', 2, 1);
INSERT INTO plans (hotel_id, name, description, price_usd, check_in_time, check_out_time, plan_type, max_guests, is_active) VALUES (184, '[60MIN] ANTI-STRESS HEAD/BACK/SHOULDER MASSAGE(prepayment)', '', 52, '10:00', '11:00', 'personal_time', 2, 1);
INSERT INTO plans (hotel_id, name, description, price_usd, check_in_time, check_out_time, plan_type, max_guests, is_active) VALUES (184, '[120MIN] ANTI-STRESS HEAD/BACK/SHOULDER MASSAGE(prepayment)', '', 112, '10:00', '12:00', 'personal_time', 2, 1);
INSERT INTO plans (hotel_id, name, description, price_usd, check_in_time, check_out_time, plan_type, max_guests, is_active) VALUES (184, '[60MIN] Body Scrub(prepayment)', '', 52, '10:00', '11:00', 'personal_time', 2, 1);
INSERT INTO hotel_images (hotel_id, image_url, alt_text, sort_order) VALUES (184, 'https://daydreamhub.com/wp-content/uploads/2025/02/สมัคร1-1.jpg', 'SENSE CERA SPA AT SIAMESE EXCLUSIVE 42(SPA&Wellness) - Image 1', 0);
INSERT INTO hotel_images (hotel_id, image_url, alt_text, sort_order) VALUES (184, 'https://daydreamhub.com/wp-content/uploads/2025/02/1-1.jpg', 'SENSE CERA SPA AT SIAMESE EXCLUSIVE 42(SPA&Wellness) - Image 2', 1);
INSERT INTO hotel_images (hotel_id, image_url, alt_text, sort_order) VALUES (184, 'https://daydreamhub.com/wp-content/uploads/2025/02/2-1.jpg', 'SENSE CERA SPA AT SIAMESE EXCLUSIVE 42(SPA&Wellness) - Image 3', 2);
INSERT INTO hotel_images (hotel_id, image_url, alt_text, sort_order) VALUES (184, 'https://daydreamhub.com/wp-content/uploads/2025/02/3-1.jpg', 'SENSE CERA SPA AT SIAMESE EXCLUSIVE 42(SPA&Wellness) - Image 4', 3);
INSERT INTO hotel_images (hotel_id, image_url, alt_text, sort_order) VALUES (184, 'https://daydreamhub.com/wp-content/uploads/2025/02/462584532_122138999810325069_2284488048277129227_n-1.jpg', 'SENSE CERA SPA AT SIAMESE EXCLUSIVE 42(SPA&Wellness) - Image 5', 4);
INSERT INTO hotel_images (hotel_id, image_url, alt_text, sort_order) VALUES (184, 'https://daydreamhub.com/wp-content/uploads/2025/02/462614740_122138997542325069_5546484552973397865_n-1.jpg', 'SENSE CERA SPA AT SIAMESE EXCLUSIVE 42(SPA&Wellness) - Image 6', 5);
INSERT INTO hotel_images (hotel_id, image_url, alt_text, sort_order) VALUES (184, 'https://daydreamhub.com/wp-content/uploads/2025/02/463276106_122139682850325069_7132594948960896476_n-1.jpg', 'SENSE CERA SPA AT SIAMESE EXCLUSIVE 42(SPA&Wellness) - Image 7', 6);
INSERT INTO hotel_images (hotel_id, image_url, alt_text, sort_order) VALUES (184, 'https://daydreamhub.com/wp-content/uploads/2025/02/463332149_122139680816325069_5466323894233294718_n-1.jpg', 'SENSE CERA SPA AT SIAMESE EXCLUSIVE 42(SPA&Wellness) - Image 8', 7);
INSERT INTO hotels (id, name, slug, description, city, country, address, rating, thumbnail_url, categories, amenities, property_type, is_active) VALUES (185, 'Flixses Suites at Platinum KLCC / Deluxe Three Bedroom Suite', 'flixses-suites-at-platinum-klcc-deluxe-three-bedroom-suite', 'At the apartment complex, the units are equipped with air conditioning, a seating area, a flat-screen TV with streaming services, a kitchenette, a dining area, and a private bathroom with slippers, a walk-in shower, and a hair dryer. An oven, a microwave, and fridge are also featured, as well as a kettle.', 'Kuala Lumpur', 'Malaysia', '', 2, 'https://daydreamhub.com/wp-content/uploads/2025/02/585956666.jpg', '["for_couple","for_work","luxury","personal_time"]', '["Bar / Restaurant","Gym","Parking on Premises","Pool","Air Conditioner (Cooling)","Bathtub","Electric pot","Free Wi-Fi","Hair Dryer","Kitchen","Refrigerator","Shampoo","Shower","Towels","TV"]', 'Hotel', 1);
INSERT INTO plans (hotel_id, name, description, price_usd, check_in_time, check_out_time, plan_type, max_guests, is_active) VALUES (185, 'Early Bird Booking(prepayment)', '', 158, '15:00', '24:00', 'for_couple', 2, 1);
INSERT INTO plans (hotel_id, name, description, price_usd, check_in_time, check_out_time, plan_type, max_guests, is_active) VALUES (185, 'Basic(prepayment)', '', 160, '15:00', '24:00', 'for_couple', 2, 1);
INSERT INTO hotel_images (hotel_id, image_url, alt_text, sort_order) VALUES (185, 'https://daydreamhub.com/wp-content/uploads/2025/02/585956666.jpg', 'Flixses Suites at Platinum KLCC / Deluxe Three Bedroom Suite - Image 1', 0);
INSERT INTO hotels (id, name, slug, description, city, country, address, rating, thumbnail_url, categories, amenities, property_type, is_active) VALUES (186, 'Flixses Suites at Platinum KLCC / Superior 2 Rooms plus 1', 'flixses-suites-at-platinum-klcc-superior-2-rooms-plus-1', 'At the apartment complex, the units are equipped with air conditioning, a seating area, a flat-screen TV with streaming services, a kitchenette, a dining area, and a private bathroom with slippers, a walk-in shower, and a hair dryer. An oven, a microwave, and fridge are also featured, as well as a kettle.', 'Kuala Lumpur', 'Malaysia', '', 2, 'https://daydreamhub.com/wp-content/uploads/2025/02/585956666.jpg', '["for_couple","for_work","luxury","personal_time"]', '["Bar / Restaurant","Gym","Parking on Premises","Pool","Air Conditioner (Cooling)","Electric pot","Free Wi-Fi","Hair Dryer","Kitchen","Refrigerator","Shampoo","Shower","Towels","TV"]', 'Hotel', 1);
INSERT INTO plans (hotel_id, name, description, price_usd, check_in_time, check_out_time, plan_type, max_guests, is_active) VALUES (186, 'Early Bird Booking(prepayment)', '', 94, '15:00', '24:00', 'for_couple', 2, 1);
INSERT INTO plans (hotel_id, name, description, price_usd, check_in_time, check_out_time, plan_type, max_guests, is_active) VALUES (186, 'Basic(prepayment)', '', 96, '15:00', '24:00', 'for_couple', 2, 1);
INSERT INTO hotel_images (hotel_id, image_url, alt_text, sort_order) VALUES (186, 'https://daydreamhub.com/wp-content/uploads/2025/02/585956666.jpg', 'Flixses Suites at Platinum KLCC / Superior 2 Rooms plus 1 - Image 1', 0);
INSERT INTO hotels (id, name, slug, description, city, country, address, rating, thumbnail_url, categories, amenities, property_type, is_active) VALUES (187, 'Flixses Suites at Platinum KLCC / Suite with City View', 'flixses-suites-at-platinum-klcc-suite-with-city-view', 'At the apartment complex, the units are equipped with air conditioning, a seating area, a flat-screen TV with streaming services, a kitchenette, a dining area, and a private bathroom with slippers, a walk-in shower, and a hair dryer. An oven, a microwave, and fridge are also featured, as well as a kettle.', 'Kuala Lumpur', 'Malaysia', '', 2, 'https://daydreamhub.com/wp-content/uploads/2025/02/585956666.jpg', '["for_couple","for_work","luxury","personal_time"]', '["Bar / Restaurant","Gym","Parking on Premises","Pool","Air Conditioner (Cooling)","Electric pot","Free Wi-Fi","Hair Dryer","Kitchen","Refrigerator","Shampoo","Shower","Towels","TV"]', 'Hotel', 1);
INSERT INTO plans (hotel_id, name, description, price_usd, check_in_time, check_out_time, plan_type, max_guests, is_active) VALUES (187, 'Early Bird Booking(prepayment)', '', 84, '15:00', '24:00', 'for_couple', 2, 1);
INSERT INTO plans (hotel_id, name, description, price_usd, check_in_time, check_out_time, plan_type, max_guests, is_active) VALUES (187, 'Basic(prepayment)', '', 86, '15:00', '24:00', 'for_couple', 2, 1);
INSERT INTO hotel_images (hotel_id, image_url, alt_text, sort_order) VALUES (187, 'https://daydreamhub.com/wp-content/uploads/2025/02/585956666.jpg', 'Flixses Suites at Platinum KLCC / Suite with City View - Image 1', 0);
INSERT INTO hotels (id, name, slug, description, city, country, address, rating, thumbnail_url, categories, amenities, property_type, is_active) VALUES (188, 'Flixses Suites at Platinum KLCC / Executive Two Bedroom with Bathtub', 'flixses-suites-at-platinum-klcc-executive-two-bedroom-with-bathtub', 'At the apartment complex, the units are equipped with air conditioning, a seating area, a flat-screen TV with streaming services, a kitchenette, a dining area, and a private bathroom with slippers, a walk-in shower, and a hair dryer. An oven, a microwave, and fridge are also featured, as well as a kettle.', 'Kuala Lumpur', 'Malaysia', '', 2, 'https://daydreamhub.com/wp-content/uploads/2025/02/585956666.jpg', '["for_couple","for_work","luxury","personal_time"]', '["Bar / Restaurant","Gym","Parking on Premises","Pool","Air Conditioner (Cooling)","Bathtub","Electric pot","Free Wi-Fi","Hair Dryer","Kitchen","Refrigerator","Shampoo","Shower","Towels","TV"]', 'Hotel', 1);
INSERT INTO plans (hotel_id, name, description, price_usd, check_in_time, check_out_time, plan_type, max_guests, is_active) VALUES (188, 'Early Bird Booking(prepayment)', '', 74, '15:00', '24:00', 'for_couple', 2, 1);
INSERT INTO plans (hotel_id, name, description, price_usd, check_in_time, check_out_time, plan_type, max_guests, is_active) VALUES (188, 'Basic(prepayment)', '', 76, '15:00', '24:00', 'for_couple', 2, 1);
INSERT INTO hotel_images (hotel_id, image_url, alt_text, sort_order) VALUES (188, 'https://daydreamhub.com/wp-content/uploads/2025/02/585956666.jpg', 'Flixses Suites at Platinum KLCC / Executive Two Bedroom with Bathtub - Image 1', 0);
INSERT INTO hotels (id, name, slug, description, city, country, address, rating, thumbnail_url, categories, amenities, property_type, is_active) VALUES (189, 'Flixses Suites at Platinum KLCC / Deluxe Family Suite', 'flixses-suites-at-platinum-klcc-deluxe-family-suite', 'At the apartment complex, the units are equipped with air conditioning, a seating area, a flat-screen TV with streaming services, a kitchenette, a dining area, and a private bathroom with slippers, a walk-in shower, and a hair dryer. An oven, a microwave, and fridge are also featured, as well as a kettle.', 'Kuala Lumpur', 'Malaysia', '', 2, 'https://daydreamhub.com/wp-content/uploads/2025/02/585956666.jpg', '["for_couple","for_work","luxury","personal_time"]', '["Bar / Restaurant","Gym","Parking on Premises","Pool","Air Conditioner (Cooling)","Bathtub","Electric pot","Free Wi-Fi","Hair Dryer","Kitchen","Refrigerator","Shampoo","Shower","Towels","TV"]', 'Hotel', 1);
INSERT INTO plans (hotel_id, name, description, price_usd, check_in_time, check_out_time, plan_type, max_guests, is_active) VALUES (189, 'Early Bird Booking(prepayment)', '', 66, '15:00', '24:00', 'for_couple', 2, 1);
INSERT INTO plans (hotel_id, name, description, price_usd, check_in_time, check_out_time, plan_type, max_guests, is_active) VALUES (189, 'Basic(prepayment)', '', 66, '15:00', '24:00', 'for_couple', 2, 1);
INSERT INTO hotel_images (hotel_id, image_url, alt_text, sort_order) VALUES (189, 'https://daydreamhub.com/wp-content/uploads/2025/02/585956666.jpg', 'Flixses Suites at Platinum KLCC / Deluxe Family Suite - Image 1', 0);
INSERT INTO hotels (id, name, slug, description, city, country, address, rating, thumbnail_url, categories, amenities, property_type, is_active) VALUES (190, 'Flixses Suites at Platinum KLCC / One-Bedroom Apartment', 'flixses-suites-at-platinum-klcc-one-bedroom-apartment', 'At the apartment complex, the units are equipped with air conditioning, a seating area, a flat-screen TV with streaming services, a kitchenette, a dining area, and a private bathroom with slippers, a walk-in shower, and a hair dryer. An oven, a microwave, and fridge are also featured, as well as a kettle.', 'Kuala Lumpur', 'Malaysia', '', 2, 'https://daydreamhub.com/wp-content/uploads/2025/02/585956666.jpg', '["for_couple","for_work","luxury","personal_time"]', '["Bar / Restaurant","Gym","Parking on Premises","Pool","Air Conditioner (Cooling)","Electric pot","Free Wi-Fi","Hair Dryer","Kitchen","Refrigerator","Shampoo","Shower","Towels","TV"]', 'Hotel', 1);
INSERT INTO plans (hotel_id, name, description, price_usd, check_in_time, check_out_time, plan_type, max_guests, is_active) VALUES (190, 'Early Bird Booking(prepayment)', '', 55, '15:00', '24:00', 'for_couple', 2, 1);
INSERT INTO plans (hotel_id, name, description, price_usd, check_in_time, check_out_time, plan_type, max_guests, is_active) VALUES (190, 'Basic(prepayment)', '', 56, '15:00', '24:00', 'for_couple', 2, 1);
INSERT INTO hotel_images (hotel_id, image_url, alt_text, sort_order) VALUES (190, 'https://daydreamhub.com/wp-content/uploads/2025/02/585956666.jpg', 'Flixses Suites at Platinum KLCC / One-Bedroom Apartment - Image 1', 0);
INSERT INTO hotels (id, name, slug, description, city, country, address, rating, thumbnail_url, categories, amenities, property_type, is_active) VALUES (191, 'SENSE CERA SPA AT SIAMESE EXCLUSIVE 42(SPA&Wellness)', 'sense-cera-spa-at-siamese-exclusive-42spawellness', 'A sanctuary of vitality awaits, inviting you to relax, refresh and re-balance step into paradise on earth and be transported to a holistic realm of well-being. Having mapped your journey in consultation with your intensively trained therapist, your personalized mind- and body-awakening and soul-stirring voyage of discovery begins.

Sense Cera Spa Ekkamai (BTS Ekkamai Exit 4)
 Open Dialy: 10.00 – 22.00
 RVSN: 02-331-1022', 'Bangkok, Thailand', '', '', 0, 'https://daydreamhub.com/wp-content/uploads/2025/02/สมัคร1.jpg', '["personal_time"]', '["Massage","Free Wi-Fi"]', 'Private Room', 1);
INSERT INTO plans (hotel_id, name, description, price_usd, check_in_time, check_out_time, plan_type, max_guests, is_active) VALUES (191, '[120MIN] Anti-Skin Allergy Treatment (PINDA SWEDANA TREATMENT)(prepayment)', '', 112, '10:00', '12:00', 'personal_time', 2, 1);
INSERT INTO plans (hotel_id, name, description, price_usd, check_in_time, check_out_time, plan_type, max_guests, is_active) VALUES (191, '[120MIN] Anti-Office Syndrome Treatment (SIAM BLENDED TREATMENT)(prepayment)', '', 112, '10:00', '12:00', 'personal_time', 2, 1);
INSERT INTO plans (hotel_id, name, description, price_usd, check_in_time, check_out_time, plan_type, max_guests, is_active) VALUES (191, '[120MIN] Sleep Well Treatment (AYURVEDIC ABHYANGA TREATMENT)(prepayment)', '', 112, '10:00', '12:00', 'personal_time', 2, 1);
INSERT INTO plans (hotel_id, name, description, price_usd, check_in_time, check_out_time, plan_type, max_guests, is_active) VALUES (191, '[120MIN] CEBRITY SKIN GOLDEN TREATMENT (prepayment)', '', 112, '10:00', '12:00', 'personal_time', 2, 1);
INSERT INTO hotel_images (hotel_id, image_url, alt_text, sort_order) VALUES (191, 'https://daydreamhub.com/wp-content/uploads/2025/02/สมัคร1.jpg', 'SENSE CERA SPA AT SIAMESE EXCLUSIVE 42(SPA&Wellness) - Image 1', 0);
INSERT INTO hotel_images (hotel_id, image_url, alt_text, sort_order) VALUES (191, 'https://daydreamhub.com/wp-content/uploads/2025/02/1.jpg', 'SENSE CERA SPA AT SIAMESE EXCLUSIVE 42(SPA&Wellness) - Image 2', 1);
INSERT INTO hotel_images (hotel_id, image_url, alt_text, sort_order) VALUES (191, 'https://daydreamhub.com/wp-content/uploads/2025/02/2.jpg', 'SENSE CERA SPA AT SIAMESE EXCLUSIVE 42(SPA&Wellness) - Image 3', 2);
INSERT INTO hotel_images (hotel_id, image_url, alt_text, sort_order) VALUES (191, 'https://daydreamhub.com/wp-content/uploads/2025/02/3.jpg', 'SENSE CERA SPA AT SIAMESE EXCLUSIVE 42(SPA&Wellness) - Image 4', 3);
INSERT INTO hotel_images (hotel_id, image_url, alt_text, sort_order) VALUES (191, 'https://daydreamhub.com/wp-content/uploads/2025/02/462584532_122138999810325069_2284488048277129227_n.jpg', 'SENSE CERA SPA AT SIAMESE EXCLUSIVE 42(SPA&Wellness) - Image 5', 4);
INSERT INTO hotel_images (hotel_id, image_url, alt_text, sort_order) VALUES (191, 'https://daydreamhub.com/wp-content/uploads/2025/02/462614740_122138997542325069_5546484552973397865_n.jpg', 'SENSE CERA SPA AT SIAMESE EXCLUSIVE 42(SPA&Wellness) - Image 6', 5);
INSERT INTO hotel_images (hotel_id, image_url, alt_text, sort_order) VALUES (191, 'https://daydreamhub.com/wp-content/uploads/2025/02/463276106_122139682850325069_7132594948960896476_n.jpg', 'SENSE CERA SPA AT SIAMESE EXCLUSIVE 42(SPA&Wellness) - Image 7', 6);
INSERT INTO hotel_images (hotel_id, image_url, alt_text, sort_order) VALUES (191, 'https://daydreamhub.com/wp-content/uploads/2025/02/463332149_122139680816325069_5466323894233294718_n.jpg', 'SENSE CERA SPA AT SIAMESE EXCLUSIVE 42(SPA&Wellness) - Image 8', 7);
INSERT INTO hotels (id, name, slug, description, city, country, address, rating, thumbnail_url, categories, amenities, property_type, is_active) VALUES (192, 'Springfield House B&B – Deluxe Double Room', 'springfield-house-bb-deluxe-double-room', 'Our Cellar Room offers a unique and charming stay, featuring a private entrance from the car park and self check-in for maximum convenience. Inside, you’ll find a luxurious whirlpool bath, a well-appointed work desk, a modern en-suite shower room with a heated towel rail, a hairdryer, tea/coffee making facilities, a smart TV, and complimentary Wi-Fi. Please note that while the Cellar Room provides ground-level accommodation, there are stairs at the entrance.', 'Birmingham', 'UK', '', 0, 'https://daydreamhub.com/wp-content/uploads/2025/01/498245047.jpg', '["early_check-in","for_couple","for_work","personal_time","transit_use"]', '["Luggage Storage","Parking on Premises","Bathtub","Coffee maker","Desk/Workspace","Electric pot","Free Wi-Fi","Hair Dryer","Shampoo","Shower","Toothbrush","Towels","TV"]', 'B&B', 1);
INSERT INTO plans (hotel_id, name, description, price_usd, check_in_time, check_out_time, plan_type, max_guests, is_active) VALUES (192, '【5H】Daytime (prepayment)', '', 145, '12:00', '17:00', 'early_check-in', 2, 1);
INSERT INTO plans (hotel_id, name, description, price_usd, check_in_time, check_out_time, plan_type, max_guests, is_active) VALUES (192, '【10H】Daytime (prepayment)', '', 175, '8:00', '18:00', 'early_check-in', 2, 1);
INSERT INTO plans (hotel_id, name, description, price_usd, check_in_time, check_out_time, plan_type, max_guests, is_active) VALUES (192, '【5H】Airport Shuttle（One Way Trip) (prepayment)', '', 175, '12:00', '17:00', 'early_check-in', 2, 1);
INSERT INTO plans (hotel_id, name, description, price_usd, check_in_time, check_out_time, plan_type, max_guests, is_active) VALUES (192, '【10H】Airport Shuttle（One Way Trip) (prepayment)', '', 195, '8:00', '18:00', 'early_check-in', 2, 1);
INSERT INTO plans (hotel_id, name, description, price_usd, check_in_time, check_out_time, plan_type, max_guests, is_active) VALUES (192, '【18H】Overnight(prepayment)', '', 195, '16:00', '10:00', 'overnight', 2, 1);
INSERT INTO plans (hotel_id, name, description, price_usd, check_in_time, check_out_time, plan_type, max_guests, is_active) VALUES (192, '【22H】Overnight + Early Check-in(prepayment)', '', 225, '12:00', '10:00', 'overnight', 2, 1);
INSERT INTO plans (hotel_id, name, description, price_usd, check_in_time, check_out_time, plan_type, max_guests, is_active) VALUES (192, 'Airport Shuttle（One Way Trip) Day(prepayment)', '', 50, '6:00', '22:00', 'early_check-in', 2, 1);
INSERT INTO plans (hotel_id, name, description, price_usd, check_in_time, check_out_time, plan_type, max_guests, is_active) VALUES (192, 'Airport Shuttle（One Way Trip) Night(prepayment)', '', 50, '22:00', '6:00', 'overnight', 2, 1);
INSERT INTO hotel_images (hotel_id, image_url, alt_text, sort_order) VALUES (192, 'https://daydreamhub.com/wp-content/uploads/2025/01/498245047.jpg', 'Springfield House B&B – Deluxe Double Room - Image 1', 0);
INSERT INTO hotel_images (hotel_id, image_url, alt_text, sort_order) VALUES (192, 'https://daydreamhub.com/wp-content/uploads/2025/02/Springfield_House_2023_124-1.jpg', 'Springfield House B&B – Deluxe Double Room - Image 2', 1);
INSERT INTO hotel_images (hotel_id, image_url, alt_text, sort_order) VALUES (192, 'https://daydreamhub.com/wp-content/uploads/2025/02/Springfield_House_2023_125.jpg', 'Springfield House B&B – Deluxe Double Room - Image 3', 2);
INSERT INTO hotel_images (hotel_id, image_url, alt_text, sort_order) VALUES (192, 'https://daydreamhub.com/wp-content/uploads/2025/02/Springfield_House_2023_128-1.jpg', 'Springfield House B&B – Deluxe Double Room - Image 4', 3);
INSERT INTO hotel_images (hotel_id, image_url, alt_text, sort_order) VALUES (192, 'https://daydreamhub.com/wp-content/uploads/2025/02/Springfield_House_2023_126-1.jpg', 'Springfield House B&B – Deluxe Double Room - Image 5', 4);
INSERT INTO hotel_images (hotel_id, image_url, alt_text, sort_order) VALUES (192, 'https://daydreamhub.com/wp-content/uploads/2025/02/Springfield_House_2023_053-3.jpg', 'Springfield House B&B – Deluxe Double Room - Image 6', 5);
INSERT INTO hotel_images (hotel_id, image_url, alt_text, sort_order) VALUES (192, 'https://daydreamhub.com/wp-content/uploads/2025/02/Springfield_House_2023_081-3.jpg', 'Springfield House B&B – Deluxe Double Room - Image 7', 6);
INSERT INTO hotels (id, name, slug, description, city, country, address, rating, thumbnail_url, categories, amenities, property_type, is_active) VALUES (193, 'Springfield House B&B – Triple Room', 'springfield-house-bb-triple-double-room-copy', 'We offer two deluxe triple rooms, each designed to provide ample space and comfort. These rooms feature ensuite shower rooms with heated towel rails, hairdryers, tea/coffee making facilities, work desks and chairs, smart TVs, and complimentary WiFi. They are perfect for a group of three friends or for parents with a child over 12.

Please let us know your preferred bed configuration, as we can accommodate either a superking double bed and one single bed or a configuration with three single beds. If you require a specific configuration (eg. single beds) this must be confirmed at the time of booking.', 'Birmingham', 'UK', '', 0, 'https://daydreamhub.com/wp-content/uploads/2025/02/Springfield_House_2023_030.jpg', '["early_check-in","for_couple","for_work","personal_time","transit_use"]', '["Luggage Storage","Parking on Premises","Coffee maker","Desk/Workspace","Electric pot","Free Wi-Fi","Hair Dryer","Shampoo","Shower","Toothbrush","Towels","TV"]', 'B&B', 1);
INSERT INTO plans (hotel_id, name, description, price_usd, check_in_time, check_out_time, plan_type, max_guests, is_active) VALUES (193, '【5H】Daytime (prepayment)', '', 175, '12:00', '17:00', 'early_check-in', 2, 1);
INSERT INTO plans (hotel_id, name, description, price_usd, check_in_time, check_out_time, plan_type, max_guests, is_active) VALUES (193, '【10H】Daytime (prepayment)', '', 195, '8:00', '18:00', 'early_check-in', 2, 1);
INSERT INTO plans (hotel_id, name, description, price_usd, check_in_time, check_out_time, plan_type, max_guests, is_active) VALUES (193, '【5H】Airport Shuttle（One Way Trip) (prepayment)', '', 195, '12:00', '17:00', 'early_check-in', 2, 1);
INSERT INTO plans (hotel_id, name, description, price_usd, check_in_time, check_out_time, plan_type, max_guests, is_active) VALUES (193, '【10H】Airport Shuttle（One Way Trip) (prepayment)', '', 225, '8:00', '18:00', 'early_check-in', 2, 1);
INSERT INTO plans (hotel_id, name, description, price_usd, check_in_time, check_out_time, plan_type, max_guests, is_active) VALUES (193, '【18H】Overnight(prepayment)', '', 245, '16:00', '10:00', 'overnight', 2, 1);
INSERT INTO plans (hotel_id, name, description, price_usd, check_in_time, check_out_time, plan_type, max_guests, is_active) VALUES (193, '【22H】Overnight + Early Check-in(prepayment)', '', 275, '12:00', '10:00', 'overnight', 2, 1);
INSERT INTO plans (hotel_id, name, description, price_usd, check_in_time, check_out_time, plan_type, max_guests, is_active) VALUES (193, 'Airport Shuttle（One Way Trip) Day(prepayment)', '', 30, '6:00', '22:00', 'early_check-in', 2, 1);
INSERT INTO plans (hotel_id, name, description, price_usd, check_in_time, check_out_time, plan_type, max_guests, is_active) VALUES (193, 'Airport Shuttle（One Way Trip) Night(prepayment)', '', 50, '22:00', '6:00', 'overnight', 2, 1);
INSERT INTO hotel_images (hotel_id, image_url, alt_text, sort_order) VALUES (193, 'https://daydreamhub.com/wp-content/uploads/2025/02/Springfield_House_2023_030.jpg', 'Springfield House B&B – Triple Room - Image 1', 0);
INSERT INTO hotel_images (hotel_id, image_url, alt_text, sort_order) VALUES (193, 'https://daydreamhub.com/wp-content/uploads/2025/02/Springfield_House_2023_031.jpg', 'Springfield House B&B – Triple Room - Image 2', 1);
INSERT INTO hotel_images (hotel_id, image_url, alt_text, sort_order) VALUES (193, 'https://daydreamhub.com/wp-content/uploads/2025/02/Springfield_House_2023_032.jpg', 'Springfield House B&B – Triple Room - Image 3', 2);
INSERT INTO hotel_images (hotel_id, image_url, alt_text, sort_order) VALUES (193, 'https://daydreamhub.com/wp-content/uploads/2025/02/Springfield_House_2023_034.jpg', 'Springfield House B&B – Triple Room - Image 4', 3);
INSERT INTO hotel_images (hotel_id, image_url, alt_text, sort_order) VALUES (193, 'https://daydreamhub.com/wp-content/uploads/2025/02/Springfield_House_2023_118.jpg', 'Springfield House B&B – Triple Room - Image 5', 4);
INSERT INTO hotel_images (hotel_id, image_url, alt_text, sort_order) VALUES (193, 'https://daydreamhub.com/wp-content/uploads/2025/02/Springfield_House_2023_117.jpg', 'Springfield House B&B – Triple Room - Image 6', 5);
INSERT INTO hotel_images (hotel_id, image_url, alt_text, sort_order) VALUES (193, 'https://daydreamhub.com/wp-content/uploads/2025/02/Springfield_House_2023_120.jpg', 'Springfield House B&B – Triple Room - Image 7', 6);
INSERT INTO hotel_images (hotel_id, image_url, alt_text, sort_order) VALUES (193, 'https://daydreamhub.com/wp-content/uploads/2025/02/Springfield_House_2023_053-2.jpg', 'Springfield House B&B – Triple Room - Image 8', 7);
INSERT INTO hotel_images (hotel_id, image_url, alt_text, sort_order) VALUES (193, 'https://daydreamhub.com/wp-content/uploads/2025/02/Springfield_House_2023_081-1.jpg', 'Springfield House B&B – Triple Room - Image 9', 8);
INSERT INTO hotels (id, name, slug, description, city, country, address, rating, thumbnail_url, categories, amenities, property_type, is_active) VALUES (194, 'Springfield House B&B – Single Room', 'springfield-house-bb-single-room', 'Our single room is thoughtfully designed, featuring a single bed with a comfortable Emma memory foam mattress, a private ensuite equipped with a shower, toilet and sink, a hairdryer, tea/coffee making facilities, a smart TV and complimentary WiFi. It’s the ideal choice when you’re looking for a peaceful night’s rest without breaking the bank. *Please note there is no work desk in this room.', 'Birmingham', 'UK', '', 0, 'https://daydreamhub.com/wp-content/uploads/2025/02/Springfield_House_2023_113.jpg', '["early_check-in","for_work","personal_time","transit_use"]', '["Luggage Storage","Parking on Premises","Bathtub","Coffee maker","Electric pot","Free Wi-Fi","Hair Dryer","Shampoo","Shower","Toothbrush","Towels","TV"]', 'B&B', 1);
INSERT INTO plans (hotel_id, name, description, price_usd, check_in_time, check_out_time, plan_type, max_guests, is_active) VALUES (194, '【5H】Daytime (prepayment)', '', 95, '12:00', '17:00', 'early_check-in', 2, 1);
INSERT INTO plans (hotel_id, name, description, price_usd, check_in_time, check_out_time, plan_type, max_guests, is_active) VALUES (194, '【10H】Daytime (prepayment)', '', 125, '8:00', '18:00', 'early_check-in', 2, 1);
INSERT INTO plans (hotel_id, name, description, price_usd, check_in_time, check_out_time, plan_type, max_guests, is_active) VALUES (194, '【5H】Airport Shuttle（One Way Trip) (prepayment)', '', 125, '12:00', '17:00', 'early_check-in', 2, 1);
INSERT INTO plans (hotel_id, name, description, price_usd, check_in_time, check_out_time, plan_type, max_guests, is_active) VALUES (194, '【10H】Airport Shuttle（One Way Trip) (prepayment)', '', 175, '8:00', '18:00', 'early_check-in', 2, 1);
INSERT INTO plans (hotel_id, name, description, price_usd, check_in_time, check_out_time, plan_type, max_guests, is_active) VALUES (194, '【18H】Overnight (prepayment)', '', 145, '16:00', '10:00', 'overnight', 2, 1);
INSERT INTO plans (hotel_id, name, description, price_usd, check_in_time, check_out_time, plan_type, max_guests, is_active) VALUES (194, '【22H】Overnight + Early Check-in(prepayment)', '', 175, '12:00', '10:00', 'overnight', 2, 1);
INSERT INTO plans (hotel_id, name, description, price_usd, check_in_time, check_out_time, plan_type, max_guests, is_active) VALUES (194, 'Airport Shuttle（One Way Trip) Day(prepayment)', '', 30, '6:00', '22:00', 'early_check-in', 2, 1);
INSERT INTO plans (hotel_id, name, description, price_usd, check_in_time, check_out_time, plan_type, max_guests, is_active) VALUES (194, 'Airport Shuttle（One Way Trip) Night(prepayment)', '', 50, '10:00', '6:00', 'overnight', 2, 1);
INSERT INTO hotel_images (hotel_id, image_url, alt_text, sort_order) VALUES (194, 'https://daydreamhub.com/wp-content/uploads/2025/02/Springfield_House_2023_113.jpg', 'Springfield House B&B – Single Room - Image 1', 0);
INSERT INTO hotel_images (hotel_id, image_url, alt_text, sort_order) VALUES (194, 'https://daydreamhub.com/wp-content/uploads/2025/02/Springfield_House_2023_114.jpg', 'Springfield House B&B – Single Room - Image 2', 1);
INSERT INTO hotel_images (hotel_id, image_url, alt_text, sort_order) VALUES (194, 'https://daydreamhub.com/wp-content/uploads/2025/02/Springfield_House_2023_116.jpg', 'Springfield House B&B – Single Room - Image 3', 2);
INSERT INTO hotel_images (hotel_id, image_url, alt_text, sort_order) VALUES (194, 'https://daydreamhub.com/wp-content/uploads/2025/02/Springfield_House_2023_115.jpg', 'Springfield House B&B – Single Room - Image 4', 3);
INSERT INTO hotel_images (hotel_id, image_url, alt_text, sort_order) VALUES (194, 'https://daydreamhub.com/wp-content/uploads/2025/02/Springfield_House_2023_053-1.jpg', 'Springfield House B&B – Single Room - Image 5', 4);
INSERT INTO hotel_images (hotel_id, image_url, alt_text, sort_order) VALUES (194, 'https://daydreamhub.com/wp-content/uploads/2025/02/Springfield_House_2023_081.jpg', 'Springfield House B&B – Single Room - Image 6', 5);
INSERT INTO hotels (id, name, slug, description, city, country, address, rating, thumbnail_url, categories, amenities, property_type, is_active) VALUES (195, 'Ilatoa Lodge / Double Room', 'ilatoa-lodge-double-room', 'The view will amaze you from the private balcony of your own room with a perfect combination between the natural environment and the comforts. It offers bottle of water, Wi-Fi, private bathroom, towels, closet, wooden floor and hairdryer.', 'Pichincha', 'Ecuador', '', 2, 'https://daydreamhub.com/wp-content/uploads/2025/02/171375529.jpg', '["daycation","early_check-in","for_couple","for_work","transit_use"]', '["Bar / Restaurant","Laundry Service","Luggage Storage","Massage","Parking on Premises","Free Wi-Fi","Hair Dryer","Shampoo","Shower","Towels"]', 'Hotel', 1);
INSERT INTO plans (hotel_id, name, description, price_usd, check_in_time, check_out_time, plan_type, max_guests, is_active) VALUES (195, 'Day use Single(prepayment)', '', 35, '8:00', '14:00', 'daycation', 1, 1);
INSERT INTO plans (hotel_id, name, description, price_usd, check_in_time, check_out_time, plan_type, max_guests, is_active) VALUES (195, 'Afternoon Stay Single(prepayment)', '', 35, '14:00', '20:00', 'daycation', 1, 1);
INSERT INTO plans (hotel_id, name, description, price_usd, check_in_time, check_out_time, plan_type, max_guests, is_active) VALUES (195, 'Overnight Stay Single(prepayment)', '', 118, '14:00', '12:00', 'overnight', 1, 1);
INSERT INTO plans (hotel_id, name, description, price_usd, check_in_time, check_out_time, plan_type, max_guests, is_active) VALUES (195, 'Day use Double(prepayment)', '', 69, '8:00', '14:00', 'daycation', 2, 1);
INSERT INTO plans (hotel_id, name, description, price_usd, check_in_time, check_out_time, plan_type, max_guests, is_active) VALUES (195, 'Afternoon Stay Double(prepayment)', '', 69, '14:00', '20:00', 'daycation', 2, 1);
INSERT INTO plans (hotel_id, name, description, price_usd, check_in_time, check_out_time, plan_type, max_guests, is_active) VALUES (195, 'Overnight Stay Double(prepayment)', '', 138, '14:00', '12:00', 'overnight', 2, 1);
INSERT INTO hotel_images (hotel_id, image_url, alt_text, sort_order) VALUES (195, 'https://daydreamhub.com/wp-content/uploads/2025/02/171375529.jpg', 'Ilatoa Lodge / Double Room - Image 1', 0);
INSERT INTO hotel_images (hotel_id, image_url, alt_text, sort_order) VALUES (195, 'https://daydreamhub.com/wp-content/uploads/2025/02/599589550.webp', 'Ilatoa Lodge / Double Room - Image 2', 1);
INSERT INTO hotel_images (hotel_id, image_url, alt_text, sort_order) VALUES (195, 'https://daydreamhub.com/wp-content/uploads/2025/04/Habitacion-3-Balcony-Doble-Matrimonial.jpg', 'Ilatoa Lodge / Double Room - Image 3', 2);
INSERT INTO hotel_images (hotel_id, image_url, alt_text, sort_order) VALUES (195, 'https://daydreamhub.com/wp-content/uploads/2025/02/171378014.webp', 'Ilatoa Lodge / Double Room - Image 4', 3);
INSERT INTO hotel_images (hotel_id, image_url, alt_text, sort_order) VALUES (195, 'https://daydreamhub.com/wp-content/uploads/2025/04/Habitacion-2-Balcony-Doble-Matrimonial.jpg', 'Ilatoa Lodge / Double Room - Image 5', 4);
INSERT INTO hotel_images (hotel_id, image_url, alt_text, sort_order) VALUES (195, 'https://daydreamhub.com/wp-content/uploads/2025/04/Yoga-con-Luna-2.jpeg', 'Ilatoa Lodge / Double Room - Image 6', 5);
INSERT INTO hotel_images (hotel_id, image_url, alt_text, sort_order) VALUES (195, 'https://daydreamhub.com/wp-content/uploads/2025/04/Yoga-con-Luna-1.jpeg', 'Ilatoa Lodge / Double Room - Image 7', 6);
INSERT INTO hotel_images (hotel_id, image_url, alt_text, sort_order) VALUES (195, 'https://daydreamhub.com/wp-content/uploads/2025/04/Yoga-2.jpeg', 'Ilatoa Lodge / Double Room - Image 8', 7);
INSERT INTO hotel_images (hotel_id, image_url, alt_text, sort_order) VALUES (195, 'https://daydreamhub.com/wp-content/uploads/2025/04/Yoga-1.jpeg', 'Ilatoa Lodge / Double Room - Image 9', 8);
INSERT INTO hotel_images (hotel_id, image_url, alt_text, sort_order) VALUES (195, 'https://daydreamhub.com/wp-content/uploads/2025/04/Cabana-Masaje-2.jpg', 'Ilatoa Lodge / Double Room - Image 10', 9);
INSERT INTO hotel_images (hotel_id, image_url, alt_text, sort_order) VALUES (195, 'https://daydreamhub.com/wp-content/uploads/2025/04/Plantacion-de-rosas-2.jpeg', 'Ilatoa Lodge / Double Room - Image 11', 10);
INSERT INTO hotel_images (hotel_id, image_url, alt_text, sort_order) VALUES (195, 'https://daydreamhub.com/wp-content/uploads/2025/04/Plantacion-de-rosas-1.jpeg', 'Ilatoa Lodge / Double Room - Image 12', 11);
INSERT INTO hotel_images (hotel_id, image_url, alt_text, sort_order) VALUES (195, 'https://daydreamhub.com/wp-content/uploads/2025/04/Flower-plantation.jpeg', 'Ilatoa Lodge / Double Room - Image 13', 12);
INSERT INTO hotel_images (hotel_id, image_url, alt_text, sort_order) VALUES (195, 'https://daydreamhub.com/wp-content/uploads/2025/04/Tarde-de-pizza-4.jpeg', 'Ilatoa Lodge / Double Room - Image 14', 13);
INSERT INTO hotel_images (hotel_id, image_url, alt_text, sort_order) VALUES (195, 'https://daydreamhub.com/wp-content/uploads/2025/04/Pizza-Horno-3.jpeg', 'Ilatoa Lodge / Double Room - Image 15', 14);
INSERT INTO hotel_images (hotel_id, image_url, alt_text, sort_order) VALUES (195, 'https://daydreamhub.com/wp-content/uploads/2025/04/Horno-pizza-1.jpeg', 'Ilatoa Lodge / Double Room - Image 16', 15);
INSERT INTO hotel_images (hotel_id, image_url, alt_text, sort_order) VALUES (195, 'https://daydreamhub.com/wp-content/uploads/2025/04/Hiking-9.jpg', 'Ilatoa Lodge / Double Room - Image 17', 16);
INSERT INTO hotel_images (hotel_id, image_url, alt_text, sort_order) VALUES (195, 'https://daydreamhub.com/wp-content/uploads/2025/04/Hiking-8.jpg', 'Ilatoa Lodge / Double Room - Image 18', 17);
INSERT INTO hotel_images (hotel_id, image_url, alt_text, sort_order) VALUES (195, 'https://daydreamhub.com/wp-content/uploads/2025/04/Hiking-2.jpg', 'Ilatoa Lodge / Double Room - Image 19', 18);
INSERT INTO hotel_images (hotel_id, image_url, alt_text, sort_order) VALUES (195, 'https://daydreamhub.com/wp-content/uploads/2025/04/Cooking-Class-Kenton-8.jpeg', 'Ilatoa Lodge / Double Room - Image 20', 19);
INSERT INTO hotel_images (hotel_id, image_url, alt_text, sort_order) VALUES (195, 'https://daydreamhub.com/wp-content/uploads/2025/04/Cooking-clases-grupo-Demetris-5.jpeg', 'Ilatoa Lodge / Double Room - Image 21', 20);
INSERT INTO hotel_images (hotel_id, image_url, alt_text, sort_order) VALUES (195, 'https://daydreamhub.com/wp-content/uploads/2025/04/Colibri-9.jpeg', 'Ilatoa Lodge / Double Room - Image 22', 21);
INSERT INTO hotel_images (hotel_id, image_url, alt_text, sort_order) VALUES (195, 'https://daydreamhub.com/wp-content/uploads/2025/04/Colibri-3.jpeg', 'Ilatoa Lodge / Double Room - Image 23', 22);
INSERT INTO hotel_images (hotel_id, image_url, alt_text, sort_order) VALUES (195, 'https://daydreamhub.com/wp-content/uploads/2025/04/Colibri-2.jpeg', 'Ilatoa Lodge / Double Room - Image 24', 23);
INSERT INTO hotel_images (hotel_id, image_url, alt_text, sort_order) VALUES (195, 'https://daydreamhub.com/wp-content/uploads/2025/02/269049871.webp', 'Ilatoa Lodge / Double Room - Image 25', 24);
INSERT INTO hotel_images (hotel_id, image_url, alt_text, sort_order) VALUES (195, 'https://daydreamhub.com/wp-content/uploads/2025/02/599903171.webp', 'Ilatoa Lodge / Double Room - Image 26', 25);
INSERT INTO hotel_images (hotel_id, image_url, alt_text, sort_order) VALUES (195, 'https://daydreamhub.com/wp-content/uploads/2025/02/269053396.jpg', 'Ilatoa Lodge / Double Room - Image 27', 26);
INSERT INTO hotel_images (hotel_id, image_url, alt_text, sort_order) VALUES (195, 'https://daydreamhub.com/wp-content/uploads/2025/02/269053394.jpg', 'Ilatoa Lodge / Double Room - Image 28', 27);
INSERT INTO hotel_images (hotel_id, image_url, alt_text, sort_order) VALUES (195, 'https://daydreamhub.com/wp-content/uploads/2025/02/196101796.jpg', 'Ilatoa Lodge / Double Room - Image 29', 28);
INSERT INTO hotel_images (hotel_id, image_url, alt_text, sort_order) VALUES (195, 'https://daydreamhub.com/wp-content/uploads/2025/02/269057600.jpg', 'Ilatoa Lodge / Double Room - Image 30', 29);
INSERT INTO hotel_images (hotel_id, image_url, alt_text, sort_order) VALUES (195, 'https://daydreamhub.com/wp-content/uploads/2025/02/269053395.jpg', 'Ilatoa Lodge / Double Room - Image 31', 30);
INSERT INTO hotel_images (hotel_id, image_url, alt_text, sort_order) VALUES (195, 'https://daydreamhub.com/wp-content/uploads/2025/02/269053392.jpg', 'Ilatoa Lodge / Double Room - Image 32', 31);
INSERT INTO hotel_images (hotel_id, image_url, alt_text, sort_order) VALUES (195, 'https://daydreamhub.com/wp-content/uploads/2025/02/269053390.jpg', 'Ilatoa Lodge / Double Room - Image 33', 32);
INSERT INTO hotels (id, name, slug, description, city, country, address, rating, thumbnail_url, categories, amenities, property_type, is_active) VALUES (196, 'Flixses Suites at Platinum KLCC / Deluxe King Suite', 'flixses-suites-at-platinum-klcc-deluxe-king-suite', 'At the apartment complex, the units are equipped with air conditioning, a seating area, a flat-screen TV with streaming services, a kitchenette, a dining area, and a private bathroom with slippers, a walk-in shower, and a hair dryer. An oven, a microwave, and fridge are also featured, as well as a kettle.', 'Kuala Lumpur', 'Malaysia', '', 2, 'https://daydreamhub.com/wp-content/uploads/2025/02/585956666.jpg', '["for_couple","for_work","luxury","personal_time"]', '["Bar / Restaurant","Gym","Parking on Premises","Pool","Air Conditioner (Cooling)","Bathtub","Electric pot","Free Wi-Fi","Hair Dryer","Kitchen","Refrigerator","Shampoo","Shower","Towels","TV"]', 'Hotel', 1);
INSERT INTO plans (hotel_id, name, description, price_usd, check_in_time, check_out_time, plan_type, max_guests, is_active) VALUES (196, 'Early Bird Booking(prepayment)', '', 50, '15:00', '24:00', 'for_couple', 2, 1);
INSERT INTO plans (hotel_id, name, description, price_usd, check_in_time, check_out_time, plan_type, max_guests, is_active) VALUES (196, 'Basic(prepayment)', '', 60, '15:00', '24:00', 'for_couple', 2, 1);
INSERT INTO hotel_images (hotel_id, image_url, alt_text, sort_order) VALUES (196, 'https://daydreamhub.com/wp-content/uploads/2025/02/585956666.jpg', 'Flixses Suites at Platinum KLCC / Deluxe King Suite - Image 1', 0);
INSERT INTO hotel_images (hotel_id, image_url, alt_text, sort_order) VALUES (196, 'https://daydreamhub.com/wp-content/uploads/2025/02/585955947.jpg', 'Flixses Suites at Platinum KLCC / Deluxe King Suite - Image 2', 1);
INSERT INTO hotel_images (hotel_id, image_url, alt_text, sort_order) VALUES (196, 'https://daydreamhub.com/wp-content/uploads/2025/02/585955904.jpg', 'Flixses Suites at Platinum KLCC / Deluxe King Suite - Image 3', 2);
INSERT INTO hotel_images (hotel_id, image_url, alt_text, sort_order) VALUES (196, 'https://daydreamhub.com/wp-content/uploads/2025/02/411927847.jpg', 'Flixses Suites at Platinum KLCC / Deluxe King Suite - Image 4', 3);
INSERT INTO hotel_images (hotel_id, image_url, alt_text, sort_order) VALUES (196, 'https://daydreamhub.com/wp-content/uploads/2025/02/323576337.jpg', 'Flixses Suites at Platinum KLCC / Deluxe King Suite - Image 5', 4);
INSERT INTO hotel_images (hotel_id, image_url, alt_text, sort_order) VALUES (196, 'https://daydreamhub.com/wp-content/uploads/2025/02/495577690.jpg', 'Flixses Suites at Platinum KLCC / Deluxe King Suite - Image 6', 5);
INSERT INTO hotels (id, name, slug, description, city, country, address, rating, thumbnail_url, categories, amenities, property_type, is_active) VALUES (197, 'EKC Homestay Hillmount', 'ekc-homestay-hillmount', '', 'Ontario', 'Canada', '', 0, 'https://daydreamhub.com/wp-content/uploads/2025/02/Hillmount.jpeg', '["daycation","early_check-in","transit_use"]', '["Air Conditioner (Cooling)","Air Conditioner (Heating)","Desk/Workspace","Free Wi-Fi","Kitchen","Refrigerator"]', 'Private Room', 1);
INSERT INTO plans (hotel_id, name, description, price_usd, check_in_time, check_out_time, plan_type, max_guests, is_active) VALUES (197, '【5H】Morning (prepayment)', '', 50, '7:00', '12:00', 'daycation', 2, 1);
INSERT INTO plans (hotel_id, name, description, price_usd, check_in_time, check_out_time, plan_type, max_guests, is_active) VALUES (197, '【5H】Morning + Oneway Airport Transfer (prepayment)', '', 80, '7:00', '12:00', 'daycation', 2, 1);
INSERT INTO plans (hotel_id, name, description, price_usd, check_in_time, check_out_time, plan_type, max_guests, is_active) VALUES (197, '【5H】Morning + Airport Pick up & Drop off(prepayment)', '', 100, '7:00', '12:00', 'daycation', 2, 1);
INSERT INTO plans (hotel_id, name, description, price_usd, check_in_time, check_out_time, plan_type, max_guests, is_active) VALUES (197, '【6H】Morning(prepayment)', '', 60, '9:00', '15:00', 'daycation', 2, 1);
INSERT INTO plans (hotel_id, name, description, price_usd, check_in_time, check_out_time, plan_type, max_guests, is_active) VALUES (197, '【6H】Morning + Oneway Airport Transfer (prepayment)', '', 90, '9:00', '15:00', 'daycation', 2, 1);
INSERT INTO plans (hotel_id, name, description, price_usd, check_in_time, check_out_time, plan_type, max_guests, is_active) VALUES (197, '【6H】Morning + Airport Pick up & Drop off(prepayment)', '', 120, '9:00', '15:00', 'daycation', 2, 1);
INSERT INTO plans (hotel_id, name, description, price_usd, check_in_time, check_out_time, plan_type, max_guests, is_active) VALUES (197, '【7H】Morning(prepayment)', '', 60, '7:00', '14:00', 'daycation', 2, 1);
INSERT INTO plans (hotel_id, name, description, price_usd, check_in_time, check_out_time, plan_type, max_guests, is_active) VALUES (197, '【7H】Morning + Oneway Airport Transfer (prepayment)', '', 90, '7:00', '14:00', 'daycation', 2, 1);
INSERT INTO plans (hotel_id, name, description, price_usd, check_in_time, check_out_time, plan_type, max_guests, is_active) VALUES (197, '【7H】Morning + Airport Pick up & Drop off(prepayment)', '', 120, '7:00', '14:00', 'daycation', 2, 1);
INSERT INTO plans (hotel_id, name, description, price_usd, check_in_time, check_out_time, plan_type, max_guests, is_active) VALUES (197, '【8H】Daytime (prepayment)', '', 70, '10:00', '18:00', 'daycation', 2, 1);
INSERT INTO plans (hotel_id, name, description, price_usd, check_in_time, check_out_time, plan_type, max_guests, is_active) VALUES (197, '【8H】Daytime + Oneway Airport Transfer (prepayment)', '', 100, '10:00', '18:00', 'daycation', 2, 1);
INSERT INTO plans (hotel_id, name, description, price_usd, check_in_time, check_out_time, plan_type, max_guests, is_active) VALUES (197, '【8H】Daytime + Airport Pick up & Drop off(prepayment)', '', 130, '10:00', '18:00', 'daycation', 2, 1);
INSERT INTO plans (hotel_id, name, description, price_usd, check_in_time, check_out_time, plan_type, max_guests, is_active) VALUES (197, '【8H】Daytime (prepayment)', '', 80, '12:00', '20:00', 'daycation', 2, 1);
INSERT INTO plans (hotel_id, name, description, price_usd, check_in_time, check_out_time, plan_type, max_guests, is_active) VALUES (197, '【8H】Daytime + Oneway Airport Transfer (prepayment)', '', 110, '12:00', '20:00', 'daycation', 2, 1);
INSERT INTO plans (hotel_id, name, description, price_usd, check_in_time, check_out_time, plan_type, max_guests, is_active) VALUES (197, '【8H】Daytime + Airport Pick up & Drop off(prepayment)', '', 140, '12:00', '20:00', 'daycation', 2, 1);
INSERT INTO plans (hotel_id, name, description, price_usd, check_in_time, check_out_time, plan_type, max_guests, is_active) VALUES (197, '【10H】Daytime (prepayment)', '', 85, '10:00', '20:00', 'daycation', 2, 1);
INSERT INTO plans (hotel_id, name, description, price_usd, check_in_time, check_out_time, plan_type, max_guests, is_active) VALUES (197, '【10H】Daytime + Oneway Airport Transfer (prepayment)', '', 120, '10:00', '20:00', 'daycation', 2, 1);
INSERT INTO plans (hotel_id, name, description, price_usd, check_in_time, check_out_time, plan_type, max_guests, is_active) VALUES (197, '【10H】Daytime + Airport Pick up & Drop off(prepayment)', '', 150, '10:00', '20:00', 'daycation', 2, 1);
INSERT INTO plans (hotel_id, name, description, price_usd, check_in_time, check_out_time, plan_type, max_guests, is_active) VALUES (197, '【28H】Overnight(prepayment)', '', 100, '8:00', '12:00', 'overnight', 2, 1);
INSERT INTO plans (hotel_id, name, description, price_usd, check_in_time, check_out_time, plan_type, max_guests, is_active) VALUES (197, '【28H】Overnight + Oneway Airport Transfer (prepayment)', '', 130, '8:00', '12:00', 'overnight', 2, 1);
INSERT INTO plans (hotel_id, name, description, price_usd, check_in_time, check_out_time, plan_type, max_guests, is_active) VALUES (197, '【28H】Overnight + Airport Pick up & Drop off(prepayment)', '', 150, '8:00', '12:00', 'overnight', 2, 1);
INSERT INTO hotel_images (hotel_id, image_url, alt_text, sort_order) VALUES (197, 'https://daydreamhub.com/wp-content/uploads/2025/02/Hillmount.jpeg', 'EKC Homestay Hillmount - Image 1', 0);
INSERT INTO hotel_images (hotel_id, image_url, alt_text, sort_order) VALUES (197, 'https://daydreamhub.com/wp-content/uploads/2025/02/Hillmount-room.jpeg', 'EKC Homestay Hillmount - Image 2', 1);
INSERT INTO hotel_images (hotel_id, image_url, alt_text, sort_order) VALUES (197, 'https://daydreamhub.com/wp-content/uploads/2025/02/Hillmount-laundry.jpeg', 'EKC Homestay Hillmount - Image 3', 2);
INSERT INTO hotel_images (hotel_id, image_url, alt_text, sort_order) VALUES (197, 'https://daydreamhub.com/wp-content/uploads/2025/02/Hillmount-washroom.jpeg', 'EKC Homestay Hillmount - Image 4', 3);
INSERT INTO hotel_images (hotel_id, image_url, alt_text, sort_order) VALUES (197, 'https://daydreamhub.com/wp-content/uploads/2025/02/Hillmount-kitchen.jpeg', 'EKC Homestay Hillmount - Image 5', 4);
INSERT INTO hotels (id, name, slug, description, city, country, address, rating, thumbnail_url, categories, amenities, property_type, is_active) VALUES (198, 'Hotel Nabadi / Large Double Room', 'hotel-nabadi-large-double-room-copy-copy', 'Clean, well-maintained rooms with standard furnishings, including a comfortable bed, TV, air conditioning, and a private bathroom with toiletries. Free Wi-Fi, daily housekeeping.

Breakfast ( continental, vegetable, halal)  can be added with 30 GEL (≒11 USD) per person.', 'Tbilisi', 'Georgia', '', 0, 'https://daydreamhub.com/wp-content/uploads/2025/02/Screenshot_20250202_154930.jpg', '["daycation","early_check-in","for_couple","for_work","personal_time","transit_use"]', '["Laundry Service","Luggage Storage","Massage","Parking on Premises","Air Conditioner (Cooling)","Air Conditioner (Heating)","Coffee maker","Desk/Workspace","Electric pot","Free Wi-Fi","Hair Dryer","Kitchen","Refrigerator","Scanner / Printer","Shampoo","Shower","TEL","Toothbrush","Towels","TV"]', 'Hotel', 1);
INSERT INTO plans (hotel_id, name, description, price_usd, check_in_time, check_out_time, plan_type, max_guests, is_active) VALUES (198, '【24H】Airport Shuttle(prepayment)', '', 26, '24:00', '24:00', 'daycation', 2, 1);
INSERT INTO plans (hotel_id, name, description, price_usd, check_in_time, check_out_time, plan_type, max_guests, is_active) VALUES (198, 'Late check-out(prepayment)', '', 22, '13:00', '16:00', 'daycation', 2, 1);
INSERT INTO plans (hotel_id, name, description, price_usd, check_in_time, check_out_time, plan_type, max_guests, is_active) VALUES (198, 'Late check-out(prepayment)', '', 44, '16:00', '12:00', 'daycation', 2, 1);
INSERT INTO hotel_images (hotel_id, image_url, alt_text, sort_order) VALUES (198, 'https://daydreamhub.com/wp-content/uploads/2025/02/Screenshot_20250202_154930.jpg', 'Hotel Nabadi / Large Double Room - Image 1', 0);
INSERT INTO hotels (id, name, slug, description, city, country, address, rating, thumbnail_url, categories, amenities, property_type, is_active) VALUES (199, 'EKC Homestay Cummer', 'ekc-homestay-cummer', 'EKC Homestay Cummer provides a comfortable and affordable living space for international students and workers. This shared house features a communal kitchen, shared bathrooms and toilets, and free internet, making it an ideal choice for those seeking a convenient and budget-friendly accommodation. Located in a welcoming neighborhood, our homestay offers a friendly, community atmosphere where residents can enjoy both privacy and connection. Whether you’re here for work or study, you’ll find a home-like environment that meets your needs.', 'Ontario', 'Canada', '', 0, 'https://daydreamhub.com/wp-content/uploads/2025/02/Cummer-outside.jpeg', '["daycation","early_check-in","transit_use"]', '["Air Conditioner (Cooling)","Air Conditioner (Heating)","Desk/Workspace","Free Wi-Fi","Kitchen","Refrigerator"]', 'Private Room', 1);
INSERT INTO plans (hotel_id, name, description, price_usd, check_in_time, check_out_time, plan_type, max_guests, is_active) VALUES (199, '【5H】Morning(prepayment)', '', 50, '7:00', '12:00', 'daycation', 2, 1);
INSERT INTO plans (hotel_id, name, description, price_usd, check_in_time, check_out_time, plan_type, max_guests, is_active) VALUES (199, '【5H】Morning + Oneway Airport Transfer (prepayment)', '', 80, '7:00', '12:00', 'daycation', 2, 1);
INSERT INTO plans (hotel_id, name, description, price_usd, check_in_time, check_out_time, plan_type, max_guests, is_active) VALUES (199, '【5H】Morning + Airport Pick up & Drop off(prepayment)', '', 100, '7:00', '12:00', 'daycation', 2, 1);
INSERT INTO plans (hotel_id, name, description, price_usd, check_in_time, check_out_time, plan_type, max_guests, is_active) VALUES (199, '【6H】Morning(prepayment)', '', 60, '9:00', '15:00', 'daycation', 2, 1);
INSERT INTO plans (hotel_id, name, description, price_usd, check_in_time, check_out_time, plan_type, max_guests, is_active) VALUES (199, '【6H】Morning + Oneway Airport Transfer (prepayment)', '', 90, '9:00', '15:00', 'daycation', 2, 1);
INSERT INTO plans (hotel_id, name, description, price_usd, check_in_time, check_out_time, plan_type, max_guests, is_active) VALUES (199, '【6H】Morning + Airport Pick up & Drop off(prepayment)', '', 120, '9:00', '15:00', 'daycation', 2, 1);
INSERT INTO plans (hotel_id, name, description, price_usd, check_in_time, check_out_time, plan_type, max_guests, is_active) VALUES (199, '【7H】Morning(prepayment)', '', 60, '7:00', '14:00', 'daycation', 2, 1);
INSERT INTO plans (hotel_id, name, description, price_usd, check_in_time, check_out_time, plan_type, max_guests, is_active) VALUES (199, '【7H】Morning + Oneway Airport Transfer (prepayment)', '', 90, '7:00', '14:00', 'daycation', 2, 1);
INSERT INTO plans (hotel_id, name, description, price_usd, check_in_time, check_out_time, plan_type, max_guests, is_active) VALUES (199, '【7H】Morning + Airport Pick up & Drop off(prepayment)', '', 120, '7:00', '14:00', 'daycation', 2, 1);
INSERT INTO plans (hotel_id, name, description, price_usd, check_in_time, check_out_time, plan_type, max_guests, is_active) VALUES (199, '【8H】Daytime (prepayment)', '', 70, '10:00', '18:00', 'daycation', 2, 1);
INSERT INTO plans (hotel_id, name, description, price_usd, check_in_time, check_out_time, plan_type, max_guests, is_active) VALUES (199, '【8H】Daytime + Oneway Airport Transfer (prepayment)', '', 100, '10:00', '18:00', 'daycation', 2, 1);
INSERT INTO plans (hotel_id, name, description, price_usd, check_in_time, check_out_time, plan_type, max_guests, is_active) VALUES (199, '【8H】Daytime + Airport Pick up & Drop off(prepayment)', '', 130, '10:00', '18:00', 'daycation', 2, 1);
INSERT INTO plans (hotel_id, name, description, price_usd, check_in_time, check_out_time, plan_type, max_guests, is_active) VALUES (199, '【8H】Daytime (prepayment)', '', 80, '12:00', '20:00', 'daycation', 2, 1);
INSERT INTO plans (hotel_id, name, description, price_usd, check_in_time, check_out_time, plan_type, max_guests, is_active) VALUES (199, '【8H】Daytime + Oneway Airport Transfer (prepayment)', '', 110, '12:00', '20:00', 'daycation', 2, 1);
INSERT INTO plans (hotel_id, name, description, price_usd, check_in_time, check_out_time, plan_type, max_guests, is_active) VALUES (199, '【8H】Daytime + Airport Pick up & Drop off(prepayment)', '', 140, '12:00', '20:00', 'daycation', 2, 1);
INSERT INTO plans (hotel_id, name, description, price_usd, check_in_time, check_out_time, plan_type, max_guests, is_active) VALUES (199, '【10H】Daytime (prepayment)', '', 85, '10:00', '20:00', 'daycation', 2, 1);
INSERT INTO plans (hotel_id, name, description, price_usd, check_in_time, check_out_time, plan_type, max_guests, is_active) VALUES (199, '【10H】Daytime + Oneway Airport Transfer (prepayment)', '', 120, '10:00', '20:00', 'daycation', 2, 1);
INSERT INTO plans (hotel_id, name, description, price_usd, check_in_time, check_out_time, plan_type, max_guests, is_active) VALUES (199, '【10H】Daytime + Airport Pick up & Drop off(prepayment)', '', 150, '10:00', '20:00', 'daycation', 2, 1);
INSERT INTO plans (hotel_id, name, description, price_usd, check_in_time, check_out_time, plan_type, max_guests, is_active) VALUES (199, '【28H】Overnight(prepayment)', '', 100, '8:00', '12:00', 'overnight', 2, 1);
INSERT INTO plans (hotel_id, name, description, price_usd, check_in_time, check_out_time, plan_type, max_guests, is_active) VALUES (199, '【28H】Overnight + Oneway Airport Transfer (prepayment)', '', 130, '8:00', '12:00', 'overnight', 2, 1);
INSERT INTO plans (hotel_id, name, description, price_usd, check_in_time, check_out_time, plan_type, max_guests, is_active) VALUES (199, '【28H】Overnight + Airport Pick up & Drop off(prepayment)', '', 150, '8:00', '12:00', 'overnight', 2, 1);
INSERT INTO hotel_images (hotel_id, image_url, alt_text, sort_order) VALUES (199, 'https://daydreamhub.com/wp-content/uploads/2025/02/Cummer-outside.jpeg', 'EKC Homestay Cummer - Image 1', 0);
INSERT INTO hotel_images (hotel_id, image_url, alt_text, sort_order) VALUES (199, 'https://daydreamhub.com/wp-content/uploads/2025/02/room-cummer-2.jpg', 'EKC Homestay Cummer - Image 2', 1);
INSERT INTO hotel_images (hotel_id, image_url, alt_text, sort_order) VALUES (199, 'https://daydreamhub.com/wp-content/uploads/2025/02/Cummer-kitchen.jpeg', 'EKC Homestay Cummer - Image 3', 2);
INSERT INTO hotel_images (hotel_id, image_url, alt_text, sort_order) VALUES (199, 'https://daydreamhub.com/wp-content/uploads/2025/02/Cummer-bathroom.jpeg', 'EKC Homestay Cummer - Image 4', 3);
INSERT INTO hotel_images (hotel_id, image_url, alt_text, sort_order) VALUES (199, 'https://daydreamhub.com/wp-content/uploads/2025/02/Cummer-laundry.jpeg', 'EKC Homestay Cummer - Image 5', 4);
INSERT INTO hotel_images (hotel_id, image_url, alt_text, sort_order) VALUES (199, 'https://daydreamhub.com/wp-content/uploads/2025/02/Cummer-inside.jpeg', 'EKC Homestay Cummer - Image 6', 5);
INSERT INTO hotel_images (hotel_id, image_url, alt_text, sort_order) VALUES (199, 'https://daydreamhub.com/wp-content/uploads/2025/02/Cummer-terrace.jpeg', 'EKC Homestay Cummer - Image 7', 6);
INSERT INTO hotels (id, name, slug, description, city, country, address, rating, thumbnail_url, categories, amenities, property_type, is_active) VALUES (200, 'Family Room', 'family-room', 'Clean, well-maintained rooms with standard furnishings, including a comfortable bed, TV, air conditioning, and a private bathroom with toiletries.  Free Wi-Fi, daily housekeeping', 'Tbilisi', 'Georgia', '', 0, 'https://daydreamhub.com/wp-content/uploads/2025/02/WhatsApp-Image-2025-02-06-at-10.27.11_6dcc3ccd.jpg', '["early_check-in","for_couple","for_work","personal_time","transit_use"]', '["Laundry Service","Luggage Storage","Massage","Parking on Premises","Air Conditioner (Cooling)","Air Conditioner (Heating)","Coffee maker","Desk/Workspace","Electric pot","Free Wi-Fi","Hair Dryer","Kitchen","Refrigerator","Scanner / Printer","Shampoo","Shower","TEL","Toothbrush","Towels","TV"]', 'Hotel', 1);
INSERT INTO plans (hotel_id, name, description, price_usd, check_in_time, check_out_time, plan_type, max_guests, is_active) VALUES (200, 'Late check-out (prepayment)', '', 90, '13:00', '16:00', 'early_check-in', 2, 1);
INSERT INTO plans (hotel_id, name, description, price_usd, check_in_time, check_out_time, plan_type, max_guests, is_active) VALUES (200, 'Late check -out(prepayment)', '', 180, '24:00', '24:00', 'early_check-in', 2, 1);
INSERT INTO plans (hotel_id, name, description, price_usd, check_in_time, check_out_time, plan_type, max_guests, is_active) VALUES (200, '(24H)Airport shuttle (prepayment)', '', 70, '24:00', '24:00', 'early_check-in', 2, 1);
INSERT INTO plans (hotel_id, name, description, price_usd, check_in_time, check_out_time, plan_type, max_guests, is_active) VALUES (200, 'Breakfast per person (prepayment)', '', 30, '8:00', '12:00', 'early_check-in', 2, 1);
INSERT INTO hotel_images (hotel_id, image_url, alt_text, sort_order) VALUES (200, 'https://daydreamhub.com/wp-content/uploads/2025/02/WhatsApp-Image-2025-02-06-at-10.27.11_6dcc3ccd.jpg', 'Family Room - Image 1', 0);
INSERT INTO hotel_images (hotel_id, image_url, alt_text, sort_order) VALUES (200, 'https://daydreamhub.com/wp-content/uploads/2025/02/WhatsApp-Image-2025-02-06-at-10.36.36_7655b150.jpg', 'Family Room - Image 2', 1);
INSERT INTO hotel_images (hotel_id, image_url, alt_text, sort_order) VALUES (200, 'https://daydreamhub.com/wp-content/uploads/2025/02/WhatsApp-Image-2025-02-06-at-10.36.36_eb425201.jpg', 'Family Room - Image 3', 2);
INSERT INTO hotels (id, name, slug, description, city, country, address, rating, thumbnail_url, categories, amenities, property_type, is_active) VALUES (201, 'Hotel Bohemian Garni – Standard Double Room', 'hotel-bohemian-garni', 'The nearest airport is Belgrade Nikola Tesla Airport, 20 min from the property. Airport transfer can be arranged for an additional fee and upon previous request.
 There is a 24-hour front desk at the hotel. The hotel can also arrange car hire.', 'Belgrade', 'Serbia', '', 3, 'https://daydreamhub.com/wp-content/uploads/2025/02/262481446.webp', '["for_couple","for_work","luxury","personal_time","transit_use"]', '["Bar / Restaurant","Elevator in Building","Laundry Service","Luggage Storage","Massage","Parking on Premises","Air Conditioner (Cooling)","Air Conditioner (Heating)","Desk/Workspace","Free Wi-Fi","Hair Dryer","Refrigerator","Scanner / Printer","Shampoo","Shower","Toothbrush","Towels","TV"]', 'Hotel', 1);
INSERT INTO plans (hotel_id, name, description, price_usd, check_in_time, check_out_time, plan_type, max_guests, is_active) VALUES (201, 'Breakfast 1 person(prepayment)', '', 93, '14:00', '11:00', 'for_couple', 2, 1);
INSERT INTO plans (hotel_id, name, description, price_usd, check_in_time, check_out_time, plan_type, max_guests, is_active) VALUES (201, 'Breakfast 2 person(prepayment)', '', 103, '14:00', '11:00', 'for_couple', 2, 1);
INSERT INTO plans (hotel_id, name, description, price_usd, check_in_time, check_out_time, plan_type, max_guests, is_active) VALUES (201, 'Room only (prepayment)', '', 82, '14:00', '11:00', 'for_couple', 2, 1);
INSERT INTO hotel_images (hotel_id, image_url, alt_text, sort_order) VALUES (201, 'https://daydreamhub.com/wp-content/uploads/2025/02/262481446.webp', 'Hotel Bohemian Garni – Standard Double Room - Image 1', 0);
INSERT INTO hotel_images (hotel_id, image_url, alt_text, sort_order) VALUES (201, 'https://daydreamhub.com/wp-content/uploads/2025/02/80369178.webp', 'Hotel Bohemian Garni – Standard Double Room - Image 2', 1);
INSERT INTO hotel_images (hotel_id, image_url, alt_text, sort_order) VALUES (201, 'https://daydreamhub.com/wp-content/uploads/2025/02/80648689.webp', 'Hotel Bohemian Garni – Standard Double Room - Image 3', 2);
INSERT INTO hotel_images (hotel_id, image_url, alt_text, sort_order) VALUES (201, 'https://daydreamhub.com/wp-content/uploads/2025/02/80674950.webp', 'Hotel Bohemian Garni – Standard Double Room - Image 4', 3);
INSERT INTO hotel_images (hotel_id, image_url, alt_text, sort_order) VALUES (201, 'https://daydreamhub.com/wp-content/uploads/2025/02/262481407.webp', 'Hotel Bohemian Garni – Standard Double Room - Image 5', 4);
INSERT INTO hotels (id, name, slug, description, city, country, address, rating, thumbnail_url, categories, amenities, property_type, is_active) VALUES (202, 'Nasuno seascape', '61791', 'Nasuno Seascape is perfect for families, group of friends and company team outings.', 'Danao City', 'Philippines', '', 0, 'https://daydreamhub.com/wp-content/uploads/2025/01/スクリーンショット-2025-01-29-221517.jpg', '["for_couple"]', '["Bathtub","Free Wi-Fi","Hair Dryer","Shower","Towels","TV"]', 'Hotel', 1);
INSERT INTO plans (hotel_id, name, description, price_usd, check_in_time, check_out_time, plan_type, max_guests, is_active) VALUES (202, '【6H】Early Check In(prepayment)', '', 60, '6:00', '12:00', 'for_couple', 2, 1);
INSERT INTO plans (hotel_id, name, description, price_usd, check_in_time, check_out_time, plan_type, max_guests, is_active) VALUES (202, '【10H】Daytime (prepayment)', '', 70, '10:00', '20:00', 'for_couple', 2, 1);
INSERT INTO plans (hotel_id, name, description, price_usd, check_in_time, check_out_time, plan_type, max_guests, is_active) VALUES (202, '【28H】Overnight(prepayment)', '', 120, '8:00', '12:00', 'overnight', 2, 1);
INSERT INTO hotel_images (hotel_id, image_url, alt_text, sort_order) VALUES (202, 'https://daydreamhub.com/wp-content/uploads/2025/01/スクリーンショット-2025-01-29-221517.jpg', 'Nasuno seascape - Image 1', 0);
INSERT INTO hotel_images (hotel_id, image_url, alt_text, sort_order) VALUES (202, 'https://daydreamhub.com/wp-content/uploads/2025/01/スクリーンショット-2025-01-29-221926.jpg', 'Nasuno seascape - Image 2', 1);
INSERT INTO hotel_images (hotel_id, image_url, alt_text, sort_order) VALUES (202, 'https://daydreamhub.com/wp-content/uploads/2025/01/スクリーンショット-2025-01-29-221505.jpg', 'Nasuno seascape - Image 3', 2);
INSERT INTO hotel_images (hotel_id, image_url, alt_text, sort_order) VALUES (202, 'https://daydreamhub.com/wp-content/uploads/2025/01/スクリーンショット-2025-01-29-221312.jpg', 'Nasuno seascape - Image 4', 3);
INSERT INTO hotel_images (hotel_id, image_url, alt_text, sort_order) VALUES (202, 'https://daydreamhub.com/wp-content/uploads/2025/01/スクリーンショット-2025-01-29-221546-1.jpg', 'Nasuno seascape - Image 5', 4);
INSERT INTO hotel_images (hotel_id, image_url, alt_text, sort_order) VALUES (202, 'https://daydreamhub.com/wp-content/uploads/2025/01/スクリーンショット-2025-01-29-221219.jpg', 'Nasuno seascape - Image 6', 5);
INSERT INTO hotels (id, name, slug, description, city, country, address, rating, thumbnail_url, categories, amenities, property_type, is_active) VALUES (203, 'Albany Executive motor inn / Shower Studio', 'albany-executive-motor-inn-shower-studio', 'Guest rooms are equipped with a flat-screen TV with satellite channels, fridge, an electric tea pot, a shower, free toiletries and a desk.
 Auckland Airport is 23 miles from the property.', 'Auckland', 'New Zealand', '', 1, 'https://daydreamhub.com/wp-content/uploads/2025/01/スクリーンショット-2025-01-27-111901.jpg', '["for_couple"]', '["Fax","Laundry Service","Parking on Premises","Wheelchair Accessible","Air Conditioner (Heating)","Bathtub","Coffee maker","Desk/Workspace","Electric pot","Free Wi-Fi","Hair Dryer","Kitchen","Refrigerator","Shampoo","Shower","TEL","Towels","TV"]', 'Hotel', 1);
INSERT INTO plans (hotel_id, name, description, price_usd, check_in_time, check_out_time, plan_type, max_guests, is_active) VALUES (203, '【6H】Morning(prepayment)', '', 55, '6:00', '12:00', 'for_couple', 2, 1);
INSERT INTO plans (hotel_id, name, description, price_usd, check_in_time, check_out_time, plan_type, max_guests, is_active) VALUES (203, '【10H】Daytime (prepayment)', '', 65, '10:00', '20:00', 'for_couple', 2, 1);
INSERT INTO plans (hotel_id, name, description, price_usd, check_in_time, check_out_time, plan_type, max_guests, is_active) VALUES (203, '【28H】Overnight(prepayment)', '', 80, '8:00', '12:00', 'overnight', 2, 1);
INSERT INTO hotel_images (hotel_id, image_url, alt_text, sort_order) VALUES (203, 'https://daydreamhub.com/wp-content/uploads/2025/01/スクリーンショット-2025-01-27-111901.jpg', 'Albany Executive motor inn / Shower Studio - Image 1', 0);
INSERT INTO hotel_images (hotel_id, image_url, alt_text, sort_order) VALUES (203, 'https://daydreamhub.com/wp-content/uploads/2025/01/スクリーンショット-2025-01-27-111911.jpg', 'Albany Executive motor inn / Shower Studio - Image 2', 1);
INSERT INTO hotel_images (hotel_id, image_url, alt_text, sort_order) VALUES (203, 'https://daydreamhub.com/wp-content/uploads/2025/01/スクリーンショット-2025-01-27-111924.png', 'Albany Executive motor inn / Shower Studio - Image 3', 2);
INSERT INTO hotel_images (hotel_id, image_url, alt_text, sort_order) VALUES (203, 'https://daydreamhub.com/wp-content/uploads/2025/01/507231378.jpg', 'Albany Executive motor inn / Shower Studio - Image 4', 3);
INSERT INTO hotel_images (hotel_id, image_url, alt_text, sort_order) VALUES (203, 'https://daydreamhub.com/wp-content/uploads/2025/01/536960730.jpg', 'Albany Executive motor inn / Shower Studio - Image 5', 4);
INSERT INTO hotel_images (hotel_id, image_url, alt_text, sort_order) VALUES (203, 'https://daydreamhub.com/wp-content/uploads/2025/01/507231409.jpg', 'Albany Executive motor inn / Shower Studio - Image 6', 5);
INSERT INTO hotels (id, name, slug, description, city, country, address, rating, thumbnail_url, categories, amenities, property_type, is_active) VALUES (204, 'Hotel DIOS', 'hotel-dios-standard-suite', 'Hotel Dios has a garden, shared lounge, a restaurant and bar in Bogotá. This 4-star hotel offers room service and a business center. The hotel features a spa center and a concierge service.', 'Bogotá', 'Colombia', '', 1, 'https://daydreamhub.com/wp-content/uploads/2025/01/456796683.jpg', '["for_couple"]', '["Bar / Restaurant","Laundry Service","Luggage Storage","Parking on Premises","Bathtub","Coffee maker","Desk/Workspace","Free Wi-Fi","Hair Dryer","Shampoo","Shower","Towels"]', 'Hotel', 1);
INSERT INTO plans (hotel_id, name, description, price_usd, check_in_time, check_out_time, plan_type, max_guests, is_active) VALUES (204, 'Bed & Breakfast(prepayment)', '', 95, '6:00', '21:00', 'for_couple', 2, 1);
INSERT INTO hotel_images (hotel_id, image_url, alt_text, sort_order) VALUES (204, 'https://daydreamhub.com/wp-content/uploads/2025/01/456796683.jpg', 'Hotel DIOS - Image 1', 0);
INSERT INTO hotel_images (hotel_id, image_url, alt_text, sort_order) VALUES (204, 'https://daydreamhub.com/wp-content/uploads/2025/01/591652720.jpg', 'Hotel DIOS - Image 2', 1);
INSERT INTO hotel_images (hotel_id, image_url, alt_text, sort_order) VALUES (204, 'https://daydreamhub.com/wp-content/uploads/2025/01/591652724.jpg', 'Hotel DIOS - Image 3', 2);
INSERT INTO hotel_images (hotel_id, image_url, alt_text, sort_order) VALUES (204, 'https://daydreamhub.com/wp-content/uploads/2025/01/591652117.jpg', 'Hotel DIOS - Image 4', 3);
INSERT INTO hotel_images (hotel_id, image_url, alt_text, sort_order) VALUES (204, 'https://daydreamhub.com/wp-content/uploads/2025/01/591652130.jpg', 'Hotel DIOS - Image 5', 4);
INSERT INTO hotel_images (hotel_id, image_url, alt_text, sort_order) VALUES (204, 'https://daydreamhub.com/wp-content/uploads/2025/01/591652108.jpg', 'Hotel DIOS - Image 6', 5);
INSERT INTO hotels (id, name, slug, description, city, country, address, rating, thumbnail_url, categories, amenities, property_type, is_active) VALUES (205, 'Sterling House / Double room', 'sterling-house-double-room', 'Sterling House is a recently renovated bed and breakfast in Hounslow where guests can make the most of its garden and shared lounge. The property is around a 4-minute walk from Hounslow West Tube Station, 2.4 miles from Osterley Park, and 3 miles from Twickenham Stadium. The bed and breakfast also features free Wifi, free private parking, and facilities for disabled guests.', 'London', 'UK', '', 1, 'https://daydreamhub.com/wp-content/uploads/2025/01/スクリーンショット-2025-01-09-232602.jpg', '["for_couple"]', '["Luggage Storage","Air Conditioner (Heating)","Coffee maker","Desk/Workspace","Electric pot","Free Wi-Fi","Hair Dryer","Night wear","Refrigerator","Shampoo","Shower","Towels","TV"]', 'Hotel', 1);
INSERT INTO plans (hotel_id, name, description, price_usd, check_in_time, check_out_time, plan_type, max_guests, is_active) VALUES (205, '【6H】Morning(prepayment)', '', 64, '6:00', '12:00', 'for_couple', 2, 1);
INSERT INTO plans (hotel_id, name, description, price_usd, check_in_time, check_out_time, plan_type, max_guests, is_active) VALUES (205, '【10H】Daytime (prepayment)', '', 74, '10:00', '20:00', 'for_couple', 2, 1);
INSERT INTO plans (hotel_id, name, description, price_usd, check_in_time, check_out_time, plan_type, max_guests, is_active) VALUES (205, '【28H】Overnight(prepayment)', '', 128, '8:00', '12:00', 'overnight', 2, 1);
INSERT INTO hotel_images (hotel_id, image_url, alt_text, sort_order) VALUES (205, 'https://daydreamhub.com/wp-content/uploads/2025/01/スクリーンショット-2025-01-09-232602.jpg', 'Sterling House / Double room - Image 1', 0);
INSERT INTO hotel_images (hotel_id, image_url, alt_text, sort_order) VALUES (205, 'https://daydreamhub.com/wp-content/uploads/2025/01/スクリーンショット-2025-01-09-232626.jpg', 'Sterling House / Double room - Image 2', 1);
INSERT INTO hotel_images (hotel_id, image_url, alt_text, sort_order) VALUES (205, 'https://daydreamhub.com/wp-content/uploads/2025/01/スクリーンショット-2025-01-09-232643.jpg', 'Sterling House / Double room - Image 3', 2);
INSERT INTO hotel_images (hotel_id, image_url, alt_text, sort_order) VALUES (205, 'https://daydreamhub.com/wp-content/uploads/2025/01/589525646.jpg', 'Sterling House / Double room - Image 4', 3);
INSERT INTO hotel_images (hotel_id, image_url, alt_text, sort_order) VALUES (205, 'https://daydreamhub.com/wp-content/uploads/2025/01/589525735.jpg', 'Sterling House / Double room - Image 5', 4);
INSERT INTO hotel_images (hotel_id, image_url, alt_text, sort_order) VALUES (205, 'https://daydreamhub.com/wp-content/uploads/2025/01/589525707.jpg', 'Sterling House / Double room - Image 6', 5);
INSERT INTO hotels (id, name, slug, description, city, country, address, rating, thumbnail_url, categories, amenities, property_type, is_active) VALUES (206, 'Hospedaria Londres / Economy double room', 'hospedaria-londres-budget-double-room', 'The hotel will provide guests with air-conditioned rooms with a wardrobe, a safety deposit box, a flat-screen TV and a private bathroom with a shower.
 Sao Bento Train Station is 2.9 km from HOSPEDARIA LONDRES, while Ribeira Square is 3.5 km from the property. Francisco Sá Carneiro Airport is 18 km away.', 'Porto', 'Portugal', '', 0, 'https://daydreamhub.com/wp-content/uploads/2025/01/483825668.jpg', '["for_couple"]', '["Fax","Luggage Storage","Vending machine","Air Conditioner (Cooling)","Air Conditioner (Heating)","Bathtub","Free Wi-Fi","Hair Dryer","Night wear","Shampoo","Shower","Toothbrush","Towels","TV"]', 'Hotel', 1);
INSERT INTO plans (hotel_id, name, description, price_usd, check_in_time, check_out_time, plan_type, max_guests, is_active) VALUES (206, '【6H】Morning(prepayment)', '', 51, '13:00', '19:00', 'for_couple', 2, 1);
INSERT INTO plans (hotel_id, name, description, price_usd, check_in_time, check_out_time, plan_type, max_guests, is_active) VALUES (206, '【21H】Daytime (prepayment)', '', 61, '15:00', '11:00', 'for_couple', 2, 1);
INSERT INTO hotel_images (hotel_id, image_url, alt_text, sort_order) VALUES (206, 'https://daydreamhub.com/wp-content/uploads/2025/01/483825668.jpg', 'Hospedaria Londres / Economy double room - Image 1', 0);
INSERT INTO hotel_images (hotel_id, image_url, alt_text, sort_order) VALUES (206, 'https://daydreamhub.com/wp-content/uploads/2025/01/482627711.jpg', 'Hospedaria Londres / Economy double room - Image 2', 1);
INSERT INTO hotel_images (hotel_id, image_url, alt_text, sort_order) VALUES (206, 'https://daydreamhub.com/wp-content/uploads/2025/01/486658406.jpg', 'Hospedaria Londres / Economy double room - Image 3', 2);
INSERT INTO hotel_images (hotel_id, image_url, alt_text, sort_order) VALUES (206, 'https://daydreamhub.com/wp-content/uploads/2025/01/468589645.jpg', 'Hospedaria Londres / Economy double room - Image 4', 3);
INSERT INTO hotel_images (hotel_id, image_url, alt_text, sort_order) VALUES (206, 'https://daydreamhub.com/wp-content/uploads/2025/01/426393098.jpg', 'Hospedaria Londres / Economy double room - Image 5', 4);
INSERT INTO hotel_images (hotel_id, image_url, alt_text, sort_order) VALUES (206, 'https://daydreamhub.com/wp-content/uploads/2025/01/387206509.jpg', 'Hospedaria Londres / Economy double room - Image 6', 5);
INSERT INTO hotel_images (hotel_id, image_url, alt_text, sort_order) VALUES (206, 'https://daydreamhub.com/wp-content/uploads/2025/01/Quarto-204-renovado-casa-de-banho.jpeg', 'Hospedaria Londres / Economy double room - Image 7', 6);
INSERT INTO hotel_images (hotel_id, image_url, alt_text, sort_order) VALUES (206, 'https://daydreamhub.com/wp-content/uploads/2025/01/Quarto-204-cofre.jpg', 'Hospedaria Londres / Economy double room - Image 8', 7);
INSERT INTO hotels (id, name, slug, description, city, country, address, rating, thumbnail_url, categories, amenities, property_type, is_active) VALUES (207, 'NYNA House-Wooden Flat-Kitchen-Walking Street', 'nyna-house-wooden-flat-kitchen-walking-street', 'About this space
 ✯✯✯NYNA HOUSE & NYNA TRAVEL & NYNA COFFEE ✯✯✯

✩ NYNA House is a chain of 100 apartments located in the heart of Old Quarter and Hanoi Center

✩ NYNA Coffee is not just a place to grab a cup of coffee – you can do the egg-coffee-making process

✩ NYNA Travel – Along with NYNA Coffee and House, we specialize in organizing travel itineraries throughout Vietnam

Stay with NYNA House – Unlock the local experience !!!
 The space
 One of the special things when staying in NYNA House is LOCATION. It will be very difficult for you to find a hotel or Airbnb house so close Hoan Kiem lake and located on the Old Quarter like NYNA House.

NYNA HOUSE Nguyễn Khắc Cần is a spacious Vietnamese French Villa with unique design located on French Street.

As you can see all my reviews from guest with our experiences working in hospitality industry, we totally understand the meaning of a homey place. That’s what NYNA HOUSE is all about!

1. THE SPACE:
 NYNA HOUSE Old Quarter is a spacious Vietnamese House with unique design located in French Street.
 ✩ NYNA Coffee downstairs
 ✩ Private aparment in Villa
 ✩ Fully equipment kitchen-Free WIFI &washer
 ✩ Self check in 24/7. Flexible checkin/out
 ✩ Surrounded by many famous street food vendors
 ✩ FREE Luggage Storage
 ✩ Discount of 50% Egg Coffee Class or Coconut Coffee Class (only 12$/pax)
 ✩ FREE a private car for airport pick up/drop off. Please check term/condition as below!
 FREE a private car pick up/or drop off from the airport to apartment for any group from 2 people who stay minimum 2 nights and book Ha Long bay, Trang An Bai Dinh / Hoa Lu Tam Coc (any tour)….. day trip / 2D1N trip / 3D2N trip

2. LIVE LIKE A LOCAL:
 Staying with us you will learn how to live like a real Vietnamese.

3. EASY ACCESS TO ANY PLACE:
 Within walking distance, you will reach a wide range of super markets, convenient shop, restaurants & cafe and also many famous tourist attractions:
 *) Located in Old Quarter
 *) 4 mins to Hoan Kiem lake
 ', 'Hanoi', 'Vietnam', '', 0, 'https://daydreamhub.com/wp-content/uploads/2024/11/CuDgnqww.jpg', '["daycation","early_check-in","for_couple","for_work","luxury","personal_time"]', '["Laundry Service","Luggage Storage","Parking on Premises","Air Conditioner (Cooling)","Air Conditioner (Heating)","Bathtub","Desk/Workspace","Electric pot","Free Wi-Fi","Hair Dryer","Kitchen","Refrigerator","Shampoo","Shower","Toothbrush","Towels","TV"]', 'Private Room', 1);
INSERT INTO plans (hotel_id, name, description, price_usd, check_in_time, check_out_time, plan_type, max_guests, is_active) VALUES (207, '【6H】Early Check In(prepayment)', '', 22, '6:00', '12:00', 'daycation', 2, 1);
INSERT INTO plans (hotel_id, name, description, price_usd, check_in_time, check_out_time, plan_type, max_guests, is_active) VALUES (207, '【10H】Daytime(prepayment)', '', 33, '10:00', '20:00', 'daycation', 2, 1);
INSERT INTO plans (hotel_id, name, description, price_usd, check_in_time, check_out_time, plan_type, max_guests, is_active) VALUES (207, '【28H】Overnight(prepayment)', '', 44, '8:00', '12:00', 'overnight', 2, 1);
INSERT INTO hotel_images (hotel_id, image_url, alt_text, sort_order) VALUES (207, 'https://daydreamhub.com/wp-content/uploads/2024/11/CuDgnqww.jpg', 'NYNA House-Wooden Flat-Kitchen-Walking Street - Image 1', 0);
INSERT INTO hotel_images (hotel_id, image_url, alt_text, sort_order) VALUES (207, 'https://daydreamhub.com/wp-content/uploads/2025/01/DSC02869.jpg', 'NYNA House-Wooden Flat-Kitchen-Walking Street - Image 2', 1);
INSERT INTO hotel_images (hotel_id, image_url, alt_text, sort_order) VALUES (207, 'https://daydreamhub.com/wp-content/uploads/2025/01/DSC02872.jpg', 'NYNA House-Wooden Flat-Kitchen-Walking Street - Image 3', 2);
INSERT INTO hotel_images (hotel_id, image_url, alt_text, sort_order) VALUES (207, 'https://daydreamhub.com/wp-content/uploads/2025/01/DSC02874.jpg', 'NYNA House-Wooden Flat-Kitchen-Walking Street - Image 4', 3);
INSERT INTO hotel_images (hotel_id, image_url, alt_text, sort_order) VALUES (207, 'https://daydreamhub.com/wp-content/uploads/2025/01/DSC02879.jpg', 'NYNA House-Wooden Flat-Kitchen-Walking Street - Image 5', 4);
INSERT INTO hotel_images (hotel_id, image_url, alt_text, sort_order) VALUES (207, 'https://daydreamhub.com/wp-content/uploads/2025/01/DSC02880.jpg', 'NYNA House-Wooden Flat-Kitchen-Walking Street - Image 6', 5);
INSERT INTO hotel_images (hotel_id, image_url, alt_text, sort_order) VALUES (207, 'https://daydreamhub.com/wp-content/uploads/2025/01/DSC02886.jpg', 'NYNA House-Wooden Flat-Kitchen-Walking Street - Image 7', 6);
INSERT INTO hotel_images (hotel_id, image_url, alt_text, sort_order) VALUES (207, 'https://daydreamhub.com/wp-content/uploads/2025/01/DSC02919-.jpg', 'NYNA House-Wooden Flat-Kitchen-Walking Street - Image 8', 7);
INSERT INTO hotel_images (hotel_id, image_url, alt_text, sort_order) VALUES (207, 'https://daydreamhub.com/wp-content/uploads/2025/01/DSC02922-.jpg', 'NYNA House-Wooden Flat-Kitchen-Walking Street - Image 9', 8);
INSERT INTO hotel_images (hotel_id, image_url, alt_text, sort_order) VALUES (207, 'https://daydreamhub.com/wp-content/uploads/2025/01/DSC02928-.jpg', 'NYNA House-Wooden Flat-Kitchen-Walking Street - Image 10', 9);
INSERT INTO hotel_images (hotel_id, image_url, alt_text, sort_order) VALUES (207, 'https://daydreamhub.com/wp-content/uploads/2025/01/DSC02937-.jpg', 'NYNA House-Wooden Flat-Kitchen-Walking Street - Image 11', 10);
INSERT INTO hotel_images (hotel_id, image_url, alt_text, sort_order) VALUES (207, 'https://daydreamhub.com/wp-content/uploads/2025/01/DSC02941.jpg', 'NYNA House-Wooden Flat-Kitchen-Walking Street - Image 12', 11);
INSERT INTO hotels (id, name, slug, description, city, country, address, rating, thumbnail_url, categories, amenities, property_type, is_active) VALUES (208, 'NYNA House-Calm Studio-Ancient Villa-HK Lake', 'nyna-house-calm-studio-ancient-villa-hk-lake', 'About this space
 ✯✯✯NYNA HOUSE & NYNA TRAVEL & NYNA COFFEE ✯✯✯

✩ NYNA House is a chain of 100 apartments located in the heart of Old Quarter and Hanoi Center

✩ NYNA Coffee is not just a place to grab a cup of coffee – you can do the egg-coffee-making process

✩ NYNA Travel – Along with NYNA Coffee and House, we specialize in organizing travel itineraries throughout Vietnam

Stay with NYNA House – Unlock the local experience !!!
 The space
 One of the special things when staying in NYNA House is LOCATION. It will be very difficult for you to find a hotel or Airbnb house so close Hoan Kiem lake and located on the Old Quarter like NYNA House.

NYNA HOUSE Nguyễn Khắc Cần is a spacious Vietnamese French Villa with unique design located on French Street.

As you can see all my reviews from guest with our experiences working in hospitality industry, we totally understand the meaning of a homey place. That’s what NYNA HOUSE is all about!

1. THE SPACE:
 NYNA HOUSE Old Quarter is a spacious Vietnamese House with unique design located in French Street.
 ✩ NYNA Coffee downstairs
 ✩ Private aparment in Villa
 ✩ Fully equipment kitchen-Free WIFI &washer
 ✩ Self check in 24/7. Flexible checkin/out
 ✩ Surrounded by many famous street food vendors
 ✩ FREE Luggage Storage
 ✩ Discount of 50% Egg Coffee Class or Coconut Coffee Class (only 12$/pax)
 ✩ FREE a private car for airport pick up/drop off. Please check term/condition as below!
 FREE a private car pick up/or drop off from the airport to apartment for any group from 2 people who stay minimum 2 nights and book Ha Long bay, Trang An Bai Dinh / Hoa Lu Tam Coc (any tour)….. day trip / 2D1N trip / 3D2N trip

2. LIVE LIKE A LOCAL:
 Staying with us you will learn how to live like a real Vietnamese.

3. EASY ACCESS TO ANY PLACE:
 Within walking distance, you will reach a wide range of super markets, convenient shop, restaurants & cafe and also many famous tourist attractions:
 *) Located in Old Quarter
 *) 4 mins to Hoan Kiem lake
 ', 'Hanoi', 'Vietnam', '', 0, 'https://daydreamhub.com/wp-content/uploads/2024/11/CuDgnqww.jpg', '["daycation","early_check-in","for_couple","for_work","luxury","personal_time"]', '["Laundry Service","Luggage Storage","Parking on Premises","Air Conditioner (Cooling)","Air Conditioner (Heating)","Bathtub","Desk/Workspace","Electric pot","Free Wi-Fi","Hair Dryer","Kitchen","Refrigerator","Shampoo","Shower","Toothbrush","Towels","TV"]', 'Private Room', 1);
INSERT INTO plans (hotel_id, name, description, price_usd, check_in_time, check_out_time, plan_type, max_guests, is_active) VALUES (208, '【6H】Morning(prepayment)', '', 22, '6:00', '12:00', 'daycation', 2, 1);
INSERT INTO plans (hotel_id, name, description, price_usd, check_in_time, check_out_time, plan_type, max_guests, is_active) VALUES (208, '【10H】Daytime(prepayment)', '', 33, '10:00', '20:00', 'daycation', 2, 1);
INSERT INTO plans (hotel_id, name, description, price_usd, check_in_time, check_out_time, plan_type, max_guests, is_active) VALUES (208, '【28H】Overnight(prepayment)', '', 50, '8:00', '12:00', 'overnight', 2, 1);
INSERT INTO hotel_images (hotel_id, image_url, alt_text, sort_order) VALUES (208, 'https://daydreamhub.com/wp-content/uploads/2024/11/CuDgnqww.jpg', 'NYNA House-Calm Studio-Ancient Villa-HK Lake - Image 1', 0);
INSERT INTO hotel_images (hotel_id, image_url, alt_text, sort_order) VALUES (208, 'https://daydreamhub.com/wp-content/uploads/2025/01/DSC03348-.jpg', 'NYNA House-Calm Studio-Ancient Villa-HK Lake - Image 2', 1);
INSERT INTO hotel_images (hotel_id, image_url, alt_text, sort_order) VALUES (208, 'https://daydreamhub.com/wp-content/uploads/2025/01/DSC03351-.jpg', 'NYNA House-Calm Studio-Ancient Villa-HK Lake - Image 3', 2);
INSERT INTO hotel_images (hotel_id, image_url, alt_text, sort_order) VALUES (208, 'https://daydreamhub.com/wp-content/uploads/2025/01/DSC03348-1-1.jpg', 'NYNA House-Calm Studio-Ancient Villa-HK Lake - Image 4', 3);
INSERT INTO hotel_images (hotel_id, image_url, alt_text, sort_order) VALUES (208, 'https://daydreamhub.com/wp-content/uploads/2025/01/DSC03351-1-1.jpg', 'NYNA House-Calm Studio-Ancient Villa-HK Lake - Image 5', 4);
INSERT INTO hotel_images (hotel_id, image_url, alt_text, sort_order) VALUES (208, 'https://daydreamhub.com/wp-content/uploads/2025/01/DSC03354-.jpg', 'NYNA House-Calm Studio-Ancient Villa-HK Lake - Image 6', 5);
INSERT INTO hotel_images (hotel_id, image_url, alt_text, sort_order) VALUES (208, 'https://daydreamhub.com/wp-content/uploads/2025/01/DSC03357-.jpg', 'NYNA House-Calm Studio-Ancient Villa-HK Lake - Image 7', 6);
INSERT INTO hotel_images (hotel_id, image_url, alt_text, sort_order) VALUES (208, 'https://daydreamhub.com/wp-content/uploads/2025/01/DSC03361-.jpg', 'NYNA House-Calm Studio-Ancient Villa-HK Lake - Image 8', 7);
INSERT INTO hotel_images (hotel_id, image_url, alt_text, sort_order) VALUES (208, 'https://daydreamhub.com/wp-content/uploads/2025/01/DSC03366-.jpg', 'NYNA House-Calm Studio-Ancient Villa-HK Lake - Image 9', 8);
INSERT INTO hotel_images (hotel_id, image_url, alt_text, sort_order) VALUES (208, 'https://daydreamhub.com/wp-content/uploads/2025/01/DSC03378-.jpg', 'NYNA House-Calm Studio-Ancient Villa-HK Lake - Image 10', 9);
INSERT INTO hotel_images (hotel_id, image_url, alt_text, sort_order) VALUES (208, 'https://daydreamhub.com/wp-content/uploads/2025/01/DSC03381-.jpg', 'NYNA House-Calm Studio-Ancient Villa-HK Lake - Image 11', 10);
INSERT INTO hotel_images (hotel_id, image_url, alt_text, sort_order) VALUES (208, 'https://daydreamhub.com/wp-content/uploads/2025/01/DSC03384.jpg', 'NYNA House-Calm Studio-Ancient Villa-HK Lake - Image 12', 11);
INSERT INTO hotels (id, name, slug, description, city, country, address, rating, thumbnail_url, categories, amenities, property_type, is_active) VALUES (209, 'D’Lanjut KLIA Agro Transit Hostel/2 Single Beds', 'dlanjut-klia-agro-transit-hostel-2-single-beds', 'A comfortable living room with beautiful garden views!', 'Kuala Lumpur', 'Malaysia', '', 0, 'https://daydreamhub.com/wp-content/uploads/2025/01/IMG_0198.jpg', '["transit_use"]', '["Laundry Service","Luggage Storage","Parking on Premises","Wheelchair Accessible","Air Conditioner (Cooling)","Desk/Workspace","Electric pot","Free Wi-Fi","Kitchen","Refrigerator","Shampoo","Shower","Towels","TV"]', 'Hostel', 1);
INSERT INTO plans (hotel_id, name, description, price_usd, check_in_time, check_out_time, plan_type, max_guests, is_active) VALUES (209, 'Early Check In(prepayment)', '', 24, '6:00', '12:00', 'transit_use', 2, 1);
INSERT INTO plans (hotel_id, name, description, price_usd, check_in_time, check_out_time, plan_type, max_guests, is_active) VALUES (209, 'Daytime(prepayment)', '', 35, '10:00', '20:00', 'transit_use', 2, 1);
INSERT INTO plans (hotel_id, name, description, price_usd, check_in_time, check_out_time, plan_type, max_guests, is_active) VALUES (209, 'Overnight(prepayment)', '', 60, '12:00', '12:00', 'overnight', 2, 1);
INSERT INTO hotel_images (hotel_id, image_url, alt_text, sort_order) VALUES (209, 'https://daydreamhub.com/wp-content/uploads/2025/01/IMG_0198.jpg', 'D’Lanjut KLIA Agro Transit Hostel/2 Single Beds - Image 1', 0);
INSERT INTO hotel_images (hotel_id, image_url, alt_text, sort_order) VALUES (209, 'https://daydreamhub.com/wp-content/uploads/2025/01/IMG_0194.jpg', 'D’Lanjut KLIA Agro Transit Hostel/2 Single Beds - Image 2', 1);
INSERT INTO hotel_images (hotel_id, image_url, alt_text, sort_order) VALUES (209, 'https://daydreamhub.com/wp-content/uploads/2025/01/IMG_0183.jpg', 'D’Lanjut KLIA Agro Transit Hostel/2 Single Beds - Image 3', 2);
INSERT INTO hotel_images (hotel_id, image_url, alt_text, sort_order) VALUES (209, 'https://daydreamhub.com/wp-content/uploads/2025/01/IMG_0164.jpg', 'D’Lanjut KLIA Agro Transit Hostel/2 Single Beds - Image 4', 3);
INSERT INTO hotel_images (hotel_id, image_url, alt_text, sort_order) VALUES (209, 'https://daydreamhub.com/wp-content/uploads/2025/01/IMG_0184.jpg', 'D’Lanjut KLIA Agro Transit Hostel/2 Single Beds - Image 5', 4);
INSERT INTO hotel_images (hotel_id, image_url, alt_text, sort_order) VALUES (209, 'https://daydreamhub.com/wp-content/uploads/2025/01/IMG_0181.jpg', 'D’Lanjut KLIA Agro Transit Hostel/2 Single Beds - Image 6', 5);
INSERT INTO hotel_images (hotel_id, image_url, alt_text, sort_order) VALUES (209, 'https://daydreamhub.com/wp-content/uploads/2025/01/IMG_0191.jpg', 'D’Lanjut KLIA Agro Transit Hostel/2 Single Beds - Image 7', 6);
INSERT INTO hotel_images (hotel_id, image_url, alt_text, sort_order) VALUES (209, 'https://daydreamhub.com/wp-content/uploads/2025/01/IMG_0189.jpg', 'D’Lanjut KLIA Agro Transit Hostel/2 Single Beds - Image 8', 7);
INSERT INTO hotel_images (hotel_id, image_url, alt_text, sort_order) VALUES (209, 'https://daydreamhub.com/wp-content/uploads/2025/01/IMG_0188.jpg', 'D’Lanjut KLIA Agro Transit Hostel/2 Single Beds - Image 9', 8);
INSERT INTO hotel_images (hotel_id, image_url, alt_text, sort_order) VALUES (209, 'https://daydreamhub.com/wp-content/uploads/2025/01/IMG_0186.jpg', 'D’Lanjut KLIA Agro Transit Hostel/2 Single Beds - Image 10', 9);
INSERT INTO hotel_images (hotel_id, image_url, alt_text, sort_order) VALUES (209, 'https://daydreamhub.com/wp-content/uploads/2025/01/IMG_0193.jpg', 'D’Lanjut KLIA Agro Transit Hostel/2 Single Beds - Image 11', 10);
INSERT INTO hotel_images (hotel_id, image_url, alt_text, sort_order) VALUES (209, 'https://daydreamhub.com/wp-content/uploads/2025/01/IMG_0192.jpg', 'D’Lanjut KLIA Agro Transit Hostel/2 Single Beds - Image 12', 11);
INSERT INTO hotels (id, name, slug, description, city, country, address, rating, thumbnail_url, categories, amenities, property_type, is_active) VALUES (210, 'Deluxe Room Twin Bed', 'deluxe-room-twin-bed', 'The hot tub is the standout feature of this double room. Featuring free toiletries and bathrobes, this double room includes a private bathroom with a walk-in shower, a bath and a hairdryer. The spacious air-conditioned double room features a flat-screen TV with cable channels, a minibar, a seating area, a wardrobe as well as city views. The unit has 1 bed.', 'Doha', 'Qatar', '', 0, 'https://daydreamhub.com/wp-content/uploads/2024/12/10-Deluxe-Twin-Room.jpg', '["transit_use"]', '["Bar / Restaurant","Currency Exchange","Elevator in Building","Gym","Laundry Service","Luggage Storage","Massage","Parking on Premises","Pool","Sauna","Wheelchair Accessible","Air Conditioner (Cooling)","Air Conditioner (Heating)","Bathtub","Coffee maker","Desk/Workspace","Electric pot","Free Wi-Fi","Hair Dryer","Night wear","Projector(s)","Shampoo","Shower","TEL","Toothbrush","Towels","TV"]', 'Hotel', 1);
INSERT INTO plans (hotel_id, name, description, price_usd, check_in_time, check_out_time, plan_type, max_guests, is_active) VALUES (210, 'Day Use 10 H(prepayment)', '', 76, '8:00', '18:00', 'transit_use', 2, 1);
INSERT INTO plans (hotel_id, name, description, price_usd, check_in_time, check_out_time, plan_type, max_guests, is_active) VALUES (210, 'Day Use 12 H(prepayment)', '', 111, '8:00', '20:00', 'transit_use', 2, 1);
INSERT INTO plans (hotel_id, name, description, price_usd, check_in_time, check_out_time, plan_type, max_guests, is_active) VALUES (210, 'Day Use 12 H(prepayment)', '', 146, '15:00', '15:00', 'transit_use', 2, 1);
INSERT INTO hotel_images (hotel_id, image_url, alt_text, sort_order) VALUES (210, 'https://daydreamhub.com/wp-content/uploads/2024/12/10-Deluxe-Twin-Room.jpg', 'Deluxe Room Twin Bed - Image 1', 0);
INSERT INTO hotels (id, name, slug, description, city, country, address, rating, thumbnail_url, categories, amenities, property_type, is_active) VALUES (211, 'Deluxe Room King Bed', 'deluxe-room-king-bed', 'The hot tub is the standout feature of this double room. Featuring free toiletries and bathrobes, this double room includes a private bathroom with a walk-in shower, a bath and a hairdryer. The spacious air-conditioned double room features a flat-screen TV with cable channels, a minibar, a seating area, a wardrobe as well as city views. The unit has 1 bed.', 'Doha', 'Qatar', '', 0, 'https://daydreamhub.com/wp-content/uploads/2024/12/09-Deluxe-Room-.jpg', '["transit_use"]', '["Bar / Restaurant","Currency Exchange","Elevator in Building","Gym","Laundry Service","Luggage Storage","Massage","Parking on Premises","Pool","Sauna","Wheelchair Accessible","Air Conditioner (Cooling)","Air Conditioner (Heating)","Bathtub","Coffee maker","Desk/Workspace","Electric pot","Free Wi-Fi","Hair Dryer","Night wear","Projector(s)","Shampoo","Shower","TEL","Toothbrush","Towels","TV"]', 'Hotel', 1);
INSERT INTO plans (hotel_id, name, description, price_usd, check_in_time, check_out_time, plan_type, max_guests, is_active) VALUES (211, 'Day Use 10 H(prepayment)', '', 76, '8:00', '18:00', 'transit_use', 2, 1);
INSERT INTO plans (hotel_id, name, description, price_usd, check_in_time, check_out_time, plan_type, max_guests, is_active) VALUES (211, 'Day Use 12 H(prepayment)', '', 111, '8:00', '20:00', 'transit_use', 2, 1);
INSERT INTO plans (hotel_id, name, description, price_usd, check_in_time, check_out_time, plan_type, max_guests, is_active) VALUES (211, 'Day Use 12 H(prepayment)', '', 146, '15:00', '15:00', 'transit_use', 2, 1);
INSERT INTO hotel_images (hotel_id, image_url, alt_text, sort_order) VALUES (211, 'https://daydreamhub.com/wp-content/uploads/2024/12/09-Deluxe-Room-.jpg', 'Deluxe Room King Bed - Image 1', 0);
INSERT INTO hotels (id, name, slug, description, city, country, address, rating, thumbnail_url, categories, amenities, property_type, is_active) VALUES (212, 'Executive Twin Room', 'executive-twin-room-grand-regency-doha-trademark-collection-by-wyndham-copy', 'Enjoying a central location in Doha, Decorated with soft carpets and large beds, rooms at Grand Regency Hotel-Doha are equipped with satellite TV channels and tea/coffee makers. Private bathrooms come with courtesy bathrobes and slippers.

Guests can enjoy world-class cuisine in one of the hotel’s establishments, International breakfast, lunch or dinner at Grand Gourmet. The on-site Al Kut Lounge serves European-inspired pastries and coffee brews. No alcoholic drinks are available.

Staff at the 24-hour reception can help plan visits and excursions to the iconic Museum of Islamic Arts or Al Koot Fort, both within a 10-minute drive from the Grand Regency Hotel. Free private parking is available on site.', 'Doha', 'Qatar', '', 0, 'https://daydreamhub.com/wp-content/uploads/2024/12/14-Executive-Twin-Room.jpg', '["transit_use"]', '["Bar / Restaurant","Currency Exchange","Elevator in Building","Gym","Laundry Service","Luggage Storage","Massage","Parking on Premises","Pool","Sauna","Wheelchair Accessible","Air Conditioner (Cooling)","Air Conditioner (Heating)","Bathtub","Coffee maker","Desk/Workspace","Free Wi-Fi","Hair Dryer","Night wear","Projector(s)","Shampoo","Shower","TEL","Toothbrush","Towels","TV"]', 'Hotel', 1);
INSERT INTO plans (hotel_id, name, description, price_usd, check_in_time, check_out_time, plan_type, max_guests, is_active) VALUES (212, 'Day Use 10 H(prepayment)', '', 100, '8:00', '18:00', 'transit_use', 2, 1);
INSERT INTO plans (hotel_id, name, description, price_usd, check_in_time, check_out_time, plan_type, max_guests, is_active) VALUES (212, 'Day Use 12 H(prepayment)', '', 135, '8:00', '20:00', 'transit_use', 2, 1);
INSERT INTO plans (hotel_id, name, description, price_usd, check_in_time, check_out_time, plan_type, max_guests, is_active) VALUES (212, '24 HRS(prepayment)', '', 170, '15:00', '15:00', 'transit_use', 2, 1);
INSERT INTO hotel_images (hotel_id, image_url, alt_text, sort_order) VALUES (212, 'https://daydreamhub.com/wp-content/uploads/2024/12/14-Executive-Twin-Room.jpg', 'Executive Twin Room - Image 1', 0);
INSERT INTO hotels (id, name, slug, description, city, country, address, rating, thumbnail_url, categories, amenities, property_type, is_active) VALUES (213, 'Seruni Villas /  Villa with Private Pool', 'seruni-villas-villa-with-private-pool', 'Located in Ubud, 2 miles from Ubud Palace, Cahaya Indah Villas has accommodations with an outdoor swimming pool, free private parking, a garden and a terrace. This 5-star hotel offers room service, a concierge service and free WiFi. Each room is equipped with a patio with views of the pool.', 'Ubud', 'Indonesia', '', 0, 'https://daydreamhub.com/wp-content/uploads/2024/12/220759830.jpg', '["for_couple"]', '["Luggage Storage","Parking on Premises","Pool","Air Conditioner (Cooling)","Air Conditioner (Heating)","Bathtub","Desk/Workspace","Electric pot","Free Wi-Fi","Hair Dryer","Kitchen","Night wear","Refrigerator","Shower","TEL","Towels","TV"]', 'Hotel', 1);
INSERT INTO plans (hotel_id, name, description, price_usd, check_in_time, check_out_time, plan_type, max_guests, is_active) VALUES (213, '【6H】Early Check In(prepayment)', '', 90, '6:00', '12:00', 'for_couple', 2, 1);
INSERT INTO plans (hotel_id, name, description, price_usd, check_in_time, check_out_time, plan_type, max_guests, is_active) VALUES (213, '【10H】Daytime(prepayment)', '', 105, '10:00', '20:00', 'for_couple', 2, 1);
INSERT INTO plans (hotel_id, name, description, price_usd, check_in_time, check_out_time, plan_type, max_guests, is_active) VALUES (213, '【10H】Airport Shuttle（One Way Trip) (prepayment)', '', 105, '8:00', '20:00', 'for_couple', 2, 1);
INSERT INTO plans (hotel_id, name, description, price_usd, check_in_time, check_out_time, plan_type, max_guests, is_active) VALUES (213, '【28H】Overnight(prepayment)', '', 180, '8:00', '12:00', 'overnight', 2, 1);
INSERT INTO hotel_images (hotel_id, image_url, alt_text, sort_order) VALUES (213, 'https://daydreamhub.com/wp-content/uploads/2024/12/220759830.jpg', 'Seruni Villas /  Villa with Private Pool - Image 1', 0);
INSERT INTO hotel_images (hotel_id, image_url, alt_text, sort_order) VALUES (213, 'https://daydreamhub.com/wp-content/uploads/2024/12/167338671-2.jpg', 'Seruni Villas /  Villa with Private Pool - Image 2', 1);
INSERT INTO hotel_images (hotel_id, image_url, alt_text, sort_order) VALUES (213, 'https://daydreamhub.com/wp-content/uploads/2024/12/165208486.jpg', 'Seruni Villas /  Villa with Private Pool - Image 3', 2);
INSERT INTO hotel_images (hotel_id, image_url, alt_text, sort_order) VALUES (213, 'https://daydreamhub.com/wp-content/uploads/2024/12/165208493.jpg', 'Seruni Villas /  Villa with Private Pool - Image 4', 3);
INSERT INTO hotel_images (hotel_id, image_url, alt_text, sort_order) VALUES (213, 'https://daydreamhub.com/wp-content/uploads/2024/12/240380804.jpg', 'Seruni Villas /  Villa with Private Pool - Image 5', 4);
INSERT INTO hotel_images (hotel_id, image_url, alt_text, sort_order) VALUES (213, 'https://daydreamhub.com/wp-content/uploads/2024/12/165208542.jpg', 'Seruni Villas /  Villa with Private Pool - Image 6', 5);
INSERT INTO hotel_images (hotel_id, image_url, alt_text, sort_order) VALUES (213, 'https://daydreamhub.com/wp-content/uploads/2024/12/409844541.jpg', 'Seruni Villas /  Villa with Private Pool - Image 7', 6);
INSERT INTO hotels (id, name, slug, description, city, country, address, rating, thumbnail_url, categories, amenities, property_type, is_active) VALUES (214, 'Sakura Villas / Villa with Private Pool', 'sakura-villas-villa-with-private-pool', 'Located in Ubud, 2 miles from Ubud Palace, Cahaya Indah Villas has accommodations with an outdoor swimming pool, free private parking, a garden and a terrace. This 5-star hotel offers room service, a concierge service and free WiFi. Each room is equipped with a patio with views of the pool.', 'Ubud', 'Indonesia', '', 12, 'https://daydreamhub.com/wp-content/uploads/2024/12/220758919.jpg', '["for_couple"]', '["Luggage Storage","Parking on Premises","Pool","Air Conditioner (Cooling)","Air Conditioner (Heating)","Bathtub","Desk/Workspace","Electric pot","Free Wi-Fi","Hair Dryer","Kitchen","Night wear","Refrigerator","Shower","TEL","Towels","TV"]', 'Hotel', 1);
INSERT INTO plans (hotel_id, name, description, price_usd, check_in_time, check_out_time, plan_type, max_guests, is_active) VALUES (214, '【6H】Early Check In(prepayment)', '', 100, '6:00', '12:00', 'for_couple', 2, 1);
INSERT INTO plans (hotel_id, name, description, price_usd, check_in_time, check_out_time, plan_type, max_guests, is_active) VALUES (214, '【10H】Daytime (prepayment)', '', 115, '10:00', '20:00', 'for_couple', 2, 1);
INSERT INTO plans (hotel_id, name, description, price_usd, check_in_time, check_out_time, plan_type, max_guests, is_active) VALUES (214, '【10H】Airport Shuttle（One Way Trip) (prepayment)', '', 115, '8:00', '20:00', 'for_couple', 2, 1);
INSERT INTO plans (hotel_id, name, description, price_usd, check_in_time, check_out_time, plan_type, max_guests, is_active) VALUES (214, '【28H】Overnight(prepayment)', '', 200, '8:00', '12:00', 'overnight', 2, 1);
INSERT INTO hotel_images (hotel_id, image_url, alt_text, sort_order) VALUES (214, 'https://daydreamhub.com/wp-content/uploads/2024/12/220758919.jpg', 'Sakura Villas / Villa with Private Pool - Image 1', 0);
INSERT INTO hotel_images (hotel_id, image_url, alt_text, sort_order) VALUES (214, 'https://daydreamhub.com/wp-content/uploads/2024/12/167338671.jpg', 'Sakura Villas / Villa with Private Pool - Image 2', 1);
INSERT INTO hotel_images (hotel_id, image_url, alt_text, sort_order) VALUES (214, 'https://daydreamhub.com/wp-content/uploads/2024/12/220755078.jpg', 'Sakura Villas / Villa with Private Pool - Image 3', 2);
INSERT INTO hotel_images (hotel_id, image_url, alt_text, sort_order) VALUES (214, 'https://daydreamhub.com/wp-content/uploads/2024/12/557305392.jpg', 'Sakura Villas / Villa with Private Pool - Image 4', 3);
INSERT INTO hotel_images (hotel_id, image_url, alt_text, sort_order) VALUES (214, 'https://daydreamhub.com/wp-content/uploads/2024/12/557305389.jpg', 'Sakura Villas / Villa with Private Pool - Image 5', 4);
INSERT INTO hotel_images (hotel_id, image_url, alt_text, sort_order) VALUES (214, 'https://daydreamhub.com/wp-content/uploads/2024/12/557298080-1.jpg', 'Sakura Villas / Villa with Private Pool - Image 6', 5);
INSERT INTO hotel_images (hotel_id, image_url, alt_text, sort_order) VALUES (214, 'https://daydreamhub.com/wp-content/uploads/2024/12/220758951.jpg', 'Sakura Villas / Villa with Private Pool - Image 7', 6);
INSERT INTO hotels (id, name, slug, description, city, country, address, rating, thumbnail_url, categories, amenities, property_type, is_active) VALUES (215, 'Widuri Villas / Villa with Private Pool', 'widuri-villa-villa-with-private-pool', 'Situated in Ubud, 3.3 km from Ubud Palace, Cahaya Indah Villas features accommodation with an outdoor swimming pool, free private parking, a garden and a terrace. With free WiFi, this 5-star hotel offers room service and a concierge service. Each room is equipped with a balcony with mountain views.', 'Ubud', 'Indonesia', '', 0, 'https://daydreamhub.com/wp-content/uploads/2024/12/80b049_6fa7953c801f4b4fbd3194613e7bcb70_mv2_d_5773_3297_s_4_2-3.jpg', '["for_couple"]', '["Luggage Storage","Parking on Premises","Pool","Air Conditioner (Cooling)","Air Conditioner (Heating)","Bathtub","Desk/Workspace","Electric pot","Free Wi-Fi","Hair Dryer","Kitchen","Night wear","Refrigerator","Shampoo","Shower","TEL","Towels","TV"]', 'Hotel', 1);
INSERT INTO plans (hotel_id, name, description, price_usd, check_in_time, check_out_time, plan_type, max_guests, is_active) VALUES (215, '【6H】Early Check In(prepayment)', '', 84, '6:00', '12:00', 'for_couple', 2, 1);
INSERT INTO plans (hotel_id, name, description, price_usd, check_in_time, check_out_time, plan_type, max_guests, is_active) VALUES (215, '【10H】Daytime (prepayment)', '', 98, '10:00', '20:00', 'for_couple', 2, 1);
INSERT INTO plans (hotel_id, name, description, price_usd, check_in_time, check_out_time, plan_type, max_guests, is_active) VALUES (215, '【10H】Airport Shuttle（One Way Trip)(prepayment)', '', 98, '8:00', '20:00', 'for_couple', 2, 1);
INSERT INTO plans (hotel_id, name, description, price_usd, check_in_time, check_out_time, plan_type, max_guests, is_active) VALUES (215, '【28H】Overnight(prepayment)', '', 168, '8:00', '12:00', 'overnight', 2, 1);
INSERT INTO hotel_images (hotel_id, image_url, alt_text, sort_order) VALUES (215, 'https://daydreamhub.com/wp-content/uploads/2024/12/80b049_6fa7953c801f4b4fbd3194613e7bcb70_mv2_d_5773_3297_s_4_2-3.jpg', 'Widuri Villas / Villa with Private Pool - Image 1', 0);
INSERT INTO hotel_images (hotel_id, image_url, alt_text, sort_order) VALUES (215, 'https://daydreamhub.com/wp-content/uploads/2024/12/Screenshot_20241221_233052.jpg', 'Widuri Villas / Villa with Private Pool - Image 2', 1);
INSERT INTO hotel_images (hotel_id, image_url, alt_text, sort_order) VALUES (215, 'https://daydreamhub.com/wp-content/uploads/2024/12/Screenshot_20241221_233137.jpg', 'Widuri Villas / Villa with Private Pool - Image 3', 2);
INSERT INTO hotel_images (hotel_id, image_url, alt_text, sort_order) VALUES (215, 'https://daydreamhub.com/wp-content/uploads/2024/12/Screenshot_20241221_233123.jpg', 'Widuri Villas / Villa with Private Pool - Image 4', 3);
INSERT INTO hotel_images (hotel_id, image_url, alt_text, sort_order) VALUES (215, 'https://daydreamhub.com/wp-content/uploads/2024/12/Screenshot_20241221_233108.jpg', 'Widuri Villas / Villa with Private Pool - Image 5', 4);
INSERT INTO hotel_images (hotel_id, image_url, alt_text, sort_order) VALUES (215, 'https://daydreamhub.com/wp-content/uploads/2024/12/Screenshot_20241221_233035.jpg', 'Widuri Villas / Villa with Private Pool - Image 6', 5);
INSERT INTO hotels (id, name, slug, description, city, country, address, rating, thumbnail_url, categories, amenities, property_type, is_active) VALUES (216, 'Alamanda Villas / Villa with Private Pool', 'alamanda-villas-villa-with-private-pool', 'Situated in Ubud, 3.3 km from Ubud Palace, Cahaya Indah Villas features accommodation with an outdoor swimming pool, free private parking, a garden and a terrace. With free WiFi, this 5-star hotel offers room service and a concierge service. Each room is equipped with a balcony with mountain views.', 'Ubud', 'Indonesia', '', 0, 'https://daydreamhub.com/wp-content/uploads/2024/12/410281462.jpg', '["for_couple"]', '["Luggage Storage","Parking on Premises","Pool","Air Conditioner (Cooling)","Air Conditioner (Heating)","Bathtub","Desk/Workspace","Electric pot","Free Wi-Fi","Hair Dryer","Kitchen","Night wear","Refrigerator","Shower","TEL","Towels","TV"]', 'Hotel', 1);
INSERT INTO plans (hotel_id, name, description, price_usd, check_in_time, check_out_time, plan_type, max_guests, is_active) VALUES (216, '【6H】Early Check In(prepayment)', '', 75, '6:00', '12:00', 'for_couple', 2, 1);
INSERT INTO plans (hotel_id, name, description, price_usd, check_in_time, check_out_time, plan_type, max_guests, is_active) VALUES (216, '【10H】Daytime (prepayment)', '', 90, '10:00', '20:00', 'for_couple', 2, 1);
INSERT INTO plans (hotel_id, name, description, price_usd, check_in_time, check_out_time, plan_type, max_guests, is_active) VALUES (216, '【10H】Airport Shuttle（One Way Trip)(prepayment)', '', 90, '8:00', '20:00', 'for_couple', 2, 1);
INSERT INTO plans (hotel_id, name, description, price_usd, check_in_time, check_out_time, plan_type, max_guests, is_active) VALUES (216, '【28H】Overnight(prepayment)', '', 155, '8:00', '12:00', 'overnight', 2, 1);
INSERT INTO hotel_images (hotel_id, image_url, alt_text, sort_order) VALUES (216, 'https://daydreamhub.com/wp-content/uploads/2024/12/410281462.jpg', 'Alamanda Villas / Villa with Private Pool - Image 1', 0);
INSERT INTO hotel_images (hotel_id, image_url, alt_text, sort_order) VALUES (216, 'https://daydreamhub.com/wp-content/uploads/2024/12/410281368.jpg', 'Alamanda Villas / Villa with Private Pool - Image 2', 1);
INSERT INTO hotel_images (hotel_id, image_url, alt_text, sort_order) VALUES (216, 'https://daydreamhub.com/wp-content/uploads/2024/12/220758937.jpg', 'Alamanda Villas / Villa with Private Pool - Image 3', 2);
INSERT INTO hotel_images (hotel_id, image_url, alt_text, sort_order) VALUES (216, 'https://daydreamhub.com/wp-content/uploads/2024/12/410281371.jpg', 'Alamanda Villas / Villa with Private Pool - Image 4', 3);
INSERT INTO hotel_images (hotel_id, image_url, alt_text, sort_order) VALUES (216, 'https://daydreamhub.com/wp-content/uploads/2024/12/410281459.jpg', 'Alamanda Villas / Villa with Private Pool - Image 5', 4);
INSERT INTO hotel_images (hotel_id, image_url, alt_text, sort_order) VALUES (216, 'https://daydreamhub.com/wp-content/uploads/2024/12/410281256.jpg', 'Alamanda Villas / Villa with Private Pool - Image 6', 5);
INSERT INTO hotels (id, name, slug, description, city, country, address, rating, thumbnail_url, categories, amenities, property_type, is_active) VALUES (217, 'Silverland SAKYO /  Deluxe Twin Room', 'silverland-sakyo', 'Placed in the heart of Ho Chi Minh City, Silverland Sakyo Hotel features a blend of Saigon’s soul and the serenity of Japanese culture. The hotel boasts a rooftop pool, 2 on-site restaurants and bars. You can enjoy rejuvenating treatments at KL Spa or simply relax in the lounge area. Complimentary internet access is also avaialble.

This well-appointed hotel is within 600 metres from both Ho Chi Minh City Hall and General Post Office. Tan Son Nhat International Airport is only 7 km away. Airport shuttle services can be arranged for a small fee.

Rooms are luxuriously furnished and fully air-conditioned. A minibar, a flat-screen TV and tea/coffee making facilities are included. The attached bathrooms come with a hairdryer and plush bathrobes. Some rooms offer a stand-alone bathtub.

Enjoy a cup of tea while you relax at the terrace or indulge in a traditional massage. Sauna, steam bath facilities, 24-hour reception are all available.

Our Restaurant offers a buffet spread of various Asian and international cuisines. Afternoon tea is also served at our restaurant for all the guests who stay at our hotel from 14:00-16:00, Traditional music band will be organized on each Tuesday, Thursday and Saturday.

Couples particularly like the location — they rated it 9.4 for a two-person trip.', 'Ho Chi Minh City', 'Vietnam', '', 0, 'https://daydreamhub.com/wp-content/uploads/2024/12/238500682.jpg', '["for_couple"]', '["Bar / Restaurant","Currency Exchange","Elevator in Building","Gym","Laundry Service","Luggage Storage","Massage","Pool","Sauna","Air Conditioner (Cooling)","Air Conditioner (Heating)","Bathtub","Desk/Workspace","Electric pot","Free Wi-Fi","Hair Dryer","Night wear","Refrigerator","Shampoo","Shower","TEL","Toothbrush","Towels","TV"]', 'Hotel', 1);
INSERT INTO plans (hotel_id, name, description, price_usd, check_in_time, check_out_time, plan_type, max_guests, is_active) VALUES (217, '【6H】Early Check In(prepayment)', '', 86, '6:00', '12:00', 'for_couple', 2, 1);
INSERT INTO plans (hotel_id, name, description, price_usd, check_in_time, check_out_time, plan_type, max_guests, is_active) VALUES (217, '【10H】Daytime(prepayment)', '', 129, '10:00', '20:00', 'for_couple', 2, 1);
INSERT INTO plans (hotel_id, name, description, price_usd, check_in_time, check_out_time, plan_type, max_guests, is_active) VALUES (217, '【28H】Overnight(prepayment)', '', 172, '8:00', '12:00', 'overnight', 2, 1);
INSERT INTO hotel_images (hotel_id, image_url, alt_text, sort_order) VALUES (217, 'https://daydreamhub.com/wp-content/uploads/2024/12/238500682.jpg', 'Silverland SAKYO /  Deluxe Twin Room - Image 1', 0);
INSERT INTO hotel_images (hotel_id, image_url, alt_text, sort_order) VALUES (217, 'https://daydreamhub.com/wp-content/uploads/2024/12/38040295.jpg', 'Silverland SAKYO /  Deluxe Twin Room - Image 2', 1);
INSERT INTO hotel_images (hotel_id, image_url, alt_text, sort_order) VALUES (217, 'https://daydreamhub.com/wp-content/uploads/2024/12/263891351.jpg', 'Silverland SAKYO /  Deluxe Twin Room - Image 3', 2);
INSERT INTO hotel_images (hotel_id, image_url, alt_text, sort_order) VALUES (217, 'https://daydreamhub.com/wp-content/uploads/2024/12/263891258.jpg', 'Silverland SAKYO /  Deluxe Twin Room - Image 4', 3);
INSERT INTO hotel_images (hotel_id, image_url, alt_text, sort_order) VALUES (217, 'https://daydreamhub.com/wp-content/uploads/2024/12/488666714.jpg', 'Silverland SAKYO /  Deluxe Twin Room - Image 5', 4);
INSERT INTO hotel_images (hotel_id, image_url, alt_text, sort_order) VALUES (217, 'https://daydreamhub.com/wp-content/uploads/2024/12/189080453-1.jpg', 'Silverland SAKYO /  Deluxe Twin Room - Image 6', 5);
INSERT INTO hotel_images (hotel_id, image_url, alt_text, sort_order) VALUES (217, 'https://daydreamhub.com/wp-content/uploads/2024/12/189076309.jpg', 'Silverland SAKYO /  Deluxe Twin Room - Image 7', 6);
INSERT INTO hotels (id, name, slug, description, city, country, address, rating, thumbnail_url, categories, amenities, property_type, is_active) VALUES (218, 'The Great Ponsonby Arthotel/Courtyard Studio', 'the-great-ponsonby-arthotel-courtyard-studio', 'Come and stay at The Great Ponsonby Arthotel, a delightful small hotel providing bed and breakfast in central Auckland. Just a two minute stroll to Ponsonby’s vibrant cafés, restaurants, galleries, shops and nightlife or a short taxi ride to the harbour and city centre.

The Great Ponsonby Arthotel, established over 20 years ago, is a renovated villa located in a heritage neighbourhood.

Beautifully decorated with original New Zealand and Pacific Island artworks, filled with books, magazines, music and persian rugs, you will feel at home and relaxed in our welcoming environment.

This roomy outdoor studio features a fully appointed kitchenette, dining table and a comfy leather couch for 2 people.', 'Auckland Central', 'New Zealand', '', 0, 'https://daydreamhub.com/wp-content/uploads/2024/12/backyard01.jpg', '["early_check-in","for_couple","for_work","transit_use"]', '["Laundry Service","Luggage Storage","Parking on Premises","Wheelchair Accessible","Air Conditioner (Cooling)","Air Conditioner (Heating)","Coffee maker","Desk/Workspace","Free Wi-Fi","Hair Dryer","Kitchen","Night wear","Refrigerator","Scanner / Printer","Shampoo","Shower","TEL","Towels","TV"]', 'Villa', 1);
INSERT INTO plans (hotel_id, name, description, price_usd, check_in_time, check_out_time, plan_type, max_guests, is_active) VALUES (218, '(7H) Daytime(prepayment)', '', 135, '10:00', '17:00', 'early_check-in', 2, 1);
INSERT INTO plans (hotel_id, name, description, price_usd, check_in_time, check_out_time, plan_type, max_guests, is_active) VALUES (218, '(23H) Overnight(prepayment)', '', 235, '12:00', '11:00', 'overnight', 2, 1);
INSERT INTO hotel_images (hotel_id, image_url, alt_text, sort_order) VALUES (218, 'https://daydreamhub.com/wp-content/uploads/2024/12/backyard01.jpg', 'The Great Ponsonby Arthotel/Courtyard Studio - Image 1', 0);
INSERT INTO hotel_images (hotel_id, image_url, alt_text, sort_order) VALUES (218, 'https://daydreamhub.com/wp-content/uploads/2024/12/IMG_20240809_110840.jpg', 'The Great Ponsonby Arthotel/Courtyard Studio - Image 2', 1);
INSERT INTO hotel_images (hotel_id, image_url, alt_text, sort_order) VALUES (218, 'https://daydreamhub.com/wp-content/uploads/2024/12/Courtyard-King-Studio-Bedroom.jpg', 'The Great Ponsonby Arthotel/Courtyard Studio - Image 3', 2);
INSERT INTO hotel_images (hotel_id, image_url, alt_text, sort_order) VALUES (218, 'https://daydreamhub.com/wp-content/uploads/2024/12/Courtyard-King-Studio-Disable-Bathroom.jpg', 'The Great Ponsonby Arthotel/Courtyard Studio - Image 4', 3);
INSERT INTO hotel_images (hotel_id, image_url, alt_text, sort_order) VALUES (218, 'https://daydreamhub.com/wp-content/uploads/2024/12/Courtyard-King-Studio.jpg', 'The Great Ponsonby Arthotel/Courtyard Studio - Image 5', 4);
INSERT INTO hotel_images (hotel_id, image_url, alt_text, sort_order) VALUES (218, 'https://daydreamhub.com/wp-content/uploads/2024/12/Courtyard-Queen-Studio-Bathroom.jpg', 'The Great Ponsonby Arthotel/Courtyard Studio - Image 6', 5);
INSERT INTO hotel_images (hotel_id, image_url, alt_text, sort_order) VALUES (218, 'https://daydreamhub.com/wp-content/uploads/2024/12/Courtyard-Queen-Studio-Bedroom-1.jpg', 'The Great Ponsonby Arthotel/Courtyard Studio - Image 7', 6);
INSERT INTO hotel_images (hotel_id, image_url, alt_text, sort_order) VALUES (218, 'https://daydreamhub.com/wp-content/uploads/2024/12/Courtyard-Queen-Studio-Bedroom.jpg', 'The Great Ponsonby Arthotel/Courtyard Studio - Image 8', 7);
INSERT INTO hotel_images (hotel_id, image_url, alt_text, sort_order) VALUES (218, 'https://daydreamhub.com/wp-content/uploads/2024/12/Courtyard-Queen-Studio-Lounge-and-Bedroom.jpg', 'The Great Ponsonby Arthotel/Courtyard Studio - Image 9', 8);
INSERT INTO hotel_images (hotel_id, image_url, alt_text, sort_order) VALUES (218, 'https://daydreamhub.com/wp-content/uploads/2024/12/Courtyard-King-Studio-Red-2.jpg', 'The Great Ponsonby Arthotel/Courtyard Studio - Image 10', 9);
INSERT INTO hotel_images (hotel_id, image_url, alt_text, sort_order) VALUES (218, 'https://daydreamhub.com/wp-content/uploads/2024/12/IMG_20240809_110705.jpg', 'The Great Ponsonby Arthotel/Courtyard Studio - Image 11', 10);
INSERT INTO hotels (id, name, slug, description, city, country, address, rating, thumbnail_url, categories, amenities, property_type, is_active) VALUES (219, 'Javana Royal Villas / One-Bedroom Pool Villa', 'javana-royal-villas-one-bedroom-pool-villa-2', 'Star rating : 5.0
 Perched at the fabulous outskirts of Seminyak, Javana Royal Villas features upscale honeymoon villas offering ultimate romantic comfort in a peaceful and tranquil atmosphere.
 Get One Time Floating Lunch for 2 pax for any booking made.', 'Bali', 'Indonesia', '', 12, 'https://daydreamhub.com/wp-content/uploads/2024/12/439948883.jpg', '["early_check-in","for_couple","transit_use"]', '["Elevator in Building","Massage","Pool","Air Conditioner (Cooling)","Coffee maker","Desk/Workspace","Electric pot","Free Wi-Fi","Hair Dryer","Refrigerator","Shampoo","Shower","TEL","Toothbrush","Towels"]', 'Villa', 1);
INSERT INTO plans (hotel_id, name, description, price_usd, check_in_time, check_out_time, plan_type, max_guests, is_active) VALUES (219, '【6H】Morning(prepayment)', '', 110, '6:00', '12:00', 'early_check-in', 2, 1);
INSERT INTO plans (hotel_id, name, description, price_usd, check_in_time, check_out_time, plan_type, max_guests, is_active) VALUES (219, '【10H】Daytime(prepayment)', '', 130, '10:00', '20:00', 'early_check-in', 2, 1);
INSERT INTO plans (hotel_id, name, description, price_usd, check_in_time, check_out_time, plan_type, max_guests, is_active) VALUES (219, '【28H】Overnight(prepayment)', '', 220, '8:00', '12:00', 'overnight', 2, 1);
INSERT INTO hotel_images (hotel_id, image_url, alt_text, sort_order) VALUES (219, 'https://daydreamhub.com/wp-content/uploads/2024/12/439948883.jpg', 'Javana Royal Villas / One-Bedroom Pool Villa - Image 1', 0);
INSERT INTO hotel_images (hotel_id, image_url, alt_text, sort_order) VALUES (219, 'https://daydreamhub.com/wp-content/uploads/2024/12/525291277.jpg', 'Javana Royal Villas / One-Bedroom Pool Villa - Image 2', 1);
INSERT INTO hotel_images (hotel_id, image_url, alt_text, sort_order) VALUES (219, 'https://daydreamhub.com/wp-content/uploads/2024/12/441222148.jpg', 'Javana Royal Villas / One-Bedroom Pool Villa - Image 3', 2);
INSERT INTO hotel_images (hotel_id, image_url, alt_text, sort_order) VALUES (219, 'https://daydreamhub.com/wp-content/uploads/2024/12/525291239.jpg', 'Javana Royal Villas / One-Bedroom Pool Villa - Image 4', 3);
INSERT INTO hotel_images (hotel_id, image_url, alt_text, sort_order) VALUES (219, 'https://daydreamhub.com/wp-content/uploads/2024/12/439697366.jpg', 'Javana Royal Villas / One-Bedroom Pool Villa - Image 5', 4);
INSERT INTO hotel_images (hotel_id, image_url, alt_text, sort_order) VALUES (219, 'https://daydreamhub.com/wp-content/uploads/2024/12/440143617.jpg', 'Javana Royal Villas / One-Bedroom Pool Villa - Image 6', 5);
INSERT INTO hotel_images (hotel_id, image_url, alt_text, sort_order) VALUES (219, 'https://daydreamhub.com/wp-content/uploads/2024/12/557261137.jpg', 'Javana Royal Villas / One-Bedroom Pool Villa - Image 7', 6);
INSERT INTO hotel_images (hotel_id, image_url, alt_text, sort_order) VALUES (219, 'https://daydreamhub.com/wp-content/uploads/2024/12/406e5eb85d3cfe01cd1663e653faab0c.webp', 'Javana Royal Villas / One-Bedroom Pool Villa - Image 8', 7);
INSERT INTO hotel_images (hotel_id, image_url, alt_text, sort_order) VALUES (219, 'https://daydreamhub.com/wp-content/uploads/2024/12/441222136.jpg', 'Javana Royal Villas / One-Bedroom Pool Villa - Image 9', 8);
INSERT INTO hotel_images (hotel_id, image_url, alt_text, sort_order) VALUES (219, 'https://daydreamhub.com/wp-content/uploads/2024/12/441222299.jpg', 'Javana Royal Villas / One-Bedroom Pool Villa - Image 10', 9);
INSERT INTO hotel_images (hotel_id, image_url, alt_text, sort_order) VALUES (219, 'https://daydreamhub.com/wp-content/uploads/2024/12/441222135.jpg', 'Javana Royal Villas / One-Bedroom Pool Villa - Image 11', 10);
INSERT INTO hotel_images (hotel_id, image_url, alt_text, sort_order) VALUES (219, 'https://daydreamhub.com/wp-content/uploads/2024/12/439948893.jpg', 'Javana Royal Villas / One-Bedroom Pool Villa - Image 12', 11);
INSERT INTO hotel_images (hotel_id, image_url, alt_text, sort_order) VALUES (219, 'https://daydreamhub.com/wp-content/uploads/2024/12/441222300.jpg', 'Javana Royal Villas / One-Bedroom Pool Villa - Image 13', 12);
INSERT INTO hotels (id, name, slug, description, city, country, address, rating, thumbnail_url, categories, amenities, property_type, is_active) VALUES (220, 'Uno Express/ Deluxe Room', 'uno-express-deluxe-room', 'Ideally located in busy Sukhumvit, Uno Express SHA is minutes away from Bangkok’s business and financial districts, commercial district and transportation links. It is located within walking distance to Terminal 21 Shopping Mall and Health Land Asoke Spa & Massage.

The Asoke Skytrain and MRT stations are within walking distance, making it easy to explore the city. Hopping on the train can take you to Siam Square, where you can find street stalls and Gaysorn Plaza along the way. While a subway trip to Silom can take you to some of the hippest bars and nightclubs.

Accommodations at Uno Express SHA provides a variety of amenities that include spacious bathrooms with rain showers. It also offers high-speed wireless internet access, a 50-inch flat-screen television and a day bed.

Dine at GIGI Restaurant, which offers a breakfast. Various dining options including Italian cuisine and Japanese cuisine are available at GIGI restaurant and at the Sanriku restaurant.', 'Bangkok', 'Thailand', '', 12, 'https://daydreamhub.com/wp-content/uploads/2024/12/DELUXE-ROOM5.jpg', '["daycation","for_couple","personal_time","transit_use"]', '["Bar / Restaurant","Elevator in Building","Laundry Service","Luggage Storage","Massage","Vending machine","Wheelchair Accessible","Air Conditioner (Cooling)","Air Conditioner (Heating)","Coffee maker","Desk/Workspace","Free Wi-Fi","Hair Dryer","Shampoo","Shower","TEL","Toothbrush","Towels","TV"]', 'Hotel', 1);
INSERT INTO plans (hotel_id, name, description, price_usd, check_in_time, check_out_time, plan_type, max_guests, is_active) VALUES (220, '【6H】Early Check In(prepayment)', '', 51, '6:00', '12:00', 'daycation', 2, 1);
INSERT INTO plans (hotel_id, name, description, price_usd, check_in_time, check_out_time, plan_type, max_guests, is_active) VALUES (220, '【8H】Daytime(prepayment)', '', 57, '10:00', '18:00', 'daycation', 2, 1);
INSERT INTO plans (hotel_id, name, description, price_usd, check_in_time, check_out_time, plan_type, max_guests, is_active) VALUES (220, '【22H】Overnight(prepayment)', '', 67, '14:00', '12:00', 'overnight', 2, 1);
INSERT INTO hotel_images (hotel_id, image_url, alt_text, sort_order) VALUES (220, 'https://daydreamhub.com/wp-content/uploads/2024/12/DELUXE-ROOM5.jpg', 'Uno Express/ Deluxe Room - Image 1', 0);
INSERT INTO hotel_images (hotel_id, image_url, alt_text, sort_order) VALUES (220, 'https://daydreamhub.com/wp-content/uploads/2024/12/DELUXE-ROOM.jpg', 'Uno Express/ Deluxe Room - Image 2', 1);
INSERT INTO hotel_images (hotel_id, image_url, alt_text, sort_order) VALUES (220, 'https://daydreamhub.com/wp-content/uploads/2024/12/DELUXE-ROOM2.jpg', 'Uno Express/ Deluxe Room - Image 3', 2);
INSERT INTO hotel_images (hotel_id, image_url, alt_text, sort_order) VALUES (220, 'https://daydreamhub.com/wp-content/uploads/2024/12/DELUXE-ROOM3.jpg', 'Uno Express/ Deluxe Room - Image 4', 3);
INSERT INTO hotel_images (hotel_id, image_url, alt_text, sort_order) VALUES (220, 'https://daydreamhub.com/wp-content/uploads/2024/12/DELUXE-ROOM4.jpg', 'Uno Express/ Deluxe Room - Image 5', 4);
INSERT INTO hotel_images (hotel_id, image_url, alt_text, sort_order) VALUES (220, 'https://daydreamhub.com/wp-content/uploads/2024/12/DELUXE-ROOM6.jpg', 'Uno Express/ Deluxe Room - Image 6', 5);
INSERT INTO hotel_images (hotel_id, image_url, alt_text, sort_order) VALUES (220, 'https://daydreamhub.com/wp-content/uploads/2024/12/DELUXE-ROOM7.jpg', 'Uno Express/ Deluxe Room - Image 7', 6);
INSERT INTO hotel_images (hotel_id, image_url, alt_text, sort_order) VALUES (220, 'https://daydreamhub.com/wp-content/uploads/2024/12/DELUXE-ROOM8.jpg', 'Uno Express/ Deluxe Room - Image 8', 7);
INSERT INTO hotel_images (hotel_id, image_url, alt_text, sort_order) VALUES (220, 'https://daydreamhub.com/wp-content/uploads/2024/12/DELUXE-ROOM9.jpg', 'Uno Express/ Deluxe Room - Image 9', 8);
INSERT INTO hotel_images (hotel_id, image_url, alt_text, sort_order) VALUES (220, 'https://daydreamhub.com/wp-content/uploads/2024/12/56_442521599.jpg', 'Uno Express/ Deluxe Room - Image 10', 9);
INSERT INTO hotels (id, name, slug, description, city, country, address, rating, thumbnail_url, categories, amenities, property_type, is_active) VALUES (221, 'Holiday Beach Hotel Danang / Activity Tickets', 'holiday-beach-hotel-danang-activity-tickets', 'Boasting a rooftop swimming pool, beach club and bar, Holiday Beach Hotel Danang offers elegantly furnished rooms that offers magnificent views of the ocean and the iconic My Khe Beach. An array of dining options are available at the 4 different restaurants, featuring delicacies ranging from international delights to traditional Vietnamese cuisine.

All rooms at the property are furnished with contemporary décor. In-room facilities include a flat-screen TV, ample seating area and work space. The en suite private bathrooms are equipped with a bath or shower and free toiletries. You will find slippers and fluffy bathrobes for your convenience.

The property features a spa and wellness center, where guests are able to enjoy rejuvenating spa treatments. Exercising can be done at the fitness center, and the property also has a business center and banquet. Bilingual staff at the 24-hour front desk are willing to assist with a variety of services, including private check-in or check-out, luggage storage and tour desk. Car rental and airport transfers can be arranged upon request at an additional charge.

Adjacent to Downtown Da Nang, the property is also a 15-minute drive away from Da Nang International Airport. The popular Hoi An Ancient Town is a 20 minute drive away, while the Da Nang Train Station is a 14-minute drive away. Free WiFi can be accessed throughout the resort and free public parking is also available on site.

Activity tickets are available with the price below.
 *Activity Tickets do not include the room access.', 'Da Nang', 'Vietnam', '', 9, 'https://daydreamhub.com/wp-content/uploads/2024/12/HB-Ho-boi-mat-dat-4-2.jpg', '["early_check-in","for_work","transit_use"]', '["Pool"]', 'Hotel', 1);
INSERT INTO plans (hotel_id, name, description, price_usd, check_in_time, check_out_time, plan_type, max_guests, is_active) VALUES (221, 'Pool Ticket (1 person) (prepayment)', '', 8, '7:00', '19:00', 'early_check-in', 2, 1);
INSERT INTO plans (hotel_id, name, description, price_usd, check_in_time, check_out_time, plan_type, max_guests, is_active) VALUES (221, 'Pool with Hitea (combo for 2)(prepayment)', '', 22, '14:00', '19:00', 'early_check-in', 2, 1);
INSERT INTO hotel_images (hotel_id, image_url, alt_text, sort_order) VALUES (221, 'https://daydreamhub.com/wp-content/uploads/2024/12/HB-Ho-boi-mat-dat-4-2.jpg', 'Holiday Beach Hotel Danang / Activity Tickets - Image 1', 0);
INSERT INTO hotel_images (hotel_id, image_url, alt_text, sort_order) VALUES (221, 'https://daydreamhub.com/wp-content/uploads/2024/12/MTL08506.jpg', 'Holiday Beach Hotel Danang / Activity Tickets - Image 2', 1);
INSERT INTO hotel_images (hotel_id, image_url, alt_text, sort_order) VALUES (221, 'https://daydreamhub.com/wp-content/uploads/2024/12/MTL07921-1.jpg', 'Holiday Beach Hotel Danang / Activity Tickets - Image 3', 2);
INSERT INTO hotel_images (hotel_id, image_url, alt_text, sort_order) VALUES (221, 'https://daydreamhub.com/wp-content/uploads/2024/12/HB-Ho-boi-mat-dat-5-2.jpg', 'Holiday Beach Hotel Danang / Activity Tickets - Image 4', 3);
INSERT INTO hotel_images (hotel_id, image_url, alt_text, sort_order) VALUES (221, 'https://daydreamhub.com/wp-content/uploads/2024/12/HB-Afternoon-Tea-Menu-3.jpg', 'Holiday Beach Hotel Danang / Activity Tickets - Image 5', 4);
INSERT INTO hotel_images (hotel_id, image_url, alt_text, sort_order) VALUES (221, 'https://daydreamhub.com/wp-content/uploads/2024/12/HB-AT-4-3.jpg', 'Holiday Beach Hotel Danang / Activity Tickets - Image 6', 5);
INSERT INTO hotel_images (hotel_id, image_url, alt_text, sort_order) VALUES (221, 'https://daydreamhub.com/wp-content/uploads/2024/12/HB-AT-5-2.jpg', 'Holiday Beach Hotel Danang / Activity Tickets - Image 7', 6);
INSERT INTO hotel_images (hotel_id, image_url, alt_text, sort_order) VALUES (221, 'https://daydreamhub.com/wp-content/uploads/2024/12/MTL08416.jpg', 'Holiday Beach Hotel Danang / Activity Tickets - Image 8', 7);
INSERT INTO hotel_images (hotel_id, image_url, alt_text, sort_order) VALUES (221, 'https://daydreamhub.com/wp-content/uploads/2024/12/HB-AT-1-3.jpg', 'Holiday Beach Hotel Danang / Activity Tickets - Image 9', 8);
INSERT INTO hotel_images (hotel_id, image_url, alt_text, sort_order) VALUES (221, 'https://daydreamhub.com/wp-content/uploads/2024/12/HB-AT-2-2.jpg', 'Holiday Beach Hotel Danang / Activity Tickets - Image 10', 9);
INSERT INTO hotel_images (hotel_id, image_url, alt_text, sort_order) VALUES (221, 'https://daydreamhub.com/wp-content/uploads/2024/12/HB-AT-3-2.jpg', 'Holiday Beach Hotel Danang / Activity Tickets - Image 11', 10);
INSERT INTO hotel_images (hotel_id, image_url, alt_text, sort_order) VALUES (221, 'https://daydreamhub.com/wp-content/uploads/2024/12/HB-Ho-boi-mat-dat-1-2.jpg', 'Holiday Beach Hotel Danang / Activity Tickets - Image 12', 11);
INSERT INTO hotel_images (hotel_id, image_url, alt_text, sort_order) VALUES (221, 'https://daydreamhub.com/wp-content/uploads/2024/12/HB-Ho-boi-mat-dat-6-1.jpg', 'Holiday Beach Hotel Danang / Activity Tickets - Image 13', 12);
INSERT INTO hotels (id, name, slug, description, city, country, address, rating, thumbnail_url, categories, amenities, property_type, is_active) VALUES (222, 'The Olive Hotel Juffair / Superior Twin', 'the-olive-hotel-juffair-superior-twin', 'Just a 5-minute drive from Al Fateh Grand Mosque, The Olive Hotel, Juffair offers free Wi-Fi in the rooms and includes a gym and spa, outdoor swimming pool and a restaurant.

All accommodations at Best Western Plus feature wooden floors. Each suite is equipped with a seating area, mini-bar and wardrobe. The private bathroom offers free toiletries.

Guests can enjoy meals at the Big Texas Barbecue & Waffle House, as well as Italian and American cuisine at The Red Plate. There is also a snack bar and 24-hour room service.

Laundry and ironing services are also available.

With Bahrain International Airport just a 20-minute drive away, The Olive Hotel, Juffair provides an airport shuttle with additional fee. The hotel also includes free valet parking.', 'Manama', 'Bahrain', '', 0, 'https://daydreamhub.com/wp-content/uploads/2024/11/182739884.jpeg', '["early_check-in","for_work","transit_use"]', '["Bar / Restaurant","Elevator in Building","Gym","Laundry Service","Luggage Storage","Massage","Parking on Premises","Pool","Sauna","Wheelchair Accessible","Air Conditioner (Cooling)","Air Conditioner (Heating)","Bathtub","Coffee maker","Desk/Workspace","Electric pot","Free Wi-Fi","Hair Dryer","Night wear","Refrigerator","Scanner / Printer","Shampoo","Shower","TEL","Toothbrush","Towels","TV"]', 'Hotel', 1);
INSERT INTO plans (hotel_id, name, description, price_usd, check_in_time, check_out_time, plan_type, max_guests, is_active) VALUES (222, '【6H】Early Check In(prepayment)', '', 52, '6:00', '12:00', 'early_check-in', 2, 1);
INSERT INTO plans (hotel_id, name, description, price_usd, check_in_time, check_out_time, plan_type, max_guests, is_active) VALUES (222, '【10H】Daytime(prepayment)', '', 60, '10:00', '20:00', 'early_check-in', 2, 1);
INSERT INTO plans (hotel_id, name, description, price_usd, check_in_time, check_out_time, plan_type, max_guests, is_active) VALUES (222, '【28H】Overnight(prepayment)', '', 70, '8:00', '12:00', 'overnight', 2, 1);
INSERT INTO hotel_images (hotel_id, image_url, alt_text, sort_order) VALUES (222, 'https://daydreamhub.com/wp-content/uploads/2024/11/182739884.jpeg', 'The Olive Hotel Juffair / Superior Twin - Image 1', 0);
INSERT INTO hotels (id, name, slug, description, city, country, address, rating, thumbnail_url, categories, amenities, property_type, is_active) VALUES (223, 'The Olive Hotel Juffair / Superior Queen', 'the-olive-hotel-juffair-superior-twin-room', 'Just a 5-minute drive from Al Fateh Grand Mosque, The Olive Hotel, Juffair offers free Wi-Fi in the rooms and includes a gym and spa, outdoor swimming pool and a restaurant.

All accommodations at Best Western Plus feature wooden floors. Each suite is equipped with a seating area, mini-bar and wardrobe. The private bathroom offers free toiletries.

Guests can enjoy meals at the Big Texas Barbecue & Waffle House, as well as Italian and American cuisine at The Red Plate. There is also a snack bar and 24-hour room service.

Laundry and ironing services are also available.

With Bahrain International Airport just a 20-minute drive away, The Olive Hotel, Juffair provides an airport shuttle with additional fee. The hotel also includes free valet parking.', 'Manama', 'Bahrain', '', 0, 'https://daydreamhub.com/wp-content/uploads/2024/11/182739884.jpeg', '["early_check-in","for_work","transit_use"]', '["Bar / Restaurant","Elevator in Building","Gym","Laundry Service","Luggage Storage","Massage","Parking on Premises","Pool","Sauna","Wheelchair Accessible","Air Conditioner (Cooling)","Air Conditioner (Heating)","Bathtub","Coffee maker","Desk/Workspace","Electric pot","Free Wi-Fi","Hair Dryer","Night wear","Refrigerator","Scanner / Printer","Shampoo","Shower","TEL","Toothbrush","Towels","TV"]', 'Hotel', 1);
INSERT INTO plans (hotel_id, name, description, price_usd, check_in_time, check_out_time, plan_type, max_guests, is_active) VALUES (223, '【6H】Early Check In(prepayment)', '', 48, '6:00', '12:00', 'early_check-in', 2, 1);
INSERT INTO plans (hotel_id, name, description, price_usd, check_in_time, check_out_time, plan_type, max_guests, is_active) VALUES (223, '【10H】Daytime(prepayment)', '', 55, '10:00', '20:00', 'early_check-in', 2, 1);
INSERT INTO plans (hotel_id, name, description, price_usd, check_in_time, check_out_time, plan_type, max_guests, is_active) VALUES (223, '【28H】Overnight(prepayment)', '', 65, '8:00', '12:00', 'overnight', 2, 1);
INSERT INTO hotel_images (hotel_id, image_url, alt_text, sort_order) VALUES (223, 'https://daydreamhub.com/wp-content/uploads/2024/11/182739884.jpeg', 'The Olive Hotel Juffair / Superior Queen - Image 1', 0);
INSERT INTO hotels (id, name, slug, description, city, country, address, rating, thumbnail_url, categories, amenities, property_type, is_active) VALUES (224, 'Holiday Beach Hotel Danang / Senior Room', 'holiday-beach-hotel-danang-senior-room', 'Boasting a rooftop swimming pool, beach club and bar, Holiday Beach Hotel Danang offers elegantly furnished rooms that offers magnificent views of the ocean and the iconic My Khe Beach. An array of dining options are available at the 4 different restaurants, featuring delicacies ranging from international delights to traditional Vietnamese cuisine.

All rooms at the property are furnished with contemporary décor. In-room facilities include a flat-screen TV, ample seating area and work space. The en suite private bathrooms are equipped with a bath or shower and free toiletries. You will find slippers and fluffy bathrobes for your convenience.

The property features a spa and wellness center, where guests are able to enjoy rejuvenating spa treatments. Exercising can be done at the fitness center, and the property also has a business center and banquet. Bilingual staff at the 24-hour front desk are willing to assist with a variety of services, including private check-in or check-out, luggage storage and tour desk. Car rental and airport transfers can be arranged upon request at an additional charge.

Adjacent to Downtown Da Nang, the property is also a 15-minute drive away from Da Nang International Airport. The popular Hoi An Ancient Town is a 20 minute drive away, while the Da Nang Train Station is a 14-minute drive away. Free WiFi can be accessed throughout the resort and free public parking is also available on site.', 'Da Nang', 'Vietnam', '', 9, 'https://daydreamhub.com/wp-content/uploads/2024/12/Senior-Double-Overview-1.jpg', '["early_check-in","for_work","transit_use"]', '["Bar / Restaurant","Elevator in Building","Fax","Gym","Laundry Service","Luggage Storage","Massage","Parking on Premises","Pool","Sauna","Electric pot","Free Wi-Fi","Projector(s)","Shampoo","Shower","Toothbrush","Towels","TV"]', 'Hotel', 1);
INSERT INTO plans (hotel_id, name, description, price_usd, check_in_time, check_out_time, plan_type, max_guests, is_active) VALUES (224, '【6H】Morning(prepayment)', '', 52, '6:00', '12:00', 'early_check-in', 2, 1);
INSERT INTO plans (hotel_id, name, description, price_usd, check_in_time, check_out_time, plan_type, max_guests, is_active) VALUES (224, '【6H】Afternoon with Hitea(prepayment)', '', 52, '12:00', '18:00', 'early_check-in', 2, 1);
INSERT INTO plans (hotel_id, name, description, price_usd, check_in_time, check_out_time, plan_type, max_guests, is_active) VALUES (224, '【22H】Overnight with Breakfast(prepayment)', '', 66, '14:00', '12:00', 'overnight', 2, 1);
INSERT INTO hotel_images (hotel_id, image_url, alt_text, sort_order) VALUES (224, 'https://daydreamhub.com/wp-content/uploads/2024/12/Senior-Double-Overview-1.jpg', 'Holiday Beach Hotel Danang / Senior Room - Image 1', 0);
INSERT INTO hotel_images (hotel_id, image_url, alt_text, sort_order) VALUES (224, 'https://daydreamhub.com/wp-content/uploads/2024/12/Senior-Twin-chill-corner.jpg', 'Holiday Beach Hotel Danang / Senior Room - Image 2', 1);
INSERT INTO hotel_images (hotel_id, image_url, alt_text, sort_order) VALUES (224, 'https://daydreamhub.com/wp-content/uploads/2024/12/Senior-Twin-Overview.jpg', 'Holiday Beach Hotel Danang / Senior Room - Image 3', 2);
INSERT INTO hotel_images (hotel_id, image_url, alt_text, sort_order) VALUES (224, 'https://daydreamhub.com/wp-content/uploads/2024/12/Senior-Twin-bath-1.jpg', 'Holiday Beach Hotel Danang / Senior Room - Image 4', 3);
INSERT INTO hotel_images (hotel_id, image_url, alt_text, sort_order) VALUES (224, 'https://daydreamhub.com/wp-content/uploads/2024/12/Senior-Twin-Overview2.jpg', 'Holiday Beach Hotel Danang / Senior Room - Image 5', 4);
INSERT INTO hotel_images (hotel_id, image_url, alt_text, sort_order) VALUES (224, 'https://daydreamhub.com/wp-content/uploads/2024/12/Senior-Double-bath-2.jpg', 'Holiday Beach Hotel Danang / Senior Room - Image 6', 5);
INSERT INTO hotel_images (hotel_id, image_url, alt_text, sort_order) VALUES (224, 'https://daydreamhub.com/wp-content/uploads/2024/12/Senior-Double-View.jpg', 'Holiday Beach Hotel Danang / Senior Room - Image 7', 6);
INSERT INTO hotel_images (hotel_id, image_url, alt_text, sort_order) VALUES (224, 'https://daydreamhub.com/wp-content/uploads/2024/12/Senior-Twin-View-1.jpg', 'Holiday Beach Hotel Danang / Senior Room - Image 8', 7);
INSERT INTO hotel_images (hotel_id, image_url, alt_text, sort_order) VALUES (224, 'https://daydreamhub.com/wp-content/uploads/2024/12/Senior-Twin-chill-corner-1.jpg', 'Holiday Beach Hotel Danang / Senior Room - Image 9', 8);
INSERT INTO hotel_images (hotel_id, image_url, alt_text, sort_order) VALUES (224, 'https://daydreamhub.com/wp-content/uploads/2024/12/Senior-Twin-Overview2-1.jpg', 'Holiday Beach Hotel Danang / Senior Room - Image 10', 9);
INSERT INTO hotel_images (hotel_id, image_url, alt_text, sort_order) VALUES (224, 'https://daydreamhub.com/wp-content/uploads/2024/12/Senior-Double-bath-amenities.jpg', 'Holiday Beach Hotel Danang / Senior Room - Image 11', 10);
INSERT INTO hotel_images (hotel_id, image_url, alt_text, sort_order) VALUES (224, 'https://daydreamhub.com/wp-content/uploads/2024/12/Room-aminities-4.jpg', 'Holiday Beach Hotel Danang / Senior Room - Image 12', 11);
INSERT INTO hotels (id, name, slug, description, city, country, address, rating, thumbnail_url, categories, amenities, property_type, is_active) VALUES (225, 'Holiday Beach Hotel Danang / Deluxe Room', 'holiday-beach-hotel-danang-deluxe-room', 'Boasting a rooftop swimming pool, beach club and bar, Holiday Beach Hotel Danang offers elegantly furnished rooms that offers magnificent views of the ocean and the iconic My Khe Beach. An array of dining options are available at the 4 different restaurants, featuring delicacies ranging from international delights to traditional Vietnamese cuisine.

All rooms at the property are furnished with contemporary décor. In-room facilities include a flat-screen TV, ample seating area and work space. The en suite private bathrooms are equipped with a bath or shower and free toiletries. You will find slippers and fluffy bathrobes for your convenience.

The property features a spa and wellness center, where guests are able to enjoy rejuvenating spa treatments. Exercising can be done at the fitness center, and the property also has a business center and banquet. Bilingual staff at the 24-hour front desk are willing to assist with a variety of services, including private check-in or check-out, luggage storage and tour desk. Car rental and airport transfers can be arranged upon request at an additional charge.

Adjacent to Downtown Da Nang, the property is also a 15-minute drive away from Da Nang International Airport. The popular Hoi An Ancient Town is a 20 minute drive away, while the Da Nang Train Station is a 14-minute drive away. Free WiFi can be accessed throughout the resort and free public parking is also available on site.', 'Da Nang', 'Vietnam', '', 9, 'https://daydreamhub.com/wp-content/uploads/2024/12/Deluxe-Twin-Overview-2.jpg', '["early_check-in","for_work","transit_use"]', '["Bar / Restaurant","Elevator in Building","Fax","Gym","Laundry Service","Luggage Storage","Massage","Parking on Premises","Pool","Sauna","Electric pot","Free Wi-Fi","Projector(s)","Shampoo","Shower","Toothbrush","Towels","TV"]', 'Hotel', 1);
INSERT INTO plans (hotel_id, name, description, price_usd, check_in_time, check_out_time, plan_type, max_guests, is_active) VALUES (225, '【6H】Morning(prepayment)', '', 44, '6:00', '12:00', 'early_check-in', 2, 1);
INSERT INTO plans (hotel_id, name, description, price_usd, check_in_time, check_out_time, plan_type, max_guests, is_active) VALUES (225, '【6H】Afternoon with Hitea(prepayment)', '', 44, '12:00', '18:00', 'early_check-in', 2, 1);
INSERT INTO plans (hotel_id, name, description, price_usd, check_in_time, check_out_time, plan_type, max_guests, is_active) VALUES (225, '【22H】Overnight with Breakfast(prepayment)', '', 57, '14:00', '12:00', 'overnight', 2, 1);
INSERT INTO hotel_images (hotel_id, image_url, alt_text, sort_order) VALUES (225, 'https://daydreamhub.com/wp-content/uploads/2024/12/Deluxe-Twin-Overview-2.jpg', 'Holiday Beach Hotel Danang / Deluxe Room - Image 1', 0);
INSERT INTO hotel_images (hotel_id, image_url, alt_text, sort_order) VALUES (225, 'https://daydreamhub.com/wp-content/uploads/2024/12/Double.jpg', 'Holiday Beach Hotel Danang / Deluxe Room - Image 2', 1);
INSERT INTO hotel_images (hotel_id, image_url, alt_text, sort_order) VALUES (225, 'https://daydreamhub.com/wp-content/uploads/2024/12/Deluxe-Double-Overview.jpg', 'Holiday Beach Hotel Danang / Deluxe Room - Image 3', 2);
INSERT INTO hotel_images (hotel_id, image_url, alt_text, sort_order) VALUES (225, 'https://daydreamhub.com/wp-content/uploads/2024/12/Deluxe-Twin-Overview.jpg', 'Holiday Beach Hotel Danang / Deluxe Room - Image 4', 3);
INSERT INTO hotel_images (hotel_id, image_url, alt_text, sort_order) VALUES (225, 'https://daydreamhub.com/wp-content/uploads/2024/12/Deluxe-Chill-Corner.jpg', 'Holiday Beach Hotel Danang / Deluxe Room - Image 5', 4);
INSERT INTO hotel_images (hotel_id, image_url, alt_text, sort_order) VALUES (225, 'https://daydreamhub.com/wp-content/uploads/2024/12/Deluxe-bathroom.jpg', 'Holiday Beach Hotel Danang / Deluxe Room - Image 6', 5);
INSERT INTO hotel_images (hotel_id, image_url, alt_text, sort_order) VALUES (225, 'https://daydreamhub.com/wp-content/uploads/2024/12/Deluxe-twin-bed.jpg', 'Holiday Beach Hotel Danang / Deluxe Room - Image 7', 6);
INSERT INTO hotel_images (hotel_id, image_url, alt_text, sort_order) VALUES (225, 'https://daydreamhub.com/wp-content/uploads/2024/12/Deluxe-Double-Overview-2.jpg', 'Holiday Beach Hotel Danang / Deluxe Room - Image 8', 7);
INSERT INTO hotel_images (hotel_id, image_url, alt_text, sort_order) VALUES (225, 'https://daydreamhub.com/wp-content/uploads/2024/12/Deluxe-double-bed.jpg', 'Holiday Beach Hotel Danang / Deluxe Room - Image 9', 8);
INSERT INTO hotel_images (hotel_id, image_url, alt_text, sort_order) VALUES (225, 'https://daydreamhub.com/wp-content/uploads/2024/12/Bathroom-aminities.jpg', 'Holiday Beach Hotel Danang / Deluxe Room - Image 10', 9);
INSERT INTO hotel_images (hotel_id, image_url, alt_text, sort_order) VALUES (225, 'https://daydreamhub.com/wp-content/uploads/2024/12/Room-aminities-2.jpg', 'Holiday Beach Hotel Danang / Deluxe Room - Image 11', 10);
INSERT INTO hotels (id, name, slug, description, city, country, address, rating, thumbnail_url, categories, amenities, property_type, is_active) VALUES (226, 'Menara Peninsula Hotel / Studio Double', 'menara-peninsula-hotel-studio-double', 'A 15-minute drive from Mall Taman Anggrek, Menara Peninsula Hotel features an outdoor pool, 4 dining options and free WiFi access. In-room dining service is available 24 hours. Guests who drive park for free.

Menara Peninsula Hotel is a 20-minute drive from Sudirman area and a 30-minute drive from Senayan City and Plaza Senayan Shopping Mall. Soekarno-Hatta International Airport is 45 minutes’ drive away from the property. Airport transfers can be arranged at a charge.

Fitted with large windows, air-conditioned rooms are equipped with a satellite TV, mini-bar and coffee/tea-making facilities. A seating area is available in each room, while city or pool views can be enjoyed from select rooms. Private bathrooms all come with complete facilities.

Guests can work out at the gym, or pamper themselves with spa treatments. A business center and meeting facilities are also available. Operating a 24-hour front desk, the hotel offers laundry and car rental services upon request.

Serving an extensive selection of snacks and afternoon tea during the day, Rumpi Lounge offers premium cocktails and live music in the evenings. Kafe Coleman features all day dining, serving local and international dishes.', 'Jakarta', 'Indonesia', '', 0, 'https://daydreamhub.com/wp-content/uploads/2024/12/32861607.jpeg', '["early_check-in","for_work","transit_use"]', '["Bar / Restaurant","Elevator in Building","Gym","Laundry Service","Luggage Storage","Parking on Premises","Pool","Sauna","Air Conditioner (Cooling)","Bathtub","Desk/Workspace","Electric pot","Free Wi-Fi","Hair Dryer","Shampoo","Shower","Toothbrush","Towels","TV"]', 'Hotel', 1);
INSERT INTO plans (hotel_id, name, description, price_usd, check_in_time, check_out_time, plan_type, max_guests, is_active) VALUES (226, 'Daytime (4H)(prepayment)', '', 40, '14:00', '18:00', 'early_check-in', 2, 1);
INSERT INTO plans (hotel_id, name, description, price_usd, check_in_time, check_out_time, plan_type, max_guests, is_active) VALUES (226, 'Daytime (8H)(prepayment)', '', 60, '12:00', '20:00', 'early_check-in', 2, 1);
INSERT INTO hotel_images (hotel_id, image_url, alt_text, sort_order) VALUES (226, 'https://daydreamhub.com/wp-content/uploads/2024/12/32861607.jpeg', 'Menara Peninsula Hotel / Studio Double - Image 1', 0);
INSERT INTO hotel_images (hotel_id, image_url, alt_text, sort_order) VALUES (226, 'https://daydreamhub.com/wp-content/uploads/2024/12/244710912.jpeg', 'Menara Peninsula Hotel / Studio Double - Image 2', 1);
INSERT INTO hotel_images (hotel_id, image_url, alt_text, sort_order) VALUES (226, 'https://daydreamhub.com/wp-content/uploads/2024/12/60944464.jpeg', 'Menara Peninsula Hotel / Studio Double - Image 3', 2);
INSERT INTO hotel_images (hotel_id, image_url, alt_text, sort_order) VALUES (226, 'https://daydreamhub.com/wp-content/uploads/2024/12/47400503.jpeg', 'Menara Peninsula Hotel / Studio Double - Image 4', 3);
INSERT INTO hotel_images (hotel_id, image_url, alt_text, sort_order) VALUES (226, 'https://daydreamhub.com/wp-content/uploads/2024/12/244717190.jpg', 'Menara Peninsula Hotel / Studio Double - Image 5', 4);
INSERT INTO hotels (id, name, slug, description, city, country, address, rating, thumbnail_url, categories, amenities, property_type, is_active) VALUES (227, 'NYNA House-Traditional Studio-Near Walking Streetarden in City-Balcony-Egg Coffee Class', 'nyna-house-gnyna-house-traditional-studio-near-walking-streetarden-in-city-balcony-egg-coffee-class', 'About this space
 ✯✯✯NYNA HOUSE & NYNA TRAVEL & NYNA COFFEE ✯✯✯

✩ NYNA House is a chain of 100 apartments located in the heart of Old Quarter and Hanoi Center

✩ NYNA Coffee is not just a place to grab a cup of coffee – you can do the egg-coffee-making process

✩ NYNA Travel – Along with NYNA Coffee and House, we specialize in organizing travel itineraries throughout Vietnam

Stay with NYNA House – Unlock the local experience !!!
 The space
 One of the special things when staying in NYNA House is LOCATION. It will be very difficult for you to find a hotel or Airbnb house so close Hoan Kiem lake and located on the Old Quarter like NYNA House.

NYNA HOUSE Nguyễn Khắc Cần is a spacious Vietnamese French Villa with unique design located on French Street.

As you can see all my reviews from guest with our experiences working in hospitality industry, we totally understand the meaning of a homey place. That’s what NYNA HOUSE is all about!

1. THE SPACE:
 NYNA HOUSE Old Quarter is a spacious Vietnamese House with unique design located in French Street.
 ✩ NYNA Coffee downstairs
 ✩ Private aparment in Villa
 ✩ Fully equipment kitchen-Free WIFI &washer
 ✩ Self check in 24/7. Flexible checkin/out
 ✩ Surrounded by many famous street food vendors
 ✩ FREE Luggage Storage
 ✩ Discount of 50% Egg Coffee Class or Coconut Coffee Class (only 12$/pax)
 ✩ FREE a private car for airport pick up/drop off. Please check term/condition as below!
 FREE a private car pick up/or drop off from the airport to apartment for any group from 2 people who stay minimum 2 nights and book Ha Long bay, Trang An Bai Dinh / Hoa Lu Tam Coc (any tour)….. day trip / 2D1N trip / 3D2N trip

2. LIVE LIKE A LOCAL:
 Staying with us you will learn how to live like a real Vietnamese.

3. EASY ACCESS TO ANY PLACE:
 Within walking distance, you will reach a wide range of super markets, convenient shop, restaurants & cafe and also many famous tourist attractions:
 *) Located in Old Quarter
 *) 4 mins to Hoan Kiem lake
 ', 'Hanoi', 'Vietnam', '', 0, 'https://daydreamhub.com/wp-content/uploads/2024/11/CuDgnqww.jpg', '["daycation","early_check-in","for_couple","for_work","luxury","personal_time"]', '["Laundry Service","Luggage Storage","Parking on Premises","Air Conditioner (Cooling)","Air Conditioner (Heating)","Bathtub","Desk/Workspace","Electric pot","Free Wi-Fi","Hair Dryer","Kitchen","Refrigerator","Shampoo","Shower","Toothbrush","Towels","TV"]', 'Private Room', 1);
INSERT INTO plans (hotel_id, name, description, price_usd, check_in_time, check_out_time, plan_type, max_guests, is_active) VALUES (227, '【6H】Morning(prepayment)', '', 22, '6:00', '12:00', 'daycation', 2, 1);
INSERT INTO plans (hotel_id, name, description, price_usd, check_in_time, check_out_time, plan_type, max_guests, is_active) VALUES (227, '【10H】Daytime(prepayment)', '', 33, '10:00', '20:00', 'daycation', 2, 1);
INSERT INTO plans (hotel_id, name, description, price_usd, check_in_time, check_out_time, plan_type, max_guests, is_active) VALUES (227, '【28H】Overnight(prepayment)', '', 50, '8:00', '12:00', 'overnight', 2, 1);
INSERT INTO hotel_images (hotel_id, image_url, alt_text, sort_order) VALUES (227, 'https://daydreamhub.com/wp-content/uploads/2024/11/CuDgnqww.jpg', 'NYNA House-Traditional Studio-Near Walking Streetarden in City-Balcony-Egg Coffee Class - Image 1', 0);
INSERT INTO hotel_images (hotel_id, image_url, alt_text, sort_order) VALUES (227, 'https://daydreamhub.com/wp-content/uploads/2025/01/DSC02808-.jpg', 'NYNA House-Traditional Studio-Near Walking Streetarden in City-Balcony-Egg Coffee Class - Image 2', 1);
INSERT INTO hotel_images (hotel_id, image_url, alt_text, sort_order) VALUES (227, 'https://daydreamhub.com/wp-content/uploads/2025/01/DSC02864.jpg', 'NYNA House-Traditional Studio-Near Walking Streetarden in City-Balcony-Egg Coffee Class - Image 3', 2);
INSERT INTO hotel_images (hotel_id, image_url, alt_text, sort_order) VALUES (227, 'https://daydreamhub.com/wp-content/uploads/2025/01/DSC02863.jpg', 'NYNA House-Traditional Studio-Near Walking Streetarden in City-Balcony-Egg Coffee Class - Image 4', 3);
INSERT INTO hotel_images (hotel_id, image_url, alt_text, sort_order) VALUES (227, 'https://daydreamhub.com/wp-content/uploads/2025/01/DSC02853.jpg', 'NYNA House-Traditional Studio-Near Walking Streetarden in City-Balcony-Egg Coffee Class - Image 5', 4);
INSERT INTO hotel_images (hotel_id, image_url, alt_text, sort_order) VALUES (227, 'https://daydreamhub.com/wp-content/uploads/2025/01/DSC02852.jpg', 'NYNA House-Traditional Studio-Near Walking Streetarden in City-Balcony-Egg Coffee Class - Image 6', 5);
INSERT INTO hotel_images (hotel_id, image_url, alt_text, sort_order) VALUES (227, 'https://daydreamhub.com/wp-content/uploads/2025/01/DSC02851.jpg', 'NYNA House-Traditional Studio-Near Walking Streetarden in City-Balcony-Egg Coffee Class - Image 7', 6);
INSERT INTO hotel_images (hotel_id, image_url, alt_text, sort_order) VALUES (227, 'https://daydreamhub.com/wp-content/uploads/2025/01/DSC02849.jpg', 'NYNA House-Traditional Studio-Near Walking Streetarden in City-Balcony-Egg Coffee Class - Image 8', 7);
INSERT INTO hotel_images (hotel_id, image_url, alt_text, sort_order) VALUES (227, 'https://daydreamhub.com/wp-content/uploads/2025/01/DSC02844.jpg', 'NYNA House-Traditional Studio-Near Walking Streetarden in City-Balcony-Egg Coffee Class - Image 9', 8);
INSERT INTO hotel_images (hotel_id, image_url, alt_text, sort_order) VALUES (227, 'https://daydreamhub.com/wp-content/uploads/2025/01/DSC02838-.jpg', 'NYNA House-Traditional Studio-Near Walking Streetarden in City-Balcony-Egg Coffee Class - Image 10', 9);
INSERT INTO hotel_images (hotel_id, image_url, alt_text, sort_order) VALUES (227, 'https://daydreamhub.com/wp-content/uploads/2025/01/DSC02835-.jpg', 'NYNA House-Traditional Studio-Near Walking Streetarden in City-Balcony-Egg Coffee Class - Image 11', 10);
INSERT INTO hotel_images (hotel_id, image_url, alt_text, sort_order) VALUES (227, 'https://daydreamhub.com/wp-content/uploads/2025/01/DSC02829-.jpg', 'NYNA House-Traditional Studio-Near Walking Streetarden in City-Balcony-Egg Coffee Class - Image 12', 11);
INSERT INTO hotel_images (hotel_id, image_url, alt_text, sort_order) VALUES (227, 'https://daydreamhub.com/wp-content/uploads/2025/01/DSC02820-.jpg', 'NYNA House-Traditional Studio-Near Walking Streetarden in City-Balcony-Egg Coffee Class - Image 13', 12);
INSERT INTO hotel_images (hotel_id, image_url, alt_text, sort_order) VALUES (227, 'https://daydreamhub.com/wp-content/uploads/2025/01/DSC02808.jpg', 'NYNA House-Traditional Studio-Near Walking Streetarden in City-Balcony-Egg Coffee Class - Image 14', 13);
INSERT INTO hotel_images (hotel_id, image_url, alt_text, sort_order) VALUES (227, 'https://daydreamhub.com/wp-content/uploads/2025/01/DSC02805-.jpg', 'NYNA House-Traditional Studio-Near Walking Streetarden in City-Balcony-Egg Coffee Class - Image 15', 14);
INSERT INTO hotel_images (hotel_id, image_url, alt_text, sort_order) VALUES (227, 'https://daydreamhub.com/wp-content/uploads/2025/01/DSC02790-.jpg', 'NYNA House-Traditional Studio-Near Walking Streetarden in City-Balcony-Egg Coffee Class - Image 16', 15);
INSERT INTO hotel_images (hotel_id, image_url, alt_text, sort_order) VALUES (227, 'https://daydreamhub.com/wp-content/uploads/2025/01/DSC02787-.jpg', 'NYNA House-Traditional Studio-Near Walking Streetarden in City-Balcony-Egg Coffee Class - Image 17', 16);
INSERT INTO hotel_images (hotel_id, image_url, alt_text, sort_order) VALUES (227, 'https://daydreamhub.com/wp-content/uploads/2024/11/frmHuCro.jpg', 'NYNA House-Traditional Studio-Near Walking Streetarden in City-Balcony-Egg Coffee Class - Image 18', 17);
INSERT INTO hotel_images (hotel_id, image_url, alt_text, sort_order) VALUES (227, 'https://daydreamhub.com/wp-content/uploads/2024/11/jvY0RiYs.jpg', 'NYNA House-Traditional Studio-Near Walking Streetarden in City-Balcony-Egg Coffee Class - Image 19', 18);
INSERT INTO hotel_images (hotel_id, image_url, alt_text, sort_order) VALUES (227, 'https://daydreamhub.com/wp-content/uploads/2024/11/sJFHE3YY.jpg', 'NYNA House-Traditional Studio-Near Walking Streetarden in City-Balcony-Egg Coffee Class - Image 20', 19);
INSERT INTO hotel_images (hotel_id, image_url, alt_text, sort_order) VALUES (227, 'https://daydreamhub.com/wp-content/uploads/2024/11/vAj74ogM.jpg', 'NYNA House-Traditional Studio-Near Walking Streetarden in City-Balcony-Egg Coffee Class - Image 21', 20);
INSERT INTO hotel_images (hotel_id, image_url, alt_text, sort_order) VALUES (227, 'https://daydreamhub.com/wp-content/uploads/2024/11/KC6IAV8.jpg', 'NYNA House-Traditional Studio-Near Walking Streetarden in City-Balcony-Egg Coffee Class - Image 22', 21);
INSERT INTO hotel_images (hotel_id, image_url, alt_text, sort_order) VALUES (227, 'https://daydreamhub.com/wp-content/uploads/2024/11/D1FHmGN0.jpg', 'NYNA House-Traditional Studio-Near Walking Streetarden in City-Balcony-Egg Coffee Class - Image 23', 22);
INSERT INTO hotel_images (hotel_id, image_url, alt_text, sort_order) VALUES (227, 'https://daydreamhub.com/wp-content/uploads/2024/11/qCx0GEYA.jpg', 'NYNA House-Traditional Studio-Near Walking Streetarden in City-Balcony-Egg Coffee Class - Image 24', 23);
INSERT INTO hotels (id, name, slug, description, city, country, address, rating, thumbnail_url, categories, amenities, property_type, is_active) VALUES (228, 'Angam Villas Colombo / Executive Suite', 'angam-villas-colombo-jr-suite-room', '5.7 miles from R Premadasa Stadium in Colombo, Angam Villas Colombo features accommodations with access to an open-air bath. This villa offers free private parking, a shared kitchen, and free Wifi. The property offers bike rental and features a garden and year-round outdoor pool.

A terrace with pool view, a satellite flat-screen TV, and air conditioning are featured in some units. At the villa complex, the units come with a private bathroom.

À la carte and continental breakfast options with local specialities and fruit are available every morning at the villa.

Sightseeing tours are available in the surrounding area. A car rental service is available at Angam Villas Colombo.

Bambalapitiya Railway Station is 6 miles from the accommodation, while Khan Clock Tower is 6.1 miles away. Diyawanna Oya Seaplane Base Airport is 1.9 miles from the property.', 'Colombo', 'Sri Lanka', '', 11, 'https://daydreamhub.com/wp-content/uploads/2024/11/409163334.jpg', '["early_check-in","for_couple","transit_use"]', '["Laundry Service","Parking on Premises","Pool","Air Conditioner (Cooling)","Air Conditioner (Heating)","Coffee maker","Desk/Workspace","Electric pot","Free Wi-Fi","Hair Dryer","Kitchen","Shampoo","Shower","Toothbrush","Towels","TV"]', 'Villa', 1);
INSERT INTO plans (hotel_id, name, description, price_usd, check_in_time, check_out_time, plan_type, max_guests, is_active) VALUES (228, '【6H】Morning(prepayment)', '', 65, '6:00', '12:00', 'early_check-in', 2, 1);
INSERT INTO plans (hotel_id, name, description, price_usd, check_in_time, check_out_time, plan_type, max_guests, is_active) VALUES (228, '【10H】Daytime(prepayment)', '', 75, '10:00', '20:00', 'early_check-in', 2, 1);
INSERT INTO plans (hotel_id, name, description, price_usd, check_in_time, check_out_time, plan_type, max_guests, is_active) VALUES (228, '【28H】Overnight(prepayment)', '', 130, '8:00', '12:00', 'overnight', 2, 1);
INSERT INTO hotel_images (hotel_id, image_url, alt_text, sort_order) VALUES (228, 'https://daydreamhub.com/wp-content/uploads/2024/11/409163334.jpg', 'Angam Villas Colombo / Executive Suite - Image 1', 0);
INSERT INTO hotel_images (hotel_id, image_url, alt_text, sort_order) VALUES (228, 'https://daydreamhub.com/wp-content/uploads/2024/11/IMG_2542-1.jpg', 'Angam Villas Colombo / Executive Suite - Image 2', 1);
INSERT INTO hotel_images (hotel_id, image_url, alt_text, sort_order) VALUES (228, 'https://daydreamhub.com/wp-content/uploads/2024/11/IMG_2546-1.jpg', 'Angam Villas Colombo / Executive Suite - Image 3', 2);
INSERT INTO hotel_images (hotel_id, image_url, alt_text, sort_order) VALUES (228, 'https://daydreamhub.com/wp-content/uploads/2024/11/IMG_2544-1.jpg', 'Angam Villas Colombo / Executive Suite - Image 4', 3);
INSERT INTO hotel_images (hotel_id, image_url, alt_text, sort_order) VALUES (228, 'https://daydreamhub.com/wp-content/uploads/2024/11/IMG_2545-1.jpg', 'Angam Villas Colombo / Executive Suite - Image 5', 4);
INSERT INTO hotel_images (hotel_id, image_url, alt_text, sort_order) VALUES (228, 'https://daydreamhub.com/wp-content/uploads/2024/11/IMG_2543-1.jpg', 'Angam Villas Colombo / Executive Suite - Image 6', 5);
INSERT INTO hotel_images (hotel_id, image_url, alt_text, sort_order) VALUES (228, 'https://daydreamhub.com/wp-content/uploads/2024/11/IMG_2548-1.jpg', 'Angam Villas Colombo / Executive Suite - Image 7', 6);
INSERT INTO hotel_images (hotel_id, image_url, alt_text, sort_order) VALUES (228, 'https://daydreamhub.com/wp-content/uploads/2024/11/409163214.jpg', 'Angam Villas Colombo / Executive Suite - Image 8', 7);
INSERT INTO hotel_images (hotel_id, image_url, alt_text, sort_order) VALUES (228, 'https://daydreamhub.com/wp-content/uploads/2024/11/409163359.jpg', 'Angam Villas Colombo / Executive Suite - Image 9', 8);
INSERT INTO hotel_images (hotel_id, image_url, alt_text, sort_order) VALUES (228, 'https://daydreamhub.com/wp-content/uploads/2024/11/409163373.jpg', 'Angam Villas Colombo / Executive Suite - Image 10', 9);
INSERT INTO hotel_images (hotel_id, image_url, alt_text, sort_order) VALUES (228, 'https://daydreamhub.com/wp-content/uploads/2024/11/409165292.jpg', 'Angam Villas Colombo / Executive Suite - Image 11', 10);
INSERT INTO hotel_images (hotel_id, image_url, alt_text, sort_order) VALUES (228, 'https://daydreamhub.com/wp-content/uploads/2024/11/540399626.jpg', 'Angam Villas Colombo / Executive Suite - Image 12', 11);
INSERT INTO hotel_images (hotel_id, image_url, alt_text, sort_order) VALUES (228, 'https://daydreamhub.com/wp-content/uploads/2024/11/540399092.jpg', 'Angam Villas Colombo / Executive Suite - Image 13', 12);
INSERT INTO hotel_images (hotel_id, image_url, alt_text, sort_order) VALUES (228, 'https://daydreamhub.com/wp-content/uploads/2024/11/540399042.jpg', 'Angam Villas Colombo / Executive Suite - Image 14', 13);
INSERT INTO hotel_images (hotel_id, image_url, alt_text, sort_order) VALUES (228, 'https://daydreamhub.com/wp-content/uploads/2024/11/540399608.jpg', 'Angam Villas Colombo / Executive Suite - Image 15', 14);
INSERT INTO hotel_images (hotel_id, image_url, alt_text, sort_order) VALUES (228, 'https://daydreamhub.com/wp-content/uploads/2024/11/409159812.jpg', 'Angam Villas Colombo / Executive Suite - Image 16', 15);
INSERT INTO hotel_images (hotel_id, image_url, alt_text, sort_order) VALUES (228, 'https://daydreamhub.com/wp-content/uploads/2024/11/409163221.jpg', 'Angam Villas Colombo / Executive Suite - Image 17', 16);
INSERT INTO hotel_images (hotel_id, image_url, alt_text, sort_order) VALUES (228, 'https://daydreamhub.com/wp-content/uploads/2024/11/409163206.jpg', 'Angam Villas Colombo / Executive Suite - Image 18', 17);
INSERT INTO hotels (id, name, slug, description, city, country, address, rating, thumbnail_url, categories, amenities, property_type, is_active) VALUES (229, 'DELUXE TWIN CITY VIEW', 'deluxe-twin-city-view', 'Located in Vientiane, 4.8 km from Laos National Museum, ST Hotel Wattay Airport provides accommodation with a free airport shuttle, special upgrade welcome drink, fitness centre, free private parking, a terrace, and a restaurant. This 4-star hotel offers an ATM and concierge service. The accommodation features a 24-hour front desk, room service, and free WiFi.

The hotel will provide guests with air-conditioned rooms equipped with a wardrobe, a kettle, a fridge, a minibar, a safety deposit box, a flat-screen TV, and a private bathroom with a shower.

Wat Sisaket is 4.9 km from ST Hotel Wattay Airport, while Hor Phra Keo is 5 km away. Wattay International Airport is just 1 km from the property.', 'Vientiane', 'Laos', '', 11, 'https://daydreamhub.com/wp-content/uploads/2024/11/DSC09529.jpg', '["daycation","early_check-in","for_couple","for_work","transit_use"]', '["ATM","Currency Exchange","Elevator in Building","Gym","Laundry Service","Luggage Storage","Parking on Premises","Air Conditioner (Cooling)","Bathtub","Electric pot","Free Wi-Fi","Hair Dryer","Refrigerator","Shampoo","Shower","TEL","Toothbrush","Towels","TV"]', 'Hotel', 1);
INSERT INTO plans (hotel_id, name, description, price_usd, check_in_time, check_out_time, plan_type, max_guests, is_active) VALUES (229, '【4H】Day Use(prepayment)', '', 40, '14:00', '18:00', 'daycation', 2, 1);
INSERT INTO plans (hotel_id, name, description, price_usd, check_in_time, check_out_time, plan_type, max_guests, is_active) VALUES (229, '【22H】Overnight(prepayment)', '', 45, '14:00', '12:00', 'overnight', 2, 1);
INSERT INTO hotel_images (hotel_id, image_url, alt_text, sort_order) VALUES (229, 'https://daydreamhub.com/wp-content/uploads/2024/11/DSC09529.jpg', 'DELUXE TWIN CITY VIEW - Image 1', 0);
INSERT INTO hotel_images (hotel_id, image_url, alt_text, sort_order) VALUES (229, 'https://daydreamhub.com/wp-content/uploads/2024/11/DSC09527-copy.jpg', 'DELUXE TWIN CITY VIEW - Image 2', 1);
INSERT INTO hotel_images (hotel_id, image_url, alt_text, sort_order) VALUES (229, 'https://daydreamhub.com/wp-content/uploads/2024/11/Firefly-20240921133832.jpg', 'DELUXE TWIN CITY VIEW - Image 3', 2);
INSERT INTO hotel_images (hotel_id, image_url, alt_text, sort_order) VALUES (229, 'https://daydreamhub.com/wp-content/uploads/2024/11/515420636-1.jpg', 'DELUXE TWIN CITY VIEW - Image 4', 3);
INSERT INTO hotel_images (hotel_id, image_url, alt_text, sort_order) VALUES (229, 'https://daydreamhub.com/wp-content/uploads/2024/11/515420634-1.jpg', 'DELUXE TWIN CITY VIEW - Image 5', 4);
INSERT INTO hotel_images (hotel_id, image_url, alt_text, sort_order) VALUES (229, 'https://daydreamhub.com/wp-content/uploads/2024/11/515420635-1.jpg', 'DELUXE TWIN CITY VIEW - Image 6', 5);
INSERT INTO hotel_images (hotel_id, image_url, alt_text, sort_order) VALUES (229, 'https://daydreamhub.com/wp-content/uploads/2024/11/481928177-1.jpg', 'DELUXE TWIN CITY VIEW - Image 7', 6);
INSERT INTO hotel_images (hotel_id, image_url, alt_text, sort_order) VALUES (229, 'https://daydreamhub.com/wp-content/uploads/2024/11/481927949-1.jpg', 'DELUXE TWIN CITY VIEW - Image 8', 7);
INSERT INTO hotel_images (hotel_id, image_url, alt_text, sort_order) VALUES (229, 'https://daydreamhub.com/wp-content/uploads/2024/11/481926276-1.jpg', 'DELUXE TWIN CITY VIEW - Image 9', 8);
INSERT INTO hotel_images (hotel_id, image_url, alt_text, sort_order) VALUES (229, 'https://daydreamhub.com/wp-content/uploads/2024/11/481926274-1.jpg', 'DELUXE TWIN CITY VIEW - Image 10', 9);
INSERT INTO hotels (id, name, slug, description, city, country, address, rating, thumbnail_url, categories, amenities, property_type, is_active) VALUES (230, 'DELUXE KING RIVER VIEW', 'deluxe-king-river-view', 'Located in Vientiane, 4.8 km from Laos National Museum, ST Hotel Wattay Airport provides accommodation with a free airport shuttle, special upgrade welcome drink, fitness centre, free private parking, a terrace, and a restaurant. This 4-star hotel offers an ATM and concierge service. The accommodation features a 24-hour front desk, room service, and free WiFi.

The hotel will provide guests with air-conditioned rooms equipped with a wardrobe, a kettle, a fridge, a minibar, a safety deposit box, a flat-screen TV, and a private bathroom with a shower.

Wat Sisaket is 4.9 km from ST Hotel Wattay Airport, while Hor Phra Keo is 5 km away. Wattay International Airport is just 1 km from the property.', 'Vientiane', 'Laos', '', 11, 'https://daydreamhub.com/wp-content/uploads/2024/11/DSC09431-copy.jpg', '["daycation","early_check-in","for_couple","for_work","transit_use"]', '["ATM","Currency Exchange","Elevator in Building","Gym","Laundry Service","Luggage Storage","Parking on Premises","Air Conditioner (Cooling)","Bathtub","Electric pot","Free Wi-Fi","Hair Dryer","Refrigerator","Shampoo","Shower","TEL","Toothbrush","Towels","TV"]', 'Hotel', 1);
INSERT INTO plans (hotel_id, name, description, price_usd, check_in_time, check_out_time, plan_type, max_guests, is_active) VALUES (230, '【4H】Day Use(prepayment)', '', 40, '14:00', '18:00', 'daycation', 2, 1);
INSERT INTO plans (hotel_id, name, description, price_usd, check_in_time, check_out_time, plan_type, max_guests, is_active) VALUES (230, '【22H】Overnight(prepayment)', '', 45, '14:00', '12:00', 'overnight', 2, 1);
INSERT INTO hotel_images (hotel_id, image_url, alt_text, sort_order) VALUES (230, 'https://daydreamhub.com/wp-content/uploads/2024/11/DSC09431-copy.jpg', 'DELUXE KING RIVER VIEW - Image 1', 0);
INSERT INTO hotel_images (hotel_id, image_url, alt_text, sort_order) VALUES (230, 'https://daydreamhub.com/wp-content/uploads/2024/11/DSC07783-copy.jpg', 'DELUXE KING RIVER VIEW - Image 2', 1);
INSERT INTO hotel_images (hotel_id, image_url, alt_text, sort_order) VALUES (230, 'https://daydreamhub.com/wp-content/uploads/2024/11/481926274.jpg', 'DELUXE KING RIVER VIEW - Image 3', 2);
INSERT INTO hotel_images (hotel_id, image_url, alt_text, sort_order) VALUES (230, 'https://daydreamhub.com/wp-content/uploads/2024/11/481926276.jpg', 'DELUXE KING RIVER VIEW - Image 4', 3);
INSERT INTO hotel_images (hotel_id, image_url, alt_text, sort_order) VALUES (230, 'https://daydreamhub.com/wp-content/uploads/2024/11/481927949.jpg', 'DELUXE KING RIVER VIEW - Image 5', 4);
INSERT INTO hotel_images (hotel_id, image_url, alt_text, sort_order) VALUES (230, 'https://daydreamhub.com/wp-content/uploads/2024/11/481928177.jpg', 'DELUXE KING RIVER VIEW - Image 6', 5);
INSERT INTO hotel_images (hotel_id, image_url, alt_text, sort_order) VALUES (230, 'https://daydreamhub.com/wp-content/uploads/2024/11/515420634.jpg', 'DELUXE KING RIVER VIEW - Image 7', 6);
INSERT INTO hotel_images (hotel_id, image_url, alt_text, sort_order) VALUES (230, 'https://daydreamhub.com/wp-content/uploads/2024/11/515420635.jpg', 'DELUXE KING RIVER VIEW - Image 8', 7);
INSERT INTO hotel_images (hotel_id, image_url, alt_text, sort_order) VALUES (230, 'https://daydreamhub.com/wp-content/uploads/2024/11/515420636.jpg', 'DELUXE KING RIVER VIEW - Image 9', 8);
INSERT INTO hotel_images (hotel_id, image_url, alt_text, sort_order) VALUES (230, 'https://daydreamhub.com/wp-content/uploads/2024/11/DSC07777-copy.jpg', 'DELUXE KING RIVER VIEW - Image 10', 9);
INSERT INTO hotels (id, name, slug, description, city, country, address, rating, thumbnail_url, categories, amenities, property_type, is_active) VALUES (231, 'The Great Ponsonby Arthotel / Villa with Queen Bed', 'the-great-ponsonby-arthotel-villa-with-queen-bed', 'The Great Ponsonby Arthotel is a charming 1890\’s heritage villa just 2 minutes stroll away from Ponsonby\’s vibrant center. It offers rooms decorated with colors of the Pacific and traditional artworks. Free WiFi, parking and daily newspapers are provided.

Ponsonby is within walking distance of several cafés, restaurants and galleries. The property is a short 5-minute drive from the harbor and central Auckland. There is a bus that passes the hotel every 10 minutes.

Our Villa Rooms are in the main house and most have french doors leading to your own private deck. These rooms are suitable for up to 2 people.', 'Auckland', 'New Zealand', '', 11, 'https://daydreamhub.com/wp-content/uploads/2024/11/128012583.jpeg', '["early_check-in","for_couple","transit_use"]', '["Laundry Service","Luggage Storage","Parking on Premises","Wheelchair Accessible","Coffee maker","Desk/Workspace","Free Wi-Fi","Hair Dryer","Refrigerator","Scanner / Printer","Shampoo","Shower","TEL","Towels","TV"]', 'Villa', 1);
INSERT INTO plans (hotel_id, name, description, price_usd, check_in_time, check_out_time, plan_type, max_guests, is_active) VALUES (231, '【7H】Daytime(prepayment)', '', 105, '10:00', '17:00', 'early_check-in', 2, 1);
INSERT INTO plans (hotel_id, name, description, price_usd, check_in_time, check_out_time, plan_type, max_guests, is_active) VALUES (231, '【23H】Overnight(prepayment)', '', 210, '12:00', '11:00', 'overnight', 2, 1);
INSERT INTO hotel_images (hotel_id, image_url, alt_text, sort_order) VALUES (231, 'https://daydreamhub.com/wp-content/uploads/2024/11/128012583.jpeg', 'The Great Ponsonby Arthotel / Villa with Queen Bed - Image 1', 0);
INSERT INTO hotel_images (hotel_id, image_url, alt_text, sort_order) VALUES (231, 'https://daydreamhub.com/wp-content/uploads/2024/12/living-room02.jpg', 'The Great Ponsonby Arthotel / Villa with Queen Bed - Image 2', 1);
INSERT INTO hotel_images (hotel_id, image_url, alt_text, sort_order) VALUES (231, 'https://daydreamhub.com/wp-content/uploads/2024/11/20486362.jpeg', 'The Great Ponsonby Arthotel / Villa with Queen Bed - Image 3', 2);
INSERT INTO hotel_images (hotel_id, image_url, alt_text, sort_order) VALUES (231, 'https://daydreamhub.com/wp-content/uploads/2024/11/597413549.jpeg', 'The Great Ponsonby Arthotel / Villa with Queen Bed - Image 4', 3);
INSERT INTO hotel_images (hotel_id, image_url, alt_text, sort_order) VALUES (231, 'https://daydreamhub.com/wp-content/uploads/2024/11/128012492.jpeg', 'The Great Ponsonby Arthotel / Villa with Queen Bed - Image 5', 4);
INSERT INTO hotel_images (hotel_id, image_url, alt_text, sort_order) VALUES (231, 'https://daydreamhub.com/wp-content/uploads/2024/11/72821623.jpeg', 'The Great Ponsonby Arthotel / Villa with Queen Bed - Image 6', 5);
INSERT INTO hotel_images (hotel_id, image_url, alt_text, sort_order) VALUES (231, 'https://daydreamhub.com/wp-content/uploads/2024/11/72822309.jpeg', 'The Great Ponsonby Arthotel / Villa with Queen Bed - Image 7', 6);
INSERT INTO hotel_images (hotel_id, image_url, alt_text, sort_order) VALUES (231, 'https://daydreamhub.com/wp-content/uploads/2024/11/258999827.jpeg', 'The Great Ponsonby Arthotel / Villa with Queen Bed - Image 8', 7);
INSERT INTO hotel_images (hotel_id, image_url, alt_text, sort_order) VALUES (231, 'https://daydreamhub.com/wp-content/uploads/2024/11/95505142.jpeg', 'The Great Ponsonby Arthotel / Villa with Queen Bed - Image 9', 8);
INSERT INTO hotel_images (hotel_id, image_url, alt_text, sort_order) VALUES (231, 'https://daydreamhub.com/wp-content/uploads/2024/11/261156978.jpeg', 'The Great Ponsonby Arthotel / Villa with Queen Bed - Image 10', 9);
INSERT INTO hotel_images (hotel_id, image_url, alt_text, sort_order) VALUES (231, 'https://daydreamhub.com/wp-content/uploads/2024/11/261156434.jpeg', 'The Great Ponsonby Arthotel / Villa with Queen Bed - Image 11', 10);
INSERT INTO hotel_images (hotel_id, image_url, alt_text, sort_order) VALUES (231, 'https://daydreamhub.com/wp-content/uploads/2024/11/597413551.jpeg', 'The Great Ponsonby Arthotel / Villa with Queen Bed - Image 12', 11);
INSERT INTO hotel_images (hotel_id, image_url, alt_text, sort_order) VALUES (231, 'https://daydreamhub.com/wp-content/uploads/2024/11/597413550.jpeg', 'The Great Ponsonby Arthotel / Villa with Queen Bed - Image 13', 12);
INSERT INTO hotel_images (hotel_id, image_url, alt_text, sort_order) VALUES (231, 'https://daydreamhub.com/wp-content/uploads/2024/11/597413548.jpeg', 'The Great Ponsonby Arthotel / Villa with Queen Bed - Image 14', 13);
INSERT INTO hotel_images (hotel_id, image_url, alt_text, sort_order) VALUES (231, 'https://daydreamhub.com/wp-content/uploads/2024/11/597413546.jpeg', 'The Great Ponsonby Arthotel / Villa with Queen Bed - Image 15', 14);
INSERT INTO hotel_images (hotel_id, image_url, alt_text, sort_order) VALUES (231, 'https://daydreamhub.com/wp-content/uploads/2024/11/597413547.jpeg', 'The Great Ponsonby Arthotel / Villa with Queen Bed - Image 16', 15);
INSERT INTO hotel_images (hotel_id, image_url, alt_text, sort_order) VALUES (231, 'https://daydreamhub.com/wp-content/uploads/2024/11/128011949.jpg', 'The Great Ponsonby Arthotel / Villa with Queen Bed - Image 17', 16);
INSERT INTO hotels (id, name, slug, description, city, country, address, rating, thumbnail_url, categories, amenities, property_type, is_active) VALUES (232, 'Puffers Inn / Deluxe King Room', 'puffers-inn-deluxe-king-room', 'The Deluxe King Room is fully renovated with morden bathroom, wardrobe, microwave and a bar fridge. Enjoy the luxury Sealy Commerical King Bed with pillowtop mattress.', 'Loganholme', 'Australia', '', 0, 'https://daydreamhub.com/wp-content/uploads/2024/11/Rm25-Bathroom.jpg', '["daycation","early_check-in","for_couple","for_work","personal_time","transit_use"]', '["Bar / Restaurant","Coin laundry","Luggage Storage","Parking on Premises","Pool","Air Conditioner (Cooling)","Air Conditioner (Heating)","Desk/Workspace","Electric pot","Free Wi-Fi","Hair Dryer","Refrigerator","Shampoo","Shower","Towels","TV"]', 'Hotel', 1);
INSERT INTO plans (hotel_id, name, description, price_usd, check_in_time, check_out_time, plan_type, max_guests, is_active) VALUES (232, '【4H】Daytime(prepayment)', '', 185, '10:00', '14:00', 'daycation', 2, 1);
INSERT INTO plans (hotel_id, name, description, price_usd, check_in_time, check_out_time, plan_type, max_guests, is_active) VALUES (232, '【6H】Daytime(prepayment)', '', 200, '10:00', '16:00', 'daycation', 2, 1);
INSERT INTO plans (hotel_id, name, description, price_usd, check_in_time, check_out_time, plan_type, max_guests, is_active) VALUES (232, '【8H】Daytime(prepayment)', '', 214, '10:00', '18:00', 'daycation', 2, 1);
INSERT INTO plans (hotel_id, name, description, price_usd, check_in_time, check_out_time, plan_type, max_guests, is_active) VALUES (232, '【4H】Early Check In(prepayment)', '', 185, '8:00', '12:00', 'daycation', 2, 1);
INSERT INTO plans (hotel_id, name, description, price_usd, check_in_time, check_out_time, plan_type, max_guests, is_active) VALUES (232, '【28H】Overnight(prepayment)', '', 313, '10:00', '14:00', 'overnight', 2, 1);
INSERT INTO hotel_images (hotel_id, image_url, alt_text, sort_order) VALUES (232, 'https://daydreamhub.com/wp-content/uploads/2024/11/Rm25-Bathroom.jpg', 'Puffers Inn / Deluxe King Room - Image 1', 0);
INSERT INTO hotel_images (hotel_id, image_url, alt_text, sort_order) VALUES (232, 'https://daydreamhub.com/wp-content/uploads/2024/11/Rm25-Bed.jpg', 'Puffers Inn / Deluxe King Room - Image 2', 1);
INSERT INTO hotel_images (hotel_id, image_url, alt_text, sort_order) VALUES (232, 'https://daydreamhub.com/wp-content/uploads/2024/11/Rm25-Bedroom-2.jpg', 'Puffers Inn / Deluxe King Room - Image 3', 2);
INSERT INTO hotel_images (hotel_id, image_url, alt_text, sort_order) VALUES (232, 'https://daydreamhub.com/wp-content/uploads/2024/11/Rm25-Whole-Room.jpg', 'Puffers Inn / Deluxe King Room - Image 4', 3);
INSERT INTO hotels (id, name, slug, description, city, country, address, rating, thumbnail_url, categories, amenities, property_type, is_active) VALUES (233, 'Puffers Inn / Family Room', 'puffers-inn-family-room', 'Our Self Contained Units feature kitchenette facilities. They are clean, comfortable and ideal for the budget conscious. Bedding is 1 double and 2 single beds.', 'Loganholme', 'Australia', '', 0, 'https://daydreamhub.com/wp-content/uploads/2024/11/Family-Apartments.jpg', '["daycation","early_check-in","for_work","personal_time","transit_use"]', '["Bar / Restaurant","Coin laundry","Luggage Storage","Parking on Premises","Pool","Air Conditioner (Cooling)","Air Conditioner (Heating)","Electric pot","Free Wi-Fi","Hair Dryer","Kitchen","Refrigerator","Shampoo","Shower","Towels","TV"]', 'Hotel', 1);
INSERT INTO plans (hotel_id, name, description, price_usd, check_in_time, check_out_time, plan_type, max_guests, is_active) VALUES (233, '【4H】Daytime(prepayment)', '', 183, '10:00', '14:00', 'daycation', 2, 1);
INSERT INTO plans (hotel_id, name, description, price_usd, check_in_time, check_out_time, plan_type, max_guests, is_active) VALUES (233, '【6H】Daytime(prepayment)', '', 197, '10:00', '16:00', 'daycation', 2, 1);
INSERT INTO plans (hotel_id, name, description, price_usd, check_in_time, check_out_time, plan_type, max_guests, is_active) VALUES (233, '【8H】Daytime(prepayment)', '', 212, '10:00', '18:00', 'daycation', 2, 1);
INSERT INTO plans (hotel_id, name, description, price_usd, check_in_time, check_out_time, plan_type, max_guests, is_active) VALUES (233, '【6H】Morning(prepayment)', '', 197, '8:00', '14:00', 'daycation', 2, 1);
INSERT INTO plans (hotel_id, name, description, price_usd, check_in_time, check_out_time, plan_type, max_guests, is_active) VALUES (233, '【28H】Overnight(prepayment)', '', 310, '10:00', '14:00', 'overnight', 2, 1);
INSERT INTO hotel_images (hotel_id, image_url, alt_text, sort_order) VALUES (233, 'https://daydreamhub.com/wp-content/uploads/2024/11/Family-Apartments.jpg', 'Puffers Inn / Family Room - Image 1', 0);
INSERT INTO hotel_images (hotel_id, image_url, alt_text, sort_order) VALUES (233, 'https://daydreamhub.com/wp-content/uploads/2024/11/DSC_2645.jpg', 'Puffers Inn / Family Room - Image 2', 1);
INSERT INTO hotel_images (hotel_id, image_url, alt_text, sort_order) VALUES (233, 'https://daydreamhub.com/wp-content/uploads/2024/11/DSC_2638.jpg', 'Puffers Inn / Family Room - Image 3', 2);
INSERT INTO hotel_images (hotel_id, image_url, alt_text, sort_order) VALUES (233, 'https://daydreamhub.com/wp-content/uploads/2024/11/DSC_2641.jpg', 'Puffers Inn / Family Room - Image 4', 3);
INSERT INTO hotels (id, name, slug, description, city, country, address, rating, thumbnail_url, categories, amenities, property_type, is_active) VALUES (234, 'Puffers Inn / Standard Room', 'puffers-inn-standard-room', 'These rooms are ideal for the budget conscious – They are 3 star standard and always guaranteed to be clean, comfortable and complete with great customer service. All standard rooms have tea and coffee facilities, bathroom and television.', 'Loganholme', 'Australia', '', 0, 'https://daydreamhub.com/wp-content/uploads/2024/11/Standard-Room1.jpg', '["daycation","early_check-in","for_couple","for_work","personal_time","transit_use"]', '["Bar / Restaurant","Coin laundry","Luggage Storage","Parking on Premises","Pool","Air Conditioner (Cooling)","Air Conditioner (Heating)","Electric pot","Free Wi-Fi","Hair Dryer","Refrigerator","Shampoo","Shower","Towels","TV"]', 'Hotel', 1);
INSERT INTO plans (hotel_id, name, description, price_usd, check_in_time, check_out_time, plan_type, max_guests, is_active) VALUES (234, '【4H】Daytime(prepayment)', '', 141, '10:00', '14:00', 'daycation', 2, 1);
INSERT INTO plans (hotel_id, name, description, price_usd, check_in_time, check_out_time, plan_type, max_guests, is_active) VALUES (234, '【6H】Daytime(prepayment)', '', 155, '10:00', '16:00', 'daycation', 2, 1);
INSERT INTO plans (hotel_id, name, description, price_usd, check_in_time, check_out_time, plan_type, max_guests, is_active) VALUES (234, '【8H】Daytime(prepayment)', '', 169, '10:00', '18:00', 'daycation', 2, 1);
INSERT INTO plans (hotel_id, name, description, price_usd, check_in_time, check_out_time, plan_type, max_guests, is_active) VALUES (234, '【6H】Morning(prepayment)', '', 183, '8:00', '14:00', 'daycation', 2, 1);
INSERT INTO plans (hotel_id, name, description, price_usd, check_in_time, check_out_time, plan_type, max_guests, is_active) VALUES (234, '【28H】Overnight(prepayment)', '', 268, '10:00', '14:00', 'overnight', 2, 1);
INSERT INTO hotel_images (hotel_id, image_url, alt_text, sort_order) VALUES (234, 'https://daydreamhub.com/wp-content/uploads/2024/11/Standard-Room1.jpg', 'Puffers Inn / Standard Room - Image 1', 0);
INSERT INTO hotel_images (hotel_id, image_url, alt_text, sort_order) VALUES (234, 'https://daydreamhub.com/wp-content/uploads/2024/11/Standard-Room2.jpg', 'Puffers Inn / Standard Room - Image 2', 1);
INSERT INTO hotel_images (hotel_id, image_url, alt_text, sort_order) VALUES (234, 'https://daydreamhub.com/wp-content/uploads/2024/11/Standard-Room3.jpg', 'Puffers Inn / Standard Room - Image 3', 2);
INSERT INTO hotels (id, name, slug, description, city, country, address, rating, thumbnail_url, categories, amenities, property_type, is_active) VALUES (235, 'Puffers Inn / Executive Queen Suite with Spa Bath', 'puffers-inn-executive-queen-suite-with-spa-bath', 'The discerning traveller’s choice. Our Executive spa rooms are spacious and comfortable and contain a Queen size bed and single bed. Rate is for two people sharing the same bed.', 'Loganholme', 'Australia', '', 0, 'https://daydreamhub.com/wp-content/uploads/2024/11/Executive-Queen-Spa-Room3.jpg', '["daycation","early_check-in","for_couple","for_work","personal_time","transit_use"]', '["Bar / Restaurant","Coin laundry","Luggage Storage","Parking on Premises","Air Conditioner (Cooling)","Air Conditioner (Heating)","Bathtub","Desk/Workspace","Electric pot","Free Wi-Fi","Hair Dryer","Refrigerator","Shampoo","Shower","Towels","TV"]', 'Hotel', 1);
INSERT INTO plans (hotel_id, name, description, price_usd, check_in_time, check_out_time, plan_type, max_guests, is_active) VALUES (235, '【4H】Daytime(prepayment)', '', 172, '10:00', '14:00', 'daycation', 2, 1);
INSERT INTO plans (hotel_id, name, description, price_usd, check_in_time, check_out_time, plan_type, max_guests, is_active) VALUES (235, '【6H】Daytime(prepayment)', '', 185, '12:00', '18:00', 'daycation', 2, 1);
INSERT INTO plans (hotel_id, name, description, price_usd, check_in_time, check_out_time, plan_type, max_guests, is_active) VALUES (235, '【8H】Daytime(prepayment)', '', 201, '10:00', '18:00', 'daycation', 2, 1);
INSERT INTO plans (hotel_id, name, description, price_usd, check_in_time, check_out_time, plan_type, max_guests, is_active) VALUES (235, '【6H】Early Check In(prepayment)', '', 185, '8:00', '14:00', 'daycation', 2, 1);
INSERT INTO plans (hotel_id, name, description, price_usd, check_in_time, check_out_time, plan_type, max_guests, is_active) VALUES (235, '【28H】Overnight(prepayment)', '', 297, '8:00', '12:00', 'overnight', 2, 1);
INSERT INTO hotel_images (hotel_id, image_url, alt_text, sort_order) VALUES (235, 'https://daydreamhub.com/wp-content/uploads/2024/11/Executive-Queen-Spa-Room3.jpg', 'Puffers Inn / Executive Queen Suite with Spa Bath - Image 1', 0);
INSERT INTO hotel_images (hotel_id, image_url, alt_text, sort_order) VALUES (235, 'https://daydreamhub.com/wp-content/uploads/2024/11/Executive-Queen-Spa-Room1.jpg', 'Puffers Inn / Executive Queen Suite with Spa Bath - Image 2', 1);
INSERT INTO hotel_images (hotel_id, image_url, alt_text, sort_order) VALUES (235, 'https://daydreamhub.com/wp-content/uploads/2024/11/Executive-Queen-Spa-Room2.jpg', 'Puffers Inn / Executive Queen Suite with Spa Bath - Image 3', 2);
INSERT INTO hotels (id, name, slug, description, city, country, address, rating, thumbnail_url, categories, amenities, property_type, is_active) VALUES (236, 'Phuketking Muay Thai Stay / Standard Double or Twin Room', 'phuketking-muay-thai-stay-standard-double-or-twin-room', 'Phuket Muay Thai House is within walking distance of three Muay Thai camps, as well as shops and dining options. It offers air-conditioned rooms with patios overlooking the outdoor pool.

Bright and fitted with dark wood furnishings, the rooms have cable TV, a safety deposit box, and a refrigerator. Each room has a private bathroom with shower facilities.

Phuket Muay Thai House is a 20-minute drive from Phuket’s town center, Chalong Bay, and Phuket Zoo. Patong and Karon beaches are 30 minutes’ drive away.

The property offers car laundry services, car rental and motorbike rentals. Activities can be arranged at the tour desk.', 'Phuket', 'Thailand', '', 0, 'https://daydreamhub.com/wp-content/uploads/2024/11/84566308.jpeg', '["early_check-in","for_couple","transit_use"]', '["Bar / Restaurant","Coin laundry","Gym","Parking on Premises","Pool","Sauna","Air Conditioner (Cooling)","Air Conditioner (Heating)","Desk/Workspace","Free Wi-Fi","Refrigerator","Shampoo","Shower","Toothbrush","Towels","TV"]', 'Hotel', 1);
INSERT INTO plans (hotel_id, name, description, price_usd, check_in_time, check_out_time, plan_type, max_guests, is_active) VALUES (236, '【6H】Morning(prepayment)', '', 27, '10:00', '16:00', 'early_check-in', 2, 1);
INSERT INTO plans (hotel_id, name, description, price_usd, check_in_time, check_out_time, plan_type, max_guests, is_active) VALUES (236, '【8H】Daytime(prepayment)', '', 30, '10:00', '18:00', 'early_check-in', 2, 1);
INSERT INTO plans (hotel_id, name, description, price_usd, check_in_time, check_out_time, plan_type, max_guests, is_active) VALUES (236, '【12H】Overnight(prepayment)', '', 45, '10:00', '10:00', 'overnight', 2, 1);
INSERT INTO hotel_images (hotel_id, image_url, alt_text, sort_order) VALUES (236, 'https://daydreamhub.com/wp-content/uploads/2024/11/84566308.jpeg', 'Phuketking Muay Thai Stay / Standard Double or Twin Room - Image 1', 0);
INSERT INTO hotel_images (hotel_id, image_url, alt_text, sort_order) VALUES (236, 'https://daydreamhub.com/wp-content/uploads/2024/11/84566517.jpeg', 'Phuketking Muay Thai Stay / Standard Double or Twin Room - Image 2', 1);
INSERT INTO hotel_images (hotel_id, image_url, alt_text, sort_order) VALUES (236, 'https://daydreamhub.com/wp-content/uploads/2024/11/84566519.jpeg', 'Phuketking Muay Thai Stay / Standard Double or Twin Room - Image 3', 2);
INSERT INTO hotel_images (hotel_id, image_url, alt_text, sort_order) VALUES (236, 'https://daydreamhub.com/wp-content/uploads/2024/11/84566520.jpeg', 'Phuketking Muay Thai Stay / Standard Double or Twin Room - Image 4', 3);
INSERT INTO hotel_images (hotel_id, image_url, alt_text, sort_order) VALUES (236, 'https://daydreamhub.com/wp-content/uploads/2024/11/84566045.jpg', 'Phuketking Muay Thai Stay / Standard Double or Twin Room - Image 5', 4);
INSERT INTO hotels (id, name, slug, description, city, country, address, rating, thumbnail_url, categories, amenities, property_type, is_active) VALUES (237, 'Shota @Rustaveli Boutique Hotel / Standard Twin', 'shota-rustaveli-boutique-hotel-standard-double-room-copy-2', 'Located in the heart of Tbilisi, Shota Rustaveli boutique hotel can boast a truly distinctive, unique style and concept. Modern, stylish and exquisite design gives this place a special touch of elegance and feeling of comfort and harmony. Wood-dominated interior and pastel colors creates laid-back atmosphere and makes you feel home away from home. The décor also includes some other raw natural materials like leather, iron and granite that gives an additional grace to the interior design. The hotel is just few steps away from Rustaveli Avenue, but guests can still feel very cozy and comfortable thanks to a quiet street across the avenue. Here you will find all the amenities and pleasures, that boutique hotel can offer. Gourmands will also be very happy here- the hotel’s restaurant, Melograno has one of the best cuisines in the city where you will enjoy various culinary delights. Refined style, enchanting food and highly personalized, top-quality service will make your stay here unforgettable.', 'Tbilisi', 'Georgia', '', 0, 'https://daydreamhub.com/wp-content/uploads/2024/11/IMG_0009-1.jpg', '["early_check-in","for_couple","transit_use"]', '["Elevator in Building","Gym","Laundry Service","Luggage Storage","Pool","Sauna","Wheelchair Accessible","Air Conditioner (Cooling)","Air Conditioner (Heating)","Desk/Workspace","Electric pot","Free Wi-Fi","Hair Dryer","Shampoo","Shower","TEL","Toothbrush","Towels","TV"]', 'Hotel', 1);
INSERT INTO plans (hotel_id, name, description, price_usd, check_in_time, check_out_time, plan_type, max_guests, is_active) VALUES (237, '【24H】Overnight(prepayment)', '', 119, '14:00', '12:00', 'overnight', 2, 1);
INSERT INTO hotel_images (hotel_id, image_url, alt_text, sort_order) VALUES (237, 'https://daydreamhub.com/wp-content/uploads/2024/11/IMG_0009-1.jpg', 'Shota @Rustaveli Boutique Hotel / Standard Twin - Image 1', 0);
INSERT INTO hotel_images (hotel_id, image_url, alt_text, sort_order) VALUES (237, 'https://daydreamhub.com/wp-content/uploads/2024/11/fitness-2.jpg', 'Shota @Rustaveli Boutique Hotel / Standard Twin - Image 2', 1);
INSERT INTO hotel_images (hotel_id, image_url, alt_text, sort_order) VALUES (237, 'https://daydreamhub.com/wp-content/uploads/2024/11/pool-area-2.jpg', 'Shota @Rustaveli Boutique Hotel / Standard Twin - Image 3', 2);
INSERT INTO hotel_images (hotel_id, image_url, alt_text, sort_order) VALUES (237, 'https://daydreamhub.com/wp-content/uploads/2024/11/Pool-2.jpg', 'Shota @Rustaveli Boutique Hotel / Standard Twin - Image 4', 3);
INSERT INTO hotel_images (hotel_id, image_url, alt_text, sort_order) VALUES (237, 'https://daydreamhub.com/wp-content/uploads/2024/11/IMG_0638-1.jpg', 'Shota @Rustaveli Boutique Hotel / Standard Twin - Image 5', 4);
INSERT INTO hotel_images (hotel_id, image_url, alt_text, sort_order) VALUES (237, 'https://daydreamhub.com/wp-content/uploads/2024/11/fitness-3.jpg', 'Shota @Rustaveli Boutique Hotel / Standard Twin - Image 6', 5);
INSERT INTO hotel_images (hotel_id, image_url, alt_text, sort_order) VALUES (237, 'https://daydreamhub.com/wp-content/uploads/2024/11/pool-area-3.jpg', 'Shota @Rustaveli Boutique Hotel / Standard Twin - Image 7', 6);
INSERT INTO hotel_images (hotel_id, image_url, alt_text, sort_order) VALUES (237, 'https://daydreamhub.com/wp-content/uploads/2024/11/Pool-3.jpg', 'Shota @Rustaveli Boutique Hotel / Standard Twin - Image 8', 7);
INSERT INTO hotel_images (hotel_id, image_url, alt_text, sort_order) VALUES (237, 'https://daydreamhub.com/wp-content/uploads/2024/11/6N3A5064.jpg', 'Shota @Rustaveli Boutique Hotel / Standard Twin - Image 9', 8);
INSERT INTO hotels (id, name, slug, description, city, country, address, rating, thumbnail_url, categories, amenities, property_type, is_active) VALUES (238, 'Shota @Rustaveli Boutique Hotel / Superior Double Room', 'shota-rustaveli-boutique-hotel-standard-double-room-copy', 'Located in the heart of Tbilisi, Shota Rustaveli boutique hotel can boast a truly distinctive, unique style and concept. Modern, stylish and exquisite design gives this place a special touch of elegance and feeling of comfort and harmony. Wood-dominated interior and pastel colors creates laid-back atmosphere and makes you feel home away from home. The décor also includes some other raw natural materials like leather, iron and granite that gives an additional grace to the interior design. The hotel is just few steps away from Rustaveli Avenue, but guests can still feel very cozy and comfortable thanks to a quiet street across the avenue. Here you will find all the amenities and pleasures, that boutique hotel can offer. Gourmands will also be very happy here- the hotel’s restaurant, Melograno has one of the best cuisines in the city where you will enjoy various culinary delights. Refined style, enchanting food and highly personalized, top-quality service will make your stay here unforgettable.', 'Tbilisi', 'Georgia', '', 0, 'https://daydreamhub.com/wp-content/uploads/2024/11/relaxation.jpg', '["early_check-in","for_couple","transit_use"]', '["Elevator in Building","Gym","Laundry Service","Luggage Storage","Pool","Sauna","Wheelchair Accessible","Air Conditioner (Cooling)","Air Conditioner (Heating)","Desk/Workspace","Electric pot","Free Wi-Fi","Hair Dryer","Shampoo","Shower","TEL","Toothbrush","Towels","TV"]', 'Hotel', 1);
INSERT INTO plans (hotel_id, name, description, price_usd, check_in_time, check_out_time, plan_type, max_guests, is_active) VALUES (238, '【24H】Overnight(prepayment)', '', 128, '14:00', '12:00', 'overnight', 2, 1);
INSERT INTO hotel_images (hotel_id, image_url, alt_text, sort_order) VALUES (238, 'https://daydreamhub.com/wp-content/uploads/2024/11/relaxation.jpg', 'Shota @Rustaveli Boutique Hotel / Superior Double Room - Image 1', 0);
INSERT INTO hotel_images (hotel_id, image_url, alt_text, sort_order) VALUES (238, 'https://daydreamhub.com/wp-content/uploads/2024/11/6N3A6436-1.jpg', 'Shota @Rustaveli Boutique Hotel / Superior Double Room - Image 2', 1);
INSERT INTO hotel_images (hotel_id, image_url, alt_text, sort_order) VALUES (238, 'https://daydreamhub.com/wp-content/uploads/2024/11/pool-area-1.jpg', 'Shota @Rustaveli Boutique Hotel / Superior Double Room - Image 3', 2);
INSERT INTO hotel_images (hotel_id, image_url, alt_text, sort_order) VALUES (238, 'https://daydreamhub.com/wp-content/uploads/2024/11/fitness-1.jpg', 'Shota @Rustaveli Boutique Hotel / Superior Double Room - Image 4', 3);
INSERT INTO hotel_images (hotel_id, image_url, alt_text, sort_order) VALUES (238, 'https://daydreamhub.com/wp-content/uploads/2024/11/Pool-1.jpg', 'Shota @Rustaveli Boutique Hotel / Superior Double Room - Image 5', 4);
INSERT INTO hotels (id, name, slug, description, city, country, address, rating, thumbnail_url, categories, amenities, property_type, is_active) VALUES (239, 'Puffers Inn / Executive King Suite with Spa Bath', 'puffers-inn-executive-king-suite-with-spa-bath', 'Treat yourself and choose to stay in a spacious Executive King Spa Room. Our spa rooms are beautifully appointed to ensure you’ll enjoy an extremely comfortable stay. Bedding features brand new Sealy King beds with the latest in triple sheeted linen.', 'Loganholme', 'Australia', '', 10, 'https://daydreamhub.com/wp-content/uploads/2024/10/58494197.jpg', '["daycation","early_check-in","for_couple","for_work","personal_time","transit_use"]', '["Bar / Restaurant","Coin laundry","Luggage Storage","Parking on Premises","Pool","Air Conditioner (Cooling)","Air Conditioner (Heating)","Bathtub","Coffee maker","Desk/Workspace","Electric pot","Free Wi-Fi","Hair Dryer","Refrigerator","Shampoo","Shower","Towels","TV"]', 'Hotel', 1);
INSERT INTO plans (hotel_id, name, description, price_usd, check_in_time, check_out_time, plan_type, max_guests, is_active) VALUES (239, '【6H】Morning(prepayment)', '', 172, '8:00', '14:00', 'daycation', 2, 1);
INSERT INTO plans (hotel_id, name, description, price_usd, check_in_time, check_out_time, plan_type, max_guests, is_active) VALUES (239, '【8H】Daytime(prepayment)', '', 201, '10:00', '18:00', 'daycation', 2, 1);
INSERT INTO plans (hotel_id, name, description, price_usd, check_in_time, check_out_time, plan_type, max_guests, is_active) VALUES (239, '【28H】Overnight(prepayment)', '', 301, '8:00', '12:00', 'overnight', 2, 1);
INSERT INTO plans (hotel_id, name, description, price_usd, check_in_time, check_out_time, plan_type, max_guests, is_active) VALUES (239, '【4H】Daytime(prepayment)', '', 172, '12:00', '16:00', 'daycation', 2, 1);
INSERT INTO plans (hotel_id, name, description, price_usd, check_in_time, check_out_time, plan_type, max_guests, is_active) VALUES (239, '【6H】Daytime(prepayment)', '', 186, '11:00', '17:00', 'daycation', 2, 1);
INSERT INTO hotel_images (hotel_id, image_url, alt_text, sort_order) VALUES (239, 'https://daydreamhub.com/wp-content/uploads/2024/10/58494197.jpg', 'Puffers Inn / Executive King Suite with Spa Bath - Image 1', 0);
INSERT INTO hotel_images (hotel_id, image_url, alt_text, sort_order) VALUES (239, 'https://daydreamhub.com/wp-content/uploads/2024/10/58494196.jpg', 'Puffers Inn / Executive King Suite with Spa Bath - Image 2', 1);
INSERT INTO hotel_images (hotel_id, image_url, alt_text, sort_order) VALUES (239, 'https://daydreamhub.com/wp-content/uploads/2024/10/58494199.jpg', 'Puffers Inn / Executive King Suite with Spa Bath - Image 3', 2);
INSERT INTO hotel_images (hotel_id, image_url, alt_text, sort_order) VALUES (239, 'https://daydreamhub.com/wp-content/uploads/2024/10/63424690.jpg', 'Puffers Inn / Executive King Suite with Spa Bath - Image 4', 3);
INSERT INTO hotel_images (hotel_id, image_url, alt_text, sort_order) VALUES (239, 'https://daydreamhub.com/wp-content/uploads/2024/10/58494375.jpg', 'Puffers Inn / Executive King Suite with Spa Bath - Image 5', 4);
INSERT INTO hotel_images (hotel_id, image_url, alt_text, sort_order) VALUES (239, 'https://daydreamhub.com/wp-content/uploads/2024/10/26431664.jpg', 'Puffers Inn / Executive King Suite with Spa Bath - Image 6', 5);
INSERT INTO hotels (id, name, slug, description, city, country, address, rating, thumbnail_url, categories, amenities, property_type, is_active) VALUES (240, 'Sacha’s Hotel Uno / Premier Room', 'sachas-hotel-uno-premier-room-2', 'Ideally located in busy Sukhumvit, Sacha’s Hotel Uno SHA is minutes away from Bangkok’s business and financial districts, commercial district and transportation links. It is located within walking distance to Terminal 21 Shopping Mall and Health Land Asoke Spa & Massage.

The Asoke Skytrain and MRT stations are within walking distance, making it easy to explore the city. Hopping on the train can take you to Siam Square, where you can find street stalls and Gaysorn Plaza along the way. While a subway trip to Silom can take you to some of the hippest bars and nightclubs.

Accommodations at Sacha’s Hotel Uno SHA provides a variety of amenities that include spacious bathrooms with rain showers. It also offers high-speed wireless internet access, a 50-inch flat-screen television and a day bed.

Dine at GIGI Restaurant, which offers a breakfast. Various dining options including Italian cuisine and Japanese cuisine are available at GIGI restaurant and at the Sanriku restaurant.', 'Bangkok', 'Thailand', '', 0, 'https://daydreamhub.com/wp-content/uploads/2024/12/ENTRANCE.jpg', '["daycation","for_couple","personal_time","transit_use"]', '["Bar / Restaurant","Elevator in Building","Laundry Service","Luggage Storage","Massage","Vending machine","Wheelchair Accessible","Air Conditioner (Cooling)","Air Conditioner (Heating)","Coffee maker","Desk/Workspace","Free Wi-Fi","Hair Dryer","Shampoo","Shower","TEL","Toothbrush","Towels","TV"]', 'Hotel', 1);
INSERT INTO plans (hotel_id, name, description, price_usd, check_in_time, check_out_time, plan_type, max_guests, is_active) VALUES (240, '【6H】Early Check In(prepayment)', '', 57, '6:00', '12:00', 'daycation', 2, 1);
INSERT INTO plans (hotel_id, name, description, price_usd, check_in_time, check_out_time, plan_type, max_guests, is_active) VALUES (240, '【8H】Daytime(prepayment)', '', 62, '10:00', '18:00', 'daycation', 2, 1);
INSERT INTO plans (hotel_id, name, description, price_usd, check_in_time, check_out_time, plan_type, max_guests, is_active) VALUES (240, '【22H】Overnight(prepayment)', '', 72, '14:00', '12:00', 'overnight', 2, 1);
INSERT INTO hotel_images (hotel_id, image_url, alt_text, sort_order) VALUES (240, 'https://daydreamhub.com/wp-content/uploads/2024/12/ENTRANCE.jpg', 'Sacha’s Hotel Uno / Premier Room - Image 1', 0);
INSERT INTO hotel_images (hotel_id, image_url, alt_text, sort_order) VALUES (240, 'https://daydreamhub.com/wp-content/uploads/2024/10/443126999.jpeg', 'Sacha’s Hotel Uno / Premier Room - Image 2', 1);
INSERT INTO hotel_images (hotel_id, image_url, alt_text, sort_order) VALUES (240, 'https://daydreamhub.com/wp-content/uploads/2024/10/443126981.jpeg', 'Sacha’s Hotel Uno / Premier Room - Image 3', 2);
INSERT INTO hotel_images (hotel_id, image_url, alt_text, sort_order) VALUES (240, 'https://daydreamhub.com/wp-content/uploads/2024/10/443126907.jpeg', 'Sacha’s Hotel Uno / Premier Room - Image 4', 3);
INSERT INTO hotel_images (hotel_id, image_url, alt_text, sort_order) VALUES (240, 'https://daydreamhub.com/wp-content/uploads/2024/10/443126892.jpeg', 'Sacha’s Hotel Uno / Premier Room - Image 5', 4);
INSERT INTO hotel_images (hotel_id, image_url, alt_text, sort_order) VALUES (240, 'https://daydreamhub.com/wp-content/uploads/2024/10/443126915.jpeg', 'Sacha’s Hotel Uno / Premier Room - Image 6', 5);
INSERT INTO hotel_images (hotel_id, image_url, alt_text, sort_order) VALUES (240, 'https://daydreamhub.com/wp-content/uploads/2024/10/443126943.jpeg', 'Sacha’s Hotel Uno / Premier Room - Image 7', 6);
INSERT INTO hotel_images (hotel_id, image_url, alt_text, sort_order) VALUES (240, 'https://daydreamhub.com/wp-content/uploads/2024/10/443126988.jpeg', 'Sacha’s Hotel Uno / Premier Room - Image 8', 7);
INSERT INTO hotel_images (hotel_id, image_url, alt_text, sort_order) VALUES (240, 'https://daydreamhub.com/wp-content/uploads/2024/10/443127019.jpeg', 'Sacha’s Hotel Uno / Premier Room - Image 9', 8);
INSERT INTO hotel_images (hotel_id, image_url, alt_text, sort_order) VALUES (240, 'https://daydreamhub.com/wp-content/uploads/2024/10/443127000.jpeg', 'Sacha’s Hotel Uno / Premier Room - Image 10', 9);
INSERT INTO hotel_images (hotel_id, image_url, alt_text, sort_order) VALUES (240, 'https://daydreamhub.com/wp-content/uploads/2024/10/443127013.jpeg', 'Sacha’s Hotel Uno / Premier Room - Image 11', 10);
INSERT INTO hotel_images (hotel_id, image_url, alt_text, sort_order) VALUES (240, 'https://daydreamhub.com/wp-content/uploads/2024/10/443127010.jpeg', 'Sacha’s Hotel Uno / Premier Room - Image 12', 11);
INSERT INTO hotel_images (hotel_id, image_url, alt_text, sort_order) VALUES (240, 'https://daydreamhub.com/wp-content/uploads/2024/10/443127022.jpeg', 'Sacha’s Hotel Uno / Premier Room - Image 13', 12);
INSERT INTO hotel_images (hotel_id, image_url, alt_text, sort_order) VALUES (240, 'https://daydreamhub.com/wp-content/uploads/2024/10/443127027.jpeg', 'Sacha’s Hotel Uno / Premier Room - Image 14', 13);
INSERT INTO hotel_images (hotel_id, image_url, alt_text, sort_order) VALUES (240, 'https://daydreamhub.com/wp-content/uploads/2024/10/443127040.jpeg', 'Sacha’s Hotel Uno / Premier Room - Image 15', 14);
INSERT INTO hotels (id, name, slug, description, city, country, address, rating, thumbnail_url, categories, amenities, property_type, is_active) VALUES (241, 'Shota @Rustaveli Boutique Hotel / Standard Double Room', 'shota-rustaveli-boutique-hotel-standard-double-room-3', 'Located in the heart of Tbilisi, Shota Rustaveli boutique hotel can boast a truly distinctive, unique style and concept. Modern, stylish and exquisite design gives this place a special touch of elegance and feeling of comfort and harmony. Wood-dominated interior and pastel colors creates laid-back atmosphere and makes you feel home away from home. The décor also includes some other raw natural materials like leather, iron and granite that gives an additional grace to the interior design. The hotel is just few steps away from Rustaveli Avenue, but guests can still feel very cozy and comfortable thanks to a quiet street across the avenue. Here you will find all the amenities and pleasures, that boutique hotel can offer. Gourmands will also be very happy here- the hotel’s restaurant, Melograno has one of the best cuisines in the city where you will enjoy various culinary delights. Refined style, enchanting food and highly personalized, top-quality service will make your stay here unforgettable.', 'Tbilisi', 'Georgia', '', 0, 'https://daydreamhub.com/wp-content/uploads/2024/10/149418363.jpeg', '["early_check-in","for_couple","transit_use"]', '["Elevator in Building","Gym","Laundry Service","Luggage Storage","Pool","Sauna","Wheelchair Accessible","Air Conditioner (Cooling)","Air Conditioner (Heating)","Desk/Workspace","Electric pot","Free Wi-Fi","Hair Dryer","Shampoo","Shower","TEL","Toothbrush","Towels","TV"]', 'Hotel', 1);
INSERT INTO plans (hotel_id, name, description, price_usd, check_in_time, check_out_time, plan_type, max_guests, is_active) VALUES (241, '【24H】Overnight(prepayment)', '', 119, '14:00', '12:00', 'overnight', 2, 1);
INSERT INTO hotel_images (hotel_id, image_url, alt_text, sort_order) VALUES (241, 'https://daydreamhub.com/wp-content/uploads/2024/10/149418363.jpeg', 'Shota @Rustaveli Boutique Hotel / Standard Double Room - Image 1', 0);
INSERT INTO hotel_images (hotel_id, image_url, alt_text, sort_order) VALUES (241, 'https://daydreamhub.com/wp-content/uploads/2024/10/81998356.jpeg', 'Shota @Rustaveli Boutique Hotel / Standard Double Room - Image 2', 1);
INSERT INTO hotel_images (hotel_id, image_url, alt_text, sort_order) VALUES (241, 'https://daydreamhub.com/wp-content/uploads/2024/10/101620452.jpeg', 'Shota @Rustaveli Boutique Hotel / Standard Double Room - Image 3', 2);
INSERT INTO hotel_images (hotel_id, image_url, alt_text, sort_order) VALUES (241, 'https://daydreamhub.com/wp-content/uploads/2024/11/6N3A6445.jpg', 'Shota @Rustaveli Boutique Hotel / Standard Double Room - Image 4', 3);
INSERT INTO hotel_images (hotel_id, image_url, alt_text, sort_order) VALUES (241, 'https://daydreamhub.com/wp-content/uploads/2024/10/140894421.jpg', 'Shota @Rustaveli Boutique Hotel / Standard Double Room - Image 5', 4);
INSERT INTO hotel_images (hotel_id, image_url, alt_text, sort_order) VALUES (241, 'https://daydreamhub.com/wp-content/uploads/2024/11/IMG_0009.jpg', 'Shota @Rustaveli Boutique Hotel / Standard Double Room - Image 6', 5);
INSERT INTO hotel_images (hotel_id, image_url, alt_text, sort_order) VALUES (241, 'https://daydreamhub.com/wp-content/uploads/2024/11/IMG_0638.jpg', 'Shota @Rustaveli Boutique Hotel / Standard Double Room - Image 7', 6);
INSERT INTO hotel_images (hotel_id, image_url, alt_text, sort_order) VALUES (241, 'https://daydreamhub.com/wp-content/uploads/2024/10/201004431.jpeg', 'Shota @Rustaveli Boutique Hotel / Standard Double Room - Image 8', 7);
INSERT INTO hotel_images (hotel_id, image_url, alt_text, sort_order) VALUES (241, 'https://daydreamhub.com/wp-content/uploads/2024/11/6N3A3635.jpg', 'Shota @Rustaveli Boutique Hotel / Standard Double Room - Image 9', 8);
INSERT INTO hotel_images (hotel_id, image_url, alt_text, sort_order) VALUES (241, 'https://daydreamhub.com/wp-content/uploads/2024/11/Shota_Hotels_029.jpg', 'Shota @Rustaveli Boutique Hotel / Standard Double Room - Image 10', 9);
INSERT INTO hotel_images (hotel_id, image_url, alt_text, sort_order) VALUES (241, 'https://daydreamhub.com/wp-content/uploads/2024/11/Shota_Hotels_022.jpg', 'Shota @Rustaveli Boutique Hotel / Standard Double Room - Image 11', 10);
INSERT INTO hotel_images (hotel_id, image_url, alt_text, sort_order) VALUES (241, 'https://daydreamhub.com/wp-content/uploads/2024/11/fitness.jpg', 'Shota @Rustaveli Boutique Hotel / Standard Double Room - Image 12', 11);
INSERT INTO hotel_images (hotel_id, image_url, alt_text, sort_order) VALUES (241, 'https://daydreamhub.com/wp-content/uploads/2024/11/pool-area.jpg', 'Shota @Rustaveli Boutique Hotel / Standard Double Room - Image 13', 12);
INSERT INTO hotel_images (hotel_id, image_url, alt_text, sort_order) VALUES (241, 'https://daydreamhub.com/wp-content/uploads/2024/11/Pool.jpg', 'Shota @Rustaveli Boutique Hotel / Standard Double Room - Image 14', 13);
INSERT INTO hotel_images (hotel_id, image_url, alt_text, sort_order) VALUES (241, 'https://daydreamhub.com/wp-content/uploads/2024/11/shota_Hotels_Meeing_02.jpg', 'Shota @Rustaveli Boutique Hotel / Standard Double Room - Image 15', 14);
INSERT INTO hotel_images (hotel_id, image_url, alt_text, sort_order) VALUES (241, 'https://daydreamhub.com/wp-content/uploads/2024/11/shota_Hotels_Meeing_08.jpg', 'Shota @Rustaveli Boutique Hotel / Standard Double Room - Image 16', 15);
INSERT INTO hotel_images (hotel_id, image_url, alt_text, sort_order) VALUES (241, 'https://daydreamhub.com/wp-content/uploads/2024/11/shota_Hotels_Meeing_012.jpg', 'Shota @Rustaveli Boutique Hotel / Standard Double Room - Image 17', 16);
INSERT INTO hotels (id, name, slug, description, city, country, address, rating, thumbnail_url, categories, amenities, property_type, is_active) VALUES (242, 'New Palace Hotel / Standard Double Room', 'new-palace-hotel-standard-double-room', 'This budget hotel in Cairo’s center has air-conditioned rooms with a balcony. It is a 5-minute walk from Ramses Train Station and a 10-minute walk from the Egyptian Museum.

The simply-furnished rooms at the New Palace Hotel have satellite TV, a safe, a minibar and a private bathroom.

The New Palace has a roof garden with a terrace where guests can enjoy drinks and refreshments. It also has a restaurant which serves a large continental breakfast.

A 24-hour front desk, free Wi-Fi and free parking are available.

The Palace is 3 minutes from the Ahmed Orabi Metro Station by foot.', 'Cairo', 'Egypt', '', 10, 'https://daydreamhub.com/wp-content/uploads/2024/10/580722050.jpg', '["early_check-in","for_work","transit_use"]', '["Bar / Restaurant","Currency Exchange","Elevator in Building","Laundry Service","Air Conditioner (Cooling)","Desk/Workspace","Free Wi-Fi","Shampoo","Shower","TEL","Toothbrush","Towels","TV"]', 'Hotel', 1);
INSERT INTO plans (hotel_id, name, description, price_usd, check_in_time, check_out_time, plan_type, max_guests, is_active) VALUES (242, '【6H】Morning(prepayment)', '', 15, '6:00', '12:00', 'early_check-in', 2, 1);
INSERT INTO plans (hotel_id, name, description, price_usd, check_in_time, check_out_time, plan_type, max_guests, is_active) VALUES (242, '【10H】Daytime(prepayment)', '', 20, '10:00', '20:00', 'early_check-in', 2, 1);
INSERT INTO plans (hotel_id, name, description, price_usd, check_in_time, check_out_time, plan_type, max_guests, is_active) VALUES (242, '【28H】Overnight(prepayment)', '', 30, '8:00', '12:00', 'overnight', 2, 1);
INSERT INTO hotel_images (hotel_id, image_url, alt_text, sort_order) VALUES (242, 'https://daydreamhub.com/wp-content/uploads/2024/10/580722050.jpg', 'New Palace Hotel / Standard Double Room - Image 1', 0);
INSERT INTO hotel_images (hotel_id, image_url, alt_text, sort_order) VALUES (242, 'https://daydreamhub.com/wp-content/uploads/2024/10/580722005.jpg', 'New Palace Hotel / Standard Double Room - Image 2', 1);
INSERT INTO hotel_images (hotel_id, image_url, alt_text, sort_order) VALUES (242, 'https://daydreamhub.com/wp-content/uploads/2024/10/502622651.jpg', 'New Palace Hotel / Standard Double Room - Image 3', 2);
INSERT INTO hotel_images (hotel_id, image_url, alt_text, sort_order) VALUES (242, 'https://daydreamhub.com/wp-content/uploads/2024/10/502614535.jpg', 'New Palace Hotel / Standard Double Room - Image 4', 3);
INSERT INTO hotel_images (hotel_id, image_url, alt_text, sort_order) VALUES (242, 'https://daydreamhub.com/wp-content/uploads/2024/10/502644949.jpg', 'New Palace Hotel / Standard Double Room - Image 5', 4);
INSERT INTO hotel_images (hotel_id, image_url, alt_text, sort_order) VALUES (242, 'https://daydreamhub.com/wp-content/uploads/2024/10/502614565.jpg', 'New Palace Hotel / Standard Double Room - Image 6', 5);
INSERT INTO hotel_images (hotel_id, image_url, alt_text, sort_order) VALUES (242, 'https://daydreamhub.com/wp-content/uploads/2024/10/303061912.jpg', 'New Palace Hotel / Standard Double Room - Image 7', 6);
INSERT INTO hotels (id, name, slug, description, city, country, address, rating, thumbnail_url, categories, amenities, property_type, is_active) VALUES (243, 'Souphattra Hotel Vientiane / Deluxe Suite', 'souphattra-hotel-vientiane-deluxe-suite', 'Located in Vientiane, 1.2 miles from Wat Sisaket, Souphattra Hotel Vientiane has accommodations with an outdoor swimming pool, free private parking, a fitness center and a restaurant. This 5-star hotel offers room service, a 24-hour front desk and free WiFi. The hotel provides city views and a sun terrace.

The hotel will provide guests with air-conditioned rooms with a desk, a coffee machine, a fridge, a safety deposit box, a flat-screen TV and a private bathroom with a bidet. At Souphattra Hotel Vientiane rooms include bed linen and towels.

A buffet, à la carte or continental breakfast is served at the property.

Guests can use the business center or relax in the bar.

Thatluang Stupa is 1.2 miles from the accommodation, while Hor Phra Keo is 1.2 miles from the property. Wattay International Airport is 3.1 miles away.', 'Vientiane', 'Laos', '', 10, 'https://daydreamhub.com/wp-content/uploads/2024/10/596206705.jpeg', '["early_check-in","for_couple","transit_use"]', '["Bar / Restaurant","Gym","Laundry Service","Luggage Storage","Parking on Premises","Pool","Wheelchair Accessible","Air Conditioner (Cooling)","Bathtub","Coffee maker","Desk/Workspace","Free Wi-Fi","Hair Dryer","Refrigerator","Shampoo","Shower","TEL","Toothbrush","Towels","TV"]', 'Hotel', 1);
INSERT INTO plans (hotel_id, name, description, price_usd, check_in_time, check_out_time, plan_type, max_guests, is_active) VALUES (243, '【6H】Early Check In(prepayment)', '', 165, '6:00', '12:00', 'early_check-in', 2, 1);
INSERT INTO plans (hotel_id, name, description, price_usd, check_in_time, check_out_time, plan_type, max_guests, is_active) VALUES (243, '【10H】Daytime(prepayment)', '', 250, '10:00', '20:00', 'early_check-in', 2, 1);
INSERT INTO plans (hotel_id, name, description, price_usd, check_in_time, check_out_time, plan_type, max_guests, is_active) VALUES (243, '【28H】Overnight(prepayment)', '', 335, '8:00', '12:00', 'overnight', 2, 1);
INSERT INTO hotel_images (hotel_id, image_url, alt_text, sort_order) VALUES (243, 'https://daydreamhub.com/wp-content/uploads/2024/10/596206705.jpeg', 'Souphattra Hotel Vientiane / Deluxe Suite - Image 1', 0);
INSERT INTO hotel_images (hotel_id, image_url, alt_text, sort_order) VALUES (243, 'https://daydreamhub.com/wp-content/uploads/2024/10/596206711.jpeg', 'Souphattra Hotel Vientiane / Deluxe Suite - Image 2', 1);
INSERT INTO hotel_images (hotel_id, image_url, alt_text, sort_order) VALUES (243, 'https://daydreamhub.com/wp-content/uploads/2024/10/596206704.jpeg', 'Souphattra Hotel Vientiane / Deluxe Suite - Image 3', 2);
INSERT INTO hotel_images (hotel_id, image_url, alt_text, sort_order) VALUES (243, 'https://daydreamhub.com/wp-content/uploads/2024/10/596206708.jpeg', 'Souphattra Hotel Vientiane / Deluxe Suite - Image 4', 3);
INSERT INTO hotel_images (hotel_id, image_url, alt_text, sort_order) VALUES (243, 'https://daydreamhub.com/wp-content/uploads/2024/10/596206710.jpeg', 'Souphattra Hotel Vientiane / Deluxe Suite - Image 5', 4);
INSERT INTO hotel_images (hotel_id, image_url, alt_text, sort_order) VALUES (243, 'https://daydreamhub.com/wp-content/uploads/2024/10/596206709.jpeg', 'Souphattra Hotel Vientiane / Deluxe Suite - Image 6', 5);
INSERT INTO hotel_images (hotel_id, image_url, alt_text, sort_order) VALUES (243, 'https://daydreamhub.com/wp-content/uploads/2024/10/596206712.jpeg', 'Souphattra Hotel Vientiane / Deluxe Suite - Image 7', 6);
INSERT INTO hotel_images (hotel_id, image_url, alt_text, sort_order) VALUES (243, 'https://daydreamhub.com/wp-content/uploads/2024/10/588861368.jpeg', 'Souphattra Hotel Vientiane / Deluxe Suite - Image 8', 7);
INSERT INTO hotel_images (hotel_id, image_url, alt_text, sort_order) VALUES (243, 'https://daydreamhub.com/wp-content/uploads/2024/10/588861362.jpeg', 'Souphattra Hotel Vientiane / Deluxe Suite - Image 9', 8);
INSERT INTO hotel_images (hotel_id, image_url, alt_text, sort_order) VALUES (243, 'https://daydreamhub.com/wp-content/uploads/2024/10/588861395.jpeg', 'Souphattra Hotel Vientiane / Deluxe Suite - Image 10', 9);
INSERT INTO hotel_images (hotel_id, image_url, alt_text, sort_order) VALUES (243, 'https://daydreamhub.com/wp-content/uploads/2024/10/588861372.jpeg', 'Souphattra Hotel Vientiane / Deluxe Suite - Image 11', 10);
INSERT INTO hotel_images (hotel_id, image_url, alt_text, sort_order) VALUES (243, 'https://daydreamhub.com/wp-content/uploads/2024/10/597446276.jpeg', 'Souphattra Hotel Vientiane / Deluxe Suite - Image 12', 11);
INSERT INTO hotel_images (hotel_id, image_url, alt_text, sort_order) VALUES (243, 'https://daydreamhub.com/wp-content/uploads/2024/10/583960892.jpg', 'Souphattra Hotel Vientiane / Deluxe Suite - Image 13', 12);
INSERT INTO hotels (id, name, slug, description, city, country, address, rating, thumbnail_url, categories, amenities, property_type, is_active) VALUES (244, 'The Bodhi Leaf Wellness', 'the-bodhi-leaf-wellness', 'The Bodhi Leaf Wellness Resort offers a unique series of beautifully designed rooms.
 Located in the cultural heart of Gianyar, close to Ubud and the scenic east coast of Keramas Surfing Beach, each room is inspired by a different chakra, creating an immersive and transformative experience.
 Our spaces foster grounding, stability, love, and compassion, while sparking creativity and igniting confidence.
 They support authentic expression, enhance intuition, and create a transcendent atmosphere for spiritual connection.
 Each room is equipped with thoughtful amenities, nurturing relaxation and personal growth.', 'Bali', 'Indonesia', '', 12, 'https://daydreamhub.com/wp-content/uploads/2024/10/DSC02907-HDR.jpg', '["daycation","for_couple","luxury","personal_time"]', '["Laundry Service","Massage","Pool","Sauna","Air Conditioner (Cooling)","Free Wi-Fi","Shower","Towels"]', 'Villa', 1);
INSERT INTO plans (hotel_id, name, description, price_usd, check_in_time, check_out_time, plan_type, max_guests, is_active) VALUES (244, '[21H] Room Only(prepayment)', '', 90, '14:00', '11:00', 'daycation', 2, 1);
INSERT INTO hotel_images (hotel_id, image_url, alt_text, sort_order) VALUES (244, 'https://daydreamhub.com/wp-content/uploads/2024/10/DSC02907-HDR.jpg', 'The Bodhi Leaf Wellness - Image 1', 0);
INSERT INTO hotel_images (hotel_id, image_url, alt_text, sort_order) VALUES (244, 'https://daydreamhub.com/wp-content/uploads/2024/10/3-AUGUST-2024-43.jpg', 'The Bodhi Leaf Wellness - Image 2', 1);
INSERT INTO hotel_images (hotel_id, image_url, alt_text, sort_order) VALUES (244, 'https://daydreamhub.com/wp-content/uploads/2024/10/3-AUGUST-2024-17.jpg', 'The Bodhi Leaf Wellness - Image 3', 2);
INSERT INTO hotel_images (hotel_id, image_url, alt_text, sort_order) VALUES (244, 'https://daydreamhub.com/wp-content/uploads/2024/10/3-AUGUST-2024-44.jpg', 'The Bodhi Leaf Wellness - Image 4', 3);
INSERT INTO hotel_images (hotel_id, image_url, alt_text, sort_order) VALUES (244, 'https://daydreamhub.com/wp-content/uploads/2024/10/ADM09677.jpg', 'The Bodhi Leaf Wellness - Image 5', 4);
INSERT INTO hotel_images (hotel_id, image_url, alt_text, sort_order) VALUES (244, 'https://daydreamhub.com/wp-content/uploads/2024/10/ADM09756.jpg', 'The Bodhi Leaf Wellness - Image 6', 5);
INSERT INTO hotel_images (hotel_id, image_url, alt_text, sort_order) VALUES (244, 'https://daydreamhub.com/wp-content/uploads/2024/10/ADM09757.jpg', 'The Bodhi Leaf Wellness - Image 7', 6);
INSERT INTO hotel_images (hotel_id, image_url, alt_text, sort_order) VALUES (244, 'https://daydreamhub.com/wp-content/uploads/2024/10/ADM09758.jpg', 'The Bodhi Leaf Wellness - Image 8', 7);
INSERT INTO hotel_images (hotel_id, image_url, alt_text, sort_order) VALUES (244, 'https://daydreamhub.com/wp-content/uploads/2024/10/ADM09759.jpg', 'The Bodhi Leaf Wellness - Image 9', 8);
INSERT INTO hotel_images (hotel_id, image_url, alt_text, sort_order) VALUES (244, 'https://daydreamhub.com/wp-content/uploads/2024/10/ADM09772.jpg', 'The Bodhi Leaf Wellness - Image 10', 9);
INSERT INTO hotel_images (hotel_id, image_url, alt_text, sort_order) VALUES (244, 'https://daydreamhub.com/wp-content/uploads/2024/10/ADM09835.jpg', 'The Bodhi Leaf Wellness - Image 11', 10);
INSERT INTO hotel_images (hotel_id, image_url, alt_text, sort_order) VALUES (244, 'https://daydreamhub.com/wp-content/uploads/2024/10/ADM09884.jpg', 'The Bodhi Leaf Wellness - Image 12', 11);
INSERT INTO hotel_images (hotel_id, image_url, alt_text, sort_order) VALUES (244, 'https://daydreamhub.com/wp-content/uploads/2024/10/DSC02380-Enhanced-NR.jpg', 'The Bodhi Leaf Wellness - Image 13', 12);
INSERT INTO hotel_images (hotel_id, image_url, alt_text, sort_order) VALUES (244, 'https://daydreamhub.com/wp-content/uploads/2024/10/DSC02542-Enhanced-NR.jpg', 'The Bodhi Leaf Wellness - Image 14', 13);
INSERT INTO hotel_images (hotel_id, image_url, alt_text, sort_order) VALUES (244, 'https://daydreamhub.com/wp-content/uploads/2024/10/DSC02778.jpg', 'The Bodhi Leaf Wellness - Image 15', 14);
INSERT INTO hotel_images (hotel_id, image_url, alt_text, sort_order) VALUES (244, 'https://daydreamhub.com/wp-content/uploads/2024/10/DSC03074-Enhanced-NR.jpg', 'The Bodhi Leaf Wellness - Image 16', 15);
INSERT INTO hotel_images (hotel_id, image_url, alt_text, sort_order) VALUES (244, 'https://daydreamhub.com/wp-content/uploads/2024/10/DSC03233-Enhanced-NR.jpg', 'The Bodhi Leaf Wellness - Image 17', 16);
INSERT INTO hotel_images (hotel_id, image_url, alt_text, sort_order) VALUES (244, 'https://daydreamhub.com/wp-content/uploads/2024/10/DSC03265-HDR.jpg', 'The Bodhi Leaf Wellness - Image 18', 17);
INSERT INTO hotel_images (hotel_id, image_url, alt_text, sort_order) VALUES (244, 'https://daydreamhub.com/wp-content/uploads/2024/10/DSC03334-Enhanced-NR.jpg', 'The Bodhi Leaf Wellness - Image 19', 18);
INSERT INTO hotel_images (hotel_id, image_url, alt_text, sort_order) VALUES (244, 'https://daydreamhub.com/wp-content/uploads/2024/10/DSC03500-Enhanced-NR.jpg', 'The Bodhi Leaf Wellness - Image 20', 19);
INSERT INTO hotel_images (hotel_id, image_url, alt_text, sort_order) VALUES (244, 'https://daydreamhub.com/wp-content/uploads/2024/10/DSC03517-Enhanced-NR.jpg', 'The Bodhi Leaf Wellness - Image 21', 20);
INSERT INTO hotel_images (hotel_id, image_url, alt_text, sort_order) VALUES (244, 'https://daydreamhub.com/wp-content/uploads/2024/10/DSC03543.jpg', 'The Bodhi Leaf Wellness - Image 22', 21);
INSERT INTO hotel_images (hotel_id, image_url, alt_text, sort_order) VALUES (244, 'https://daydreamhub.com/wp-content/uploads/2024/10/DSC03637-HDR.jpg', 'The Bodhi Leaf Wellness - Image 23', 22);
INSERT INTO hotel_images (hotel_id, image_url, alt_text, sort_order) VALUES (244, 'https://daydreamhub.com/wp-content/uploads/2024/10/DSC03758-Enhanced-NR.jpg', 'The Bodhi Leaf Wellness - Image 24', 23);
INSERT INTO hotel_images (hotel_id, image_url, alt_text, sort_order) VALUES (244, 'https://daydreamhub.com/wp-content/uploads/2024/10/DSC03792-Enhanced-NR.jpg', 'The Bodhi Leaf Wellness - Image 25', 24);
INSERT INTO hotel_images (hotel_id, image_url, alt_text, sort_order) VALUES (244, 'https://daydreamhub.com/wp-content/uploads/2024/10/DSC03805-Pano.jpg', 'The Bodhi Leaf Wellness - Image 26', 25);
INSERT INTO hotel_images (hotel_id, image_url, alt_text, sort_order) VALUES (244, 'https://daydreamhub.com/wp-content/uploads/2024/10/DSC03840-Enhanced-NR.jpg', 'The Bodhi Leaf Wellness - Image 27', 26);
INSERT INTO hotel_images (hotel_id, image_url, alt_text, sort_order) VALUES (244, 'https://daydreamhub.com/wp-content/uploads/2024/10/DSC03887.jpg', 'The Bodhi Leaf Wellness - Image 28', 27);
INSERT INTO hotel_images (hotel_id, image_url, alt_text, sort_order) VALUES (244, 'https://daydreamhub.com/wp-content/uploads/2024/10/DSC03904-Enhanced-NR.jpg', 'The Bodhi Leaf Wellness - Image 29', 28);
INSERT INTO hotel_images (hotel_id, image_url, alt_text, sort_order) VALUES (244, 'https://daydreamhub.com/wp-content/uploads/2024/10/DSC03906-Enhanced-NR.jpg', 'The Bodhi Leaf Wellness - Image 30', 29);
INSERT INTO hotel_images (hotel_id, image_url, alt_text, sort_order) VALUES (244, 'https://daydreamhub.com/wp-content/uploads/2024/10/DSC03920-HDR-copy.jpg', 'The Bodhi Leaf Wellness - Image 31', 30);
INSERT INTO hotel_images (hotel_id, image_url, alt_text, sort_order) VALUES (244, 'https://daydreamhub.com/wp-content/uploads/2024/10/DSC02939-Enhanced-NR.jpg', 'The Bodhi Leaf Wellness - Image 32', 31);
INSERT INTO hotel_images (hotel_id, image_url, alt_text, sort_order) VALUES (244, 'https://daydreamhub.com/wp-content/uploads/2024/10/DSC02943-HDR.jpg', 'The Bodhi Leaf Wellness - Image 33', 32);
INSERT INTO hotel_images (hotel_id, image_url, alt_text, sort_order) VALUES (244, 'https://daydreamhub.com/wp-content/uploads/2024/10/DSC02955.jpg', 'The Bodhi Leaf Wellness - Image 34', 33);
INSERT INTO hotel_images (hotel_id, image_url, alt_text, sort_order) VALUES (244, 'https://daydreamhub.com/wp-content/uploads/2024/10/DSC02957.jpg', 'The Bodhi Leaf Wellness - Image 35', 34);
INSERT INTO hotel_images (hotel_id, image_url, alt_text, sort_order) VALUES (244, 'https://daydreamhub.com/wp-content/uploads/2024/10/DSC02967.jpg', 'The Bodhi Leaf Wellness - Image 36', 35);
INSERT INTO hotel_images (hotel_id, image_url, alt_text, sort_order) VALUES (244, 'https://daydreamhub.com/wp-content/uploads/2024/10/DSC02971-HDR.jpg', 'The Bodhi Leaf Wellness - Image 37', 36);
INSERT INTO hotel_images (hotel_id, image_url, alt_text, sort_order) VALUES (244, 'https://daydreamhub.com/wp-content/uploads/2024/10/DSC02993-Enhanced-NR.jpg', 'The Bodhi Leaf Wellness - Image 38', 37);
INSERT INTO hotel_images (hotel_id, image_url, alt_text, sort_order) VALUES (244, 'https://daydreamhub.com/wp-content/uploads/2024/10/Frame-57.jpg', 'The Bodhi Leaf Wellness - Image 39', 38);
INSERT INTO hotels (id, name, slug, description, city, country, address, rating, thumbnail_url, categories, amenities, property_type, is_active) VALUES (245, 'The Pantip Hotel Ladprao Bangkok​ / Deluxe Room', 'the-pantip-hotel-ladprao-bangkok-deluxe-room', 'Pantip Hotel Ladphrao is located in the Bangkapi district in Bangkok, 3.1 mi from Central Festival EastVille. Guests can enjoy the on-site restaurant.

Every room at this hotel is air conditioned and features a flat-screen TV with cable channels. Each room is fitted with a private bathroom fitted with a shower.

There are shops at the property.

Samitivej Sukhumvit Hospital is 5 mi from Pantip Hotel Ladphrao, while Emporium Shopping Mall is 5.6 mi away. Suvarnabhumi Airport is 8.7 mi from the property.', 'Bangkok', 'Thailand', '', 0, 'https://daydreamhub.com/wp-content/uploads/2024/10/83394548.jpg', '["early_check-in","for_work","transit_use"]', '["ATM","Bar / Restaurant","Elevator in Building","Laundry Service","Luggage Storage","Parking on Premises","Air Conditioner (Cooling)","Desk/Workspace","Free Wi-Fi","Hair Dryer","Refrigerator","Shampoo","Shower","TEL","Toothbrush","Towels","TV"]', 'Hotel', 1);
INSERT INTO plans (hotel_id, name, description, price_usd, check_in_time, check_out_time, plan_type, max_guests, is_active) VALUES (245, '【6H】Early Check In(prepayment)', '', 15, '6:00', '12:00', 'early_check-in', 2, 1);
INSERT INTO plans (hotel_id, name, description, price_usd, check_in_time, check_out_time, plan_type, max_guests, is_active) VALUES (245, '【10H】Daytime(prepayment)', '', 20, '10:00', '20:00', 'early_check-in', 2, 1);
INSERT INTO plans (hotel_id, name, description, price_usd, check_in_time, check_out_time, plan_type, max_guests, is_active) VALUES (245, '【28H】Overnight(prepayment)', '', 30, '8:00', '12:00', 'overnight', 2, 1);
INSERT INTO hotel_images (hotel_id, image_url, alt_text, sort_order) VALUES (245, 'https://daydreamhub.com/wp-content/uploads/2024/10/83394548.jpg', 'The Pantip Hotel Ladprao Bangkok​ / Deluxe Room - Image 1', 0);
INSERT INTO hotel_images (hotel_id, image_url, alt_text, sort_order) VALUES (245, 'https://daydreamhub.com/wp-content/uploads/2024/10/83394309.jpg', 'The Pantip Hotel Ladprao Bangkok​ / Deluxe Room - Image 2', 1);
INSERT INTO hotel_images (hotel_id, image_url, alt_text, sort_order) VALUES (245, 'https://daydreamhub.com/wp-content/uploads/2024/10/276508155.jpg', 'The Pantip Hotel Ladprao Bangkok​ / Deluxe Room - Image 3', 2);
INSERT INTO hotel_images (hotel_id, image_url, alt_text, sort_order) VALUES (245, 'https://daydreamhub.com/wp-content/uploads/2024/10/83394546.jpg', 'The Pantip Hotel Ladprao Bangkok​ / Deluxe Room - Image 4', 3);
INSERT INTO hotel_images (hotel_id, image_url, alt_text, sort_order) VALUES (245, 'https://daydreamhub.com/wp-content/uploads/2024/10/83394307.jpg', 'The Pantip Hotel Ladprao Bangkok​ / Deluxe Room - Image 5', 4);
INSERT INTO hotel_images (hotel_id, image_url, alt_text, sort_order) VALUES (245, 'https://daydreamhub.com/wp-content/uploads/2024/10/83394333.jpg', 'The Pantip Hotel Ladprao Bangkok​ / Deluxe Room - Image 6', 5);
INSERT INTO hotels (id, name, slug, description, city, country, address, rating, thumbnail_url, categories, amenities, property_type, is_active) VALUES (246, 'Executive Suite Mekong View', 'executive-suite-mekong-view', 'Located in Vientiane, 4.8 km from Laos National Museum, ST Hotel Wattay Airport provides accommodation with a free airport shuttle, special upgrade welcome drink, fitness centre, free private parking, a terrace, and a restaurant. This 4-star hotel offers an ATM and concierge service. The accommodation features a 24-hour front desk, room service, and free WiFi.

The hotel will provide guests with air-conditioned rooms equipped with a wardrobe, a kettle, a fridge, a minibar, a safety deposit box, a flat-screen TV, and a private bathroom with a shower.

Wat Sisaket is 4.9 km from ST Hotel Wattay Airport, while Hor Phra Keo is 5 km away. Wattay International Airport is just 1 km from the property.', 'Vientiane', 'Laos', '', 10, 'https://daydreamhub.com/wp-content/uploads/2024/10/DSC09463-copy.jpg', '["early_check-in","for_work","transit_use"]', '["ATM","Currency Exchange","Elevator in Building","Gym","Laundry Service","Luggage Storage","Parking on Premises","Air Conditioner (Cooling)","Bathtub","Electric pot","Free Wi-Fi","Hair Dryer","Refrigerator","Shampoo","Shower","TEL","Toothbrush","Towels","TV"]', 'Hotel', 1);
INSERT INTO plans (hotel_id, name, description, price_usd, check_in_time, check_out_time, plan_type, max_guests, is_active) VALUES (246, '【4H】Day Use(prepayment)', '', 66, '14:00', '18:00', 'early_check-in', 2, 1);
INSERT INTO plans (hotel_id, name, description, price_usd, check_in_time, check_out_time, plan_type, max_guests, is_active) VALUES (246, '【22H】Overnight(prepayment)', '', 110, '14:00', '12:00', 'overnight', 2, 1);
INSERT INTO hotel_images (hotel_id, image_url, alt_text, sort_order) VALUES (246, 'https://daydreamhub.com/wp-content/uploads/2024/10/DSC09463-copy.jpg', 'Executive Suite Mekong View - Image 1', 0);
INSERT INTO hotel_images (hotel_id, image_url, alt_text, sort_order) VALUES (246, 'https://daydreamhub.com/wp-content/uploads/2024/10/515420636-1.jpg', 'Executive Suite Mekong View - Image 2', 1);
INSERT INTO hotel_images (hotel_id, image_url, alt_text, sort_order) VALUES (246, 'https://daydreamhub.com/wp-content/uploads/2024/10/DSC09454-copy.jpg', 'Executive Suite Mekong View - Image 3', 2);
INSERT INTO hotel_images (hotel_id, image_url, alt_text, sort_order) VALUES (246, 'https://daydreamhub.com/wp-content/uploads/2024/10/DSC09458-copy.jpg', 'Executive Suite Mekong View - Image 4', 3);
INSERT INTO hotel_images (hotel_id, image_url, alt_text, sort_order) VALUES (246, 'https://daydreamhub.com/wp-content/uploads/2024/10/DSC09468-copy.jpg', 'Executive Suite Mekong View - Image 5', 4);
INSERT INTO hotel_images (hotel_id, image_url, alt_text, sort_order) VALUES (246, 'https://daydreamhub.com/wp-content/uploads/2024/10/DSC07777-copy.jpg', 'Executive Suite Mekong View - Image 6', 5);
INSERT INTO hotel_images (hotel_id, image_url, alt_text, sort_order) VALUES (246, 'https://daydreamhub.com/wp-content/uploads/2024/10/DSC07783-copy.jpg', 'Executive Suite Mekong View - Image 7', 6);
INSERT INTO hotel_images (hotel_id, image_url, alt_text, sort_order) VALUES (246, 'https://daydreamhub.com/wp-content/uploads/2024/10/DSC078292-copy.jpg', 'Executive Suite Mekong View - Image 8', 7);
INSERT INTO hotel_images (hotel_id, image_url, alt_text, sort_order) VALUES (246, 'https://daydreamhub.com/wp-content/uploads/2024/10/DSC06847.jpg', 'Executive Suite Mekong View - Image 9', 8);
INSERT INTO hotel_images (hotel_id, image_url, alt_text, sort_order) VALUES (246, 'https://daydreamhub.com/wp-content/uploads/2024/10/515420634-1.jpg', 'Executive Suite Mekong View - Image 10', 9);
INSERT INTO hotel_images (hotel_id, image_url, alt_text, sort_order) VALUES (246, 'https://daydreamhub.com/wp-content/uploads/2024/10/515420635-1.jpg', 'Executive Suite Mekong View - Image 11', 10);
INSERT INTO hotel_images (hotel_id, image_url, alt_text, sort_order) VALUES (246, 'https://daydreamhub.com/wp-content/uploads/2024/10/481928177-1.jpg', 'Executive Suite Mekong View - Image 12', 11);
INSERT INTO hotel_images (hotel_id, image_url, alt_text, sort_order) VALUES (246, 'https://daydreamhub.com/wp-content/uploads/2024/10/481927949-1.jpg', 'Executive Suite Mekong View - Image 13', 12);
INSERT INTO hotel_images (hotel_id, image_url, alt_text, sort_order) VALUES (246, 'https://daydreamhub.com/wp-content/uploads/2024/10/481926276-1.jpg', 'Executive Suite Mekong View - Image 14', 13);
INSERT INTO hotel_images (hotel_id, image_url, alt_text, sort_order) VALUES (246, 'https://daydreamhub.com/wp-content/uploads/2024/10/481926274-1.jpg', 'Executive Suite Mekong View - Image 15', 14);
INSERT INTO hotels (id, name, slug, description, city, country, address, rating, thumbnail_url, categories, amenities, property_type, is_active) VALUES (247, 'Pacific Inn / Deluxe King / Two Queen ROH', 'pacific-inn-deluxe-king-room', 'Welcome to The Pacific Inn. A delightful accommodation for two travelers seeking a memorable stay in Long Beach. Located near the beach, it’s perfect for exploring dining, shopping, and popular attractions like the Queen Mary. Enjoy spacious rooms with AC, private balconies, and free WiFi. Relax in the indoor pool and hot tub or on your balcony with a pool view. Start your day with the delicious breakfast takeaway service. They offer a convenient shuttle service. Friendly staff and pet-friendly. Walking distance to the pier and dining options. Comfort, convenience, and hospitality at The Pacific Inn.', 'Seal Beach', 'USA', '', 10, 'https://daydreamhub.com/wp-content/uploads/2024/10/565318512.jpg', '["early_check-in","for_work","transit_use"]', '["Elevator in Building","Laundry Service","Parking on Premises","Vending machine","Wheelchair Accessible","Air Conditioner (Cooling)","Air Conditioner (Heating)","Coffee maker","Desk/Workspace","Electric pot","Free Wi-Fi","Hair Dryer","Refrigerator","Shampoo","Shower","TEL","Toothbrush","Towels","TV"]', 'Hotel', 1);
INSERT INTO plans (hotel_id, name, description, price_usd, check_in_time, check_out_time, plan_type, max_guests, is_active) VALUES (247, '【7H】Early Check In(payment on location)', '', 119, '7:00', '14:00', 'early_check-in', 2, 1);
INSERT INTO plans (hotel_id, name, description, price_usd, check_in_time, check_out_time, plan_type, max_guests, is_active) VALUES (247, '【6H】Early Check In(payment on location)', '', 124, '9:00', '15:00', 'early_check-in', 2, 1);
INSERT INTO plans (hotel_id, name, description, price_usd, check_in_time, check_out_time, plan_type, max_guests, is_active) VALUES (247, '【7H】Early Check In(payment on location)', '', 129, '9:00', '16:00', 'early_check-in', 2, 1);
INSERT INTO plans (hotel_id, name, description, price_usd, check_in_time, check_out_time, plan_type, max_guests, is_active) VALUES (247, '【4H】Daytime(payment on location)', '', 114, '10:00', '14:00', 'early_check-in', 2, 1);
INSERT INTO plans (hotel_id, name, description, price_usd, check_in_time, check_out_time, plan_type, max_guests, is_active) VALUES (247, '【5H】Daytime(payment on location)', '', 119, '10:00', '15:00', 'early_check-in', 2, 1);
INSERT INTO plans (hotel_id, name, description, price_usd, check_in_time, check_out_time, plan_type, max_guests, is_active) VALUES (247, '【6H】Daytime(payment on location)', '', 129, '10:00', '16:00', 'early_check-in', 2, 1);
INSERT INTO plans (hotel_id, name, description, price_usd, check_in_time, check_out_time, plan_type, max_guests, is_active) VALUES (247, '【8H】Daytime(payment on location)', '', 139, '9:00', '17:00', 'early_check-in', 2, 1);
INSERT INTO plans (hotel_id, name, description, price_usd, check_in_time, check_out_time, plan_type, max_guests, is_active) VALUES (247, '【6H】Daytime(payment on location)', '', 139, '14:00', '20:00', 'early_check-in', 2, 1);
INSERT INTO plans (hotel_id, name, description, price_usd, check_in_time, check_out_time, plan_type, max_guests, is_active) VALUES (247, '【5H】Daytime(payment on location)', '', 139, '17:00', '22:00', 'early_check-in', 2, 1);
INSERT INTO hotel_images (hotel_id, image_url, alt_text, sort_order) VALUES (247, 'https://daydreamhub.com/wp-content/uploads/2024/10/565318512.jpg', 'Pacific Inn / Deluxe King / Two Queen ROH - Image 1', 0);
INSERT INTO hotel_images (hotel_id, image_url, alt_text, sort_order) VALUES (247, 'https://daydreamhub.com/wp-content/uploads/2024/10/449150895.jpg', 'Pacific Inn / Deluxe King / Two Queen ROH - Image 2', 1);
INSERT INTO hotel_images (hotel_id, image_url, alt_text, sort_order) VALUES (247, 'https://daydreamhub.com/wp-content/uploads/2024/10/565318540.jpg', 'Pacific Inn / Deluxe King / Two Queen ROH - Image 3', 2);
INSERT INTO hotel_images (hotel_id, image_url, alt_text, sort_order) VALUES (247, 'https://daydreamhub.com/wp-content/uploads/2024/10/449149343.jpg', 'Pacific Inn / Deluxe King / Two Queen ROH - Image 4', 3);
INSERT INTO hotel_images (hotel_id, image_url, alt_text, sort_order) VALUES (247, 'https://daydreamhub.com/wp-content/uploads/2024/10/449149489.jpg', 'Pacific Inn / Deluxe King / Two Queen ROH - Image 5', 4);
INSERT INTO hotel_images (hotel_id, image_url, alt_text, sort_order) VALUES (247, 'https://daydreamhub.com/wp-content/uploads/2024/10/449149490.jpg', 'Pacific Inn / Deluxe King / Two Queen ROH - Image 6', 5);
INSERT INTO hotel_images (hotel_id, image_url, alt_text, sort_order) VALUES (247, 'https://daydreamhub.com/wp-content/uploads/2024/10/565318469.jpg', 'Pacific Inn / Deluxe King / Two Queen ROH - Image 7', 6);
INSERT INTO hotel_images (hotel_id, image_url, alt_text, sort_order) VALUES (247, 'https://daydreamhub.com/wp-content/uploads/2024/10/565318473.jpg', 'Pacific Inn / Deluxe King / Two Queen ROH - Image 8', 7);
INSERT INTO hotel_images (hotel_id, image_url, alt_text, sort_order) VALUES (247, 'https://daydreamhub.com/wp-content/uploads/2024/10/449149464.jpg', 'Pacific Inn / Deluxe King / Two Queen ROH - Image 9', 8);
INSERT INTO hotels (id, name, slug, description, city, country, address, rating, thumbnail_url, categories, amenities, property_type, is_active) VALUES (248, 'Executive Suite City view', 'st-hotel-wattay-airport-executive-suite-city-view-3', 'Located in Vientiane, 3 miles from Laos National Museum, ST Hotel Wattay Airport provides accommodations with a fitness center, free private parking, a terrace and a restaurant. This 4-star hotel offers an ATM and a concierge service. The property has a 24-hour front desk, airport transportation, room service and free WiFi.

The hotel will provide guests with air-conditioned rooms with a closet, an electric tea pot, a fridge, a minibar, a safety deposit box, a flat-screen TV and a private bathroom with a shower.

Wat Sisaket is 3 miles from ST Hotel Wattay Airport, while Hor Phra Keo is 3.1 miles away. The nearest airport is Wattay International Airport, 0.6 miles from the accommodation.', 'Vientiane', 'Laos', '', 10, 'https://daydreamhub.com/wp-content/uploads/2024/10/587098765.jpg', '["early_check-in","for_work","transit_use"]', '["ATM","Currency Exchange","Elevator in Building","Gym","Laundry Service","Luggage Storage","Parking on Premises","Air Conditioner (Cooling)","Bathtub","Electric pot","Free Wi-Fi","Hair Dryer","Refrigerator","Shampoo","Shower","TEL","Toothbrush","Towels","TV"]', 'Hotel', 1);
INSERT INTO plans (hotel_id, name, description, price_usd, check_in_time, check_out_time, plan_type, max_guests, is_active) VALUES (248, '【4H】Day Use(prepayment)', '', 62, '14:00', '18:00', 'early_check-in', 2, 1);
INSERT INTO plans (hotel_id, name, description, price_usd, check_in_time, check_out_time, plan_type, max_guests, is_active) VALUES (248, '【22H】Overnight(prepayment)', '', 112, '14:00', '12:00', 'overnight', 2, 1);
INSERT INTO hotel_images (hotel_id, image_url, alt_text, sort_order) VALUES (248, 'https://daydreamhub.com/wp-content/uploads/2024/10/587098765.jpg', 'Executive Suite City view - Image 1', 0);
INSERT INTO hotel_images (hotel_id, image_url, alt_text, sort_order) VALUES (248, 'https://daydreamhub.com/wp-content/uploads/2024/10/DSC09488-copy.jpg', 'Executive Suite City view - Image 2', 1);
INSERT INTO hotel_images (hotel_id, image_url, alt_text, sort_order) VALUES (248, 'https://daydreamhub.com/wp-content/uploads/2024/10/DSC09504-copy-2.jpg', 'Executive Suite City view - Image 3', 2);
INSERT INTO hotel_images (hotel_id, image_url, alt_text, sort_order) VALUES (248, 'https://daydreamhub.com/wp-content/uploads/2024/10/DSC078292.jpg', 'Executive Suite City view - Image 4', 3);
INSERT INTO hotel_images (hotel_id, image_url, alt_text, sort_order) VALUES (248, 'https://daydreamhub.com/wp-content/uploads/2024/10/587098743.jpg', 'Executive Suite City view - Image 5', 4);
INSERT INTO hotel_images (hotel_id, image_url, alt_text, sort_order) VALUES (248, 'https://daydreamhub.com/wp-content/uploads/2024/10/481926321.jpg', 'Executive Suite City view - Image 6', 5);
INSERT INTO hotel_images (hotel_id, image_url, alt_text, sort_order) VALUES (248, 'https://daydreamhub.com/wp-content/uploads/2024/10/587098927.jpg', 'Executive Suite City view - Image 7', 6);
INSERT INTO hotel_images (hotel_id, image_url, alt_text, sort_order) VALUES (248, 'https://daydreamhub.com/wp-content/uploads/2024/10/587098362.jpg', 'Executive Suite City view - Image 8', 7);
INSERT INTO hotel_images (hotel_id, image_url, alt_text, sort_order) VALUES (248, 'https://daydreamhub.com/wp-content/uploads/2024/10/587098985.jpg', 'Executive Suite City view - Image 9', 8);
INSERT INTO hotel_images (hotel_id, image_url, alt_text, sort_order) VALUES (248, 'https://daydreamhub.com/wp-content/uploads/2024/10/481926274.jpg', 'Executive Suite City view - Image 10', 9);
INSERT INTO hotel_images (hotel_id, image_url, alt_text, sort_order) VALUES (248, 'https://daydreamhub.com/wp-content/uploads/2024/10/481926276.jpg', 'Executive Suite City view - Image 11', 10);
INSERT INTO hotel_images (hotel_id, image_url, alt_text, sort_order) VALUES (248, 'https://daydreamhub.com/wp-content/uploads/2024/10/481927949.jpg', 'Executive Suite City view - Image 12', 11);
INSERT INTO hotel_images (hotel_id, image_url, alt_text, sort_order) VALUES (248, 'https://daydreamhub.com/wp-content/uploads/2024/10/481928177.jpg', 'Executive Suite City view - Image 13', 12);
INSERT INTO hotel_images (hotel_id, image_url, alt_text, sort_order) VALUES (248, 'https://daydreamhub.com/wp-content/uploads/2024/10/515420634.jpg', 'Executive Suite City view - Image 14', 13);
INSERT INTO hotel_images (hotel_id, image_url, alt_text, sort_order) VALUES (248, 'https://daydreamhub.com/wp-content/uploads/2024/10/515420636.jpg', 'Executive Suite City view - Image 15', 14);
INSERT INTO hotel_images (hotel_id, image_url, alt_text, sort_order) VALUES (248, 'https://daydreamhub.com/wp-content/uploads/2024/10/515420635.jpg', 'Executive Suite City view - Image 16', 15);
INSERT INTO hotels (id, name, slug, description, city, country, address, rating, thumbnail_url, categories, amenities, property_type, is_active) VALUES (249, 'Le Charme Vientiane Hotel / Deluxe Room with Queen Bed (36 sqm)', 'le-charme-vientiane-hotel-deluxe-room-with-queen-bed-36-sqm-copy', 'Located right in the city center, Le Charme Vientiane Hotel offers free WiFi, an outdoor swimming pool and the convenience of a 24-hour front desk.

The rooms are all air-conditioned and have a satellite TV, a fridge and a mini-bar. There is also an in-room safe, a direct dial telephone and a work desk area. Iron and ironing board can be requested during their stay. All rooms have an private bathroom fitted with a hot and cold shower, towels and complimentary toiletries.

During their stay, guests can exercise in the fitness room. Alternatively, they can also enjoy the pool on the sun loungers. Other facilities include laundry services, currency exchange and luggage storage.

American breakfast is served daily at the restaurant. Cocktails can be served at the lounge. Room service is also available daily between 06:00 – 00:00 hrs.

Le Charme Vientiane Hotel Hotel is a 15-minute drive from Wattay International Airport. It is a 5-minute drive from Talat Sao Market and only 0.9 mi to the historical Haw Phra Kaew temple. Corporate offices and banks are all under 1.2 mi from the hotel.', 'Vientiane', 'Laos', '', 10, 'https://daydreamhub.com/wp-content/uploads/2024/10/248045873.jpg', '["early_check-in","for_work","transit_use"]', '["Bar / Restaurant","Currency Exchange","Elevator in Building","Gym","Laundry Service","Luggage Storage","Pool","Wheelchair Accessible","Air Conditioner (Cooling)","Bathtub","Coffee maker","Desk/Workspace","Electric pot","Free Wi-Fi","Hair Dryer","Refrigerator","Shampoo","Shower","Toothbrush","Towels","TV"]', 'Hotel', 1);
INSERT INTO plans (hotel_id, name, description, price_usd, check_in_time, check_out_time, plan_type, max_guests, is_active) VALUES (249, '【6H】Morning(prepayment)', '', 40, '6:00', '12:00', 'early_check-in', 2, 1);
INSERT INTO plans (hotel_id, name, description, price_usd, check_in_time, check_out_time, plan_type, max_guests, is_active) VALUES (249, '【10H】Daytime (prepayment)', '', 60, '10:00', '22:00', 'early_check-in', 2, 1);
INSERT INTO plans (hotel_id, name, description, price_usd, check_in_time, check_out_time, plan_type, max_guests, is_active) VALUES (249, '【28H】Overnight(prepayment)', '', 78, '14:00', '12:00', 'overnight', 2, 1);
INSERT INTO hotel_images (hotel_id, image_url, alt_text, sort_order) VALUES (249, 'https://daydreamhub.com/wp-content/uploads/2024/10/248045873.jpg', 'Le Charme Vientiane Hotel / Deluxe Room with Queen Bed (36 sqm) - Image 1', 0);
INSERT INTO hotel_images (hotel_id, image_url, alt_text, sort_order) VALUES (249, 'https://daydreamhub.com/wp-content/uploads/2024/10/MG_6453.jpg', 'Le Charme Vientiane Hotel / Deluxe Room with Queen Bed (36 sqm) - Image 2', 1);
INSERT INTO hotel_images (hotel_id, image_url, alt_text, sort_order) VALUES (249, 'https://daydreamhub.com/wp-content/uploads/2024/10/MG_6902.jpg', 'Le Charme Vientiane Hotel / Deluxe Room with Queen Bed (36 sqm) - Image 3', 2);
INSERT INTO hotel_images (hotel_id, image_url, alt_text, sort_order) VALUES (249, 'https://daydreamhub.com/wp-content/uploads/2024/10/MG_6800.jpg', 'Le Charme Vientiane Hotel / Deluxe Room with Queen Bed (36 sqm) - Image 4', 3);
INSERT INTO hotel_images (hotel_id, image_url, alt_text, sort_order) VALUES (249, 'https://daydreamhub.com/wp-content/uploads/2024/10/5.jpg', 'Le Charme Vientiane Hotel / Deluxe Room with Queen Bed (36 sqm) - Image 5', 4);
INSERT INTO hotel_images (hotel_id, image_url, alt_text, sort_order) VALUES (249, 'https://daydreamhub.com/wp-content/uploads/2024/10/Facade2.jpg', 'Le Charme Vientiane Hotel / Deluxe Room with Queen Bed (36 sqm) - Image 6', 5);
INSERT INTO hotel_images (hotel_id, image_url, alt_text, sort_order) VALUES (249, 'https://daydreamhub.com/wp-content/uploads/2024/10/MG_6895.jpg', 'Le Charme Vientiane Hotel / Deluxe Room with Queen Bed (36 sqm) - Image 7', 6);
INSERT INTO hotels (id, name, slug, description, city, country, address, rating, thumbnail_url, categories, amenities, property_type, is_active) VALUES (250, 'Olalani Resort & Condotel / Deluxe Ocean Double', 'olalani-resort-condotel-deluxe-ocean-double', 'Discover the perfect blend of natural beauty and comfort in our Deluxe Ocean View Room at Olalani Resort & Condotel. Gaze out at the stunning ocean view framed by the gentle sway of coconut trees, creating a picturesque and calming ambiance.', 'Da Nang', 'Vietnam', '', 9, 'https://daydreamhub.com/wp-content/uploads/2024/09/568032_14090611110021913461.jpeg', '["early_check-in","for_work","transit_use"]', '["Currency Exchange","Elevator in Building","Laundry Service","Luggage Storage","Massage","Pool","Sauna","Wheelchair Accessible","Air Conditioner (Cooling)","Bathtub","Coffee maker","Desk/Workspace","Electric pot","Free Wi-Fi","Hair Dryer","Shampoo","Shower","TEL","Toothbrush","Towels","TV"]', 'Hotel', 1);
INSERT INTO plans (hotel_id, name, description, price_usd, check_in_time, check_out_time, plan_type, max_guests, is_active) VALUES (250, '【6H】Daytime(prepayment)', '', 62, '10:00', '14:00', 'early_check-in', 2, 1);
INSERT INTO plans (hotel_id, name, description, price_usd, check_in_time, check_out_time, plan_type, max_guests, is_active) VALUES (250, '【10H】Halfday(prepayment)', '', 75, '10:00', '20:00', 'early_check-in', 2, 1);
INSERT INTO plans (hotel_id, name, description, price_usd, check_in_time, check_out_time, plan_type, max_guests, is_active) VALUES (250, '【22H】Overnight(prepayment)', '', 100, '12:00', '14:00', 'overnight', 2, 1);
INSERT INTO hotel_images (hotel_id, image_url, alt_text, sort_order) VALUES (250, 'https://daydreamhub.com/wp-content/uploads/2024/09/568032_14090611110021913461.jpeg', 'Olalani Resort & Condotel / Deluxe Ocean Double - Image 1', 0);
INSERT INTO hotel_images (hotel_id, image_url, alt_text, sort_order) VALUES (250, 'https://daydreamhub.com/wp-content/uploads/2024/10/MG_2506.jpg', 'Olalani Resort & Condotel / Deluxe Ocean Double - Image 2', 1);
INSERT INTO hotel_images (hotel_id, image_url, alt_text, sort_order) VALUES (250, 'https://daydreamhub.com/wp-content/uploads/2024/10/MG_2507.jpg', 'Olalani Resort & Condotel / Deluxe Ocean Double - Image 3', 2);
INSERT INTO hotel_images (hotel_id, image_url, alt_text, sort_order) VALUES (250, 'https://daydreamhub.com/wp-content/uploads/2024/10/MG_2536.jpg', 'Olalani Resort & Condotel / Deluxe Ocean Double - Image 4', 3);
INSERT INTO hotel_images (hotel_id, image_url, alt_text, sort_order) VALUES (250, 'https://daydreamhub.com/wp-content/uploads/2024/10/MG_2573.jpg', 'Olalani Resort & Condotel / Deluxe Ocean Double - Image 5', 4);
INSERT INTO hotel_images (hotel_id, image_url, alt_text, sort_order) VALUES (250, 'https://daydreamhub.com/wp-content/uploads/2024/10/MG_2580.jpg', 'Olalani Resort & Condotel / Deluxe Ocean Double - Image 6', 5);
INSERT INTO hotel_images (hotel_id, image_url, alt_text, sort_order) VALUES (250, 'https://daydreamhub.com/wp-content/uploads/2024/10/MG_2584.jpg', 'Olalani Resort & Condotel / Deluxe Ocean Double - Image 7', 6);
INSERT INTO hotels (id, name, slug, description, city, country, address, rating, thumbnail_url, categories, amenities, property_type, is_active) VALUES (251, 'Suwara Hotel/ Superior Room', 'suwara-hotel-superior-room', 'Located in Kuala Lumpur, within 3.9 miles of Federal Territory Mosque and 4.5 miles of Putra World Trade Center, Suwara Hotel Kepong KL has accommodations with a terrace and free WiFi as well as free private parking for guests who drive. The property is around 5.2 miles from Bank Negara Malaysia Museum and Art Gallery, 6 miles from Petronas Twin Towers and 6 miles from Suria KLCC. The property provides a 24-hour front desk, luggage storage space and currency exchange for guests.

All rooms come with air conditioning, a flat-screen TV with satellite channels, a fridge, a electric tea pot, a bidet, free toiletries and a closet. Rooms come complete with a private bathroom equipped with a shower and a hairdryer, while some accommodations at the hotel also feature a seating area. At Suwara Hotel Kepong KL the rooms have bed linen and towels.

Islamic Arts Museum Malaysia is 6.3 miles from the accommodation, while Perdana Botanical Gardens is 6.4 miles from the property. The nearest airport is Sultan Abdul Aziz Shah, 13 miles from Suwara Hotel Kepong KL, and the property offers a paid airport shuttle service.', 'Kuala Lumpur', 'Malaysia', '', 2, 'https://daydreamhub.com/wp-content/uploads/2024/10/Superior-Window-1.jpg', '["early_check-in","for_couple","for_work","personal_time","transit_use"]', '["ATM","Elevator in Building","Luggage Storage","Parking on Premises","Wheelchair Accessible","Air Conditioner (Cooling)","Electric pot","Free Wi-Fi","Hair Dryer","Refrigerator","Scanner / Printer","Shampoo","Shower","Toothbrush","Towels","TV"]', 'Hotel', 1);
INSERT INTO plans (hotel_id, name, description, price_usd, check_in_time, check_out_time, plan_type, max_guests, is_active) VALUES (251, 'Morning Session(prepayment)', '', 25, '8:00', '16:00', 'early_check-in', 2, 1);
INSERT INTO plans (hotel_id, name, description, price_usd, check_in_time, check_out_time, plan_type, max_guests, is_active) VALUES (251, 'Mid Session(prepayment)', '', 25, '13:00', '21:00', 'early_check-in', 2, 1);
INSERT INTO plans (hotel_id, name, description, price_usd, check_in_time, check_out_time, plan_type, max_guests, is_active) VALUES (251, 'Overnight(prepayment)', '', 40, '22:00', '10:00', 'overnight', 2, 1);
INSERT INTO hotel_images (hotel_id, image_url, alt_text, sort_order) VALUES (251, 'https://daydreamhub.com/wp-content/uploads/2024/10/Superior-Window-1.jpg', 'Suwara Hotel/ Superior Room - Image 1', 0);
INSERT INTO hotel_images (hotel_id, image_url, alt_text, sort_order) VALUES (251, 'https://daydreamhub.com/wp-content/uploads/2024/10/Superior-Window-3.jpg', 'Suwara Hotel/ Superior Room - Image 2', 1);
INSERT INTO hotel_images (hotel_id, image_url, alt_text, sort_order) VALUES (251, 'https://daydreamhub.com/wp-content/uploads/2024/10/Superior-Window-2.jpg', 'Suwara Hotel/ Superior Room - Image 3', 2);
INSERT INTO hotels (id, name, slug, description, city, country, address, rating, thumbnail_url, categories, amenities, property_type, is_active) VALUES (252, 'Allure And Elegant Central Apartment', 'allure-and-elegant-central-apartment', '', 'Sofia', 'Bulgaria', '', 3, 'https://daydreamhub.com/wp-content/uploads/2024/10/DSC05956-HDR.jpg', '["early_check-in","for_couple","for_work","transit_use"]', '["Elevator in Building","Laundry Service","Luggage Storage","Air Conditioner (Cooling)","Air Conditioner (Heating)","Coffee maker","Desk/Workspace","Electric pot","Free Wi-Fi","Hair Dryer","Kitchen","Refrigerator","Shampoo","Shower","Towels","TV"]', 'Apartment', 1);
INSERT INTO plans (hotel_id, name, description, price_usd, check_in_time, check_out_time, plan_type, max_guests, is_active) VALUES (252, 'Daily(prepayment)', '', 70, '15:00', '11:00', 'early_check-in', 2, 1);
INSERT INTO hotel_images (hotel_id, image_url, alt_text, sort_order) VALUES (252, 'https://daydreamhub.com/wp-content/uploads/2024/10/DSC05956-HDR.jpg', 'Allure And Elegant Central Apartment - Image 1', 0);
INSERT INTO hotel_images (hotel_id, image_url, alt_text, sort_order) VALUES (252, 'https://daydreamhub.com/wp-content/uploads/2024/10/DSC05950-HDR.jpg', 'Allure And Elegant Central Apartment - Image 2', 1);
INSERT INTO hotel_images (hotel_id, image_url, alt_text, sort_order) VALUES (252, 'https://daydreamhub.com/wp-content/uploads/2024/10/DSC05959-HDR.jpg', 'Allure And Elegant Central Apartment - Image 3', 2);
INSERT INTO hotel_images (hotel_id, image_url, alt_text, sort_order) VALUES (252, 'https://daydreamhub.com/wp-content/uploads/2024/10/DSC05965-HDR.jpg', 'Allure And Elegant Central Apartment - Image 4', 3);
INSERT INTO hotel_images (hotel_id, image_url, alt_text, sort_order) VALUES (252, 'https://daydreamhub.com/wp-content/uploads/2024/10/DSC05917-HDR.jpg', 'Allure And Elegant Central Apartment - Image 5', 4);
INSERT INTO hotel_images (hotel_id, image_url, alt_text, sort_order) VALUES (252, 'https://daydreamhub.com/wp-content/uploads/2024/10/DSC05914-HDR.jpg', 'Allure And Elegant Central Apartment - Image 6', 5);
INSERT INTO hotel_images (hotel_id, image_url, alt_text, sort_order) VALUES (252, 'https://daydreamhub.com/wp-content/uploads/2024/10/DSC05983-HDR.jpg', 'Allure And Elegant Central Apartment - Image 7', 6);
INSERT INTO hotel_images (hotel_id, image_url, alt_text, sort_order) VALUES (252, 'https://daydreamhub.com/wp-content/uploads/2024/10/DSC05851-HDR.jpg', 'Allure And Elegant Central Apartment - Image 8', 7);
INSERT INTO hotel_images (hotel_id, image_url, alt_text, sort_order) VALUES (252, 'https://daydreamhub.com/wp-content/uploads/2024/10/DSC05881-HDR.jpg', 'Allure And Elegant Central Apartment - Image 9', 8);
INSERT INTO hotel_images (hotel_id, image_url, alt_text, sort_order) VALUES (252, 'https://daydreamhub.com/wp-content/uploads/2024/10/DSC05998-HDR.jpg', 'Allure And Elegant Central Apartment - Image 10', 9);
INSERT INTO hotel_images (hotel_id, image_url, alt_text, sort_order) VALUES (252, 'https://daydreamhub.com/wp-content/uploads/2024/10/DSC06019-HDR.jpg', 'Allure And Elegant Central Apartment - Image 11', 10);
INSERT INTO hotel_images (hotel_id, image_url, alt_text, sort_order) VALUES (252, 'https://daydreamhub.com/wp-content/uploads/2024/10/DSC06001-HDR.jpg', 'Allure And Elegant Central Apartment - Image 12', 11);
INSERT INTO hotel_images (hotel_id, image_url, alt_text, sort_order) VALUES (252, 'https://daydreamhub.com/wp-content/uploads/2024/10/DSC06028-HDR.jpg', 'Allure And Elegant Central Apartment - Image 13', 12);
INSERT INTO hotel_images (hotel_id, image_url, alt_text, sort_order) VALUES (252, 'https://daydreamhub.com/wp-content/uploads/2024/10/DSC05980-HDR.jpg', 'Allure And Elegant Central Apartment - Image 14', 13);
INSERT INTO hotel_images (hotel_id, image_url, alt_text, sort_order) VALUES (252, 'https://daydreamhub.com/wp-content/uploads/2024/10/DSC06037-HDR.jpg', 'Allure And Elegant Central Apartment - Image 15', 14);
INSERT INTO hotels (id, name, slug, description, city, country, address, rating, thumbnail_url, categories, amenities, property_type, is_active) VALUES (253, 'Le Charme Vientiane Hotel / Deluxe Room with Twin Beds (36 sqm)', 'le-charme-vientiane-hotel-superior-room-with-twin-beds-30-sqm-2', 'Located right in the city center, Le Charme Vientiane Hotel offers free WiFi, an outdoor swimming pool and the convenience of a 24-hour front desk.

The rooms are all air-conditioned and have a satellite TV, a fridge and a mini-bar. There is also an in-room safe, a direct dial telephone and a work desk area. Iron and ironing board can be requested during their stay. All rooms have an private bathroom fitted with a hot and cold shower, towels and complimentary toiletries.

During their stay, guests can exercise in the fitness room. Alternatively, they can also enjoy the pool on the sun loungers. Other facilities include laundry services, currency exchange and luggage storage.

American breakfast is served daily at the restaurant. Cocktails can be served at the lounge. Room service is also available daily between 06:00 – 00:00 hrs.

Le Charme Vientiane Hotel Hotel is a 15-minute drive from Wattay International Airport. It is a 5-minute drive from Talat Sao Market and only 0.9 mi to the historical Haw Phra Kaew temple. Corporate offices and banks are all under 1.2 mi from the hotel.', 'Vientiane', 'Laos', '', 10, 'https://daydreamhub.com/wp-content/uploads/2024/10/248045873.jpg', '["early_check-in","for_work","transit_use"]', '["Bar / Restaurant","Currency Exchange","Elevator in Building","Gym","Laundry Service","Luggage Storage","Pool","Wheelchair Accessible","Air Conditioner (Cooling)","Bathtub","Coffee maker","Desk/Workspace","Electric pot","Free Wi-Fi","Hair Dryer","Refrigerator","Shampoo","Shower","Toothbrush","Towels","TV"]', 'Hotel', 1);
INSERT INTO plans (hotel_id, name, description, price_usd, check_in_time, check_out_time, plan_type, max_guests, is_active) VALUES (253, '【6H】Morning(prepayment)', '', 40, '6:00', '12:00', 'early_check-in', 2, 1);
INSERT INTO plans (hotel_id, name, description, price_usd, check_in_time, check_out_time, plan_type, max_guests, is_active) VALUES (253, '【10H】Daytime (prepayment)', '', 60, '10:00', '22:00', 'early_check-in', 2, 1);
INSERT INTO plans (hotel_id, name, description, price_usd, check_in_time, check_out_time, plan_type, max_guests, is_active) VALUES (253, '【28H】Overnight(prepayment)', '', 78, '14:00', '12:00', 'overnight', 2, 1);
INSERT INTO hotel_images (hotel_id, image_url, alt_text, sort_order) VALUES (253, 'https://daydreamhub.com/wp-content/uploads/2024/10/248045873.jpg', 'Le Charme Vientiane Hotel / Deluxe Room with Twin Beds (36 sqm) - Image 1', 0);
INSERT INTO hotel_images (hotel_id, image_url, alt_text, sort_order) VALUES (253, 'https://daydreamhub.com/wp-content/uploads/2024/10/5-1.jpg', 'Le Charme Vientiane Hotel / Deluxe Room with Twin Beds (36 sqm) - Image 2', 1);
INSERT INTO hotel_images (hotel_id, image_url, alt_text, sort_order) VALUES (253, 'https://daydreamhub.com/wp-content/uploads/2024/10/248045988.jpg', 'Le Charme Vientiane Hotel / Deluxe Room with Twin Beds (36 sqm) - Image 3', 2);
INSERT INTO hotel_images (hotel_id, image_url, alt_text, sort_order) VALUES (253, 'https://daydreamhub.com/wp-content/uploads/2024/10/380213560.jpg', 'Le Charme Vientiane Hotel / Deluxe Room with Twin Beds (36 sqm) - Image 4', 3);
INSERT INTO hotel_images (hotel_id, image_url, alt_text, sort_order) VALUES (253, 'https://daydreamhub.com/wp-content/uploads/2024/10/385355742.jpg', 'Le Charme Vientiane Hotel / Deluxe Room with Twin Beds (36 sqm) - Image 5', 4);
INSERT INTO hotel_images (hotel_id, image_url, alt_text, sort_order) VALUES (253, 'https://daydreamhub.com/wp-content/uploads/2024/10/379701525.jpg', 'Le Charme Vientiane Hotel / Deluxe Room with Twin Beds (36 sqm) - Image 6', 5);
INSERT INTO hotel_images (hotel_id, image_url, alt_text, sort_order) VALUES (253, 'https://daydreamhub.com/wp-content/uploads/2024/10/248047493.jpg', 'Le Charme Vientiane Hotel / Deluxe Room with Twin Beds (36 sqm) - Image 7', 6);
INSERT INTO hotel_images (hotel_id, image_url, alt_text, sort_order) VALUES (253, 'https://daydreamhub.com/wp-content/uploads/2024/10/38591160.jpg', 'Le Charme Vientiane Hotel / Deluxe Room with Twin Beds (36 sqm) - Image 8', 7);
INSERT INTO hotels (id, name, slug, description, city, country, address, rating, thumbnail_url, categories, amenities, property_type, is_active) VALUES (254, 'Pyramids Temple Guest House / King Room with Balcony', 'pyramids-temple-guest-house-king-room-with-balcony', 'Pyramids Temple Guest House is a recently renovated guest house in Cairo near Great Sphinx. This guest house offers air-conditioned accommodations with a balcony. The guest house provides garden views, an outdoor fireplace, a 24-hour front desk, and free Wifi is available throughout the property.

The guest house provides guests with a terrace, mountain views, a seating area, a flat-screen TV, a fully equipped kitchen with an oven and a microwave, and a private bathroom with walk-in shower and bathrobes. A fridge, a stovetop, and kitchenware are also provided, as well as a coffee machine and a kettle. At the guest house, each unit is equipped with bed linen and towels.

Buffet and continental breakfast options with local specialities, fresh pastries, and fruit are available daily at Pyramids Temple Guest House. There is a coffee shop, and a mini-market is also available.

Guests at the accommodation will be able to enjoy activities in and around Cairo, like cycling and walking tours. Babysitting service is also available for guests at Pyramids Temple Guest House.

Giza Pyramids is 1.1 miles from the guest house, while Cairo Tower is 9.3 miles away. The nearest airport is Cairo International, 19 miles from Pyramids Temple Guest House, and the property offers a paid airport shuttle service.', 'Giza', 'Egypt', '', 0, 'https://daydreamhub.com/wp-content/uploads/2024/09/463664119.jpg', '["for_couple"]', '["Bar / Restaurant","Laundry Service","Luggage Storage","Air Conditioner (Cooling)","Coffee maker","Desk/Workspace","Electric pot","Free Wi-Fi","Hair Dryer","Kitchen","Refrigerator","Shampoo","Shower","Towels","TV"]', 'Private Room', 1);
INSERT INTO plans (hotel_id, name, description, price_usd, check_in_time, check_out_time, plan_type, max_guests, is_active) VALUES (254, '【6H】Morning(prepayment)', '', 39, '6:00', '12:00', 'for_couple', 2, 1);
INSERT INTO hotel_images (hotel_id, image_url, alt_text, sort_order) VALUES (254, 'https://daydreamhub.com/wp-content/uploads/2024/09/463664119.jpg', 'Pyramids Temple Guest House / King Room with Balcony - Image 1', 0);
INSERT INTO hotel_images (hotel_id, image_url, alt_text, sort_order) VALUES (254, 'https://daydreamhub.com/wp-content/uploads/2024/09/463664214.jpg', 'Pyramids Temple Guest House / King Room with Balcony - Image 2', 1);
INSERT INTO hotel_images (hotel_id, image_url, alt_text, sort_order) VALUES (254, 'https://daydreamhub.com/wp-content/uploads/2024/09/463664587.jpg', 'Pyramids Temple Guest House / King Room with Balcony - Image 3', 2);
INSERT INTO hotel_images (hotel_id, image_url, alt_text, sort_order) VALUES (254, 'https://daydreamhub.com/wp-content/uploads/2024/10/IMG_6833.jpeg', 'Pyramids Temple Guest House / King Room with Balcony - Image 4', 3);
INSERT INTO hotel_images (hotel_id, image_url, alt_text, sort_order) VALUES (254, 'https://daydreamhub.com/wp-content/uploads/2024/09/463663773.jpg', 'Pyramids Temple Guest House / King Room with Balcony - Image 5', 4);
INSERT INTO hotel_images (hotel_id, image_url, alt_text, sort_order) VALUES (254, 'https://daydreamhub.com/wp-content/uploads/2024/09/493082279.jpg', 'Pyramids Temple Guest House / King Room with Balcony - Image 6', 5);
INSERT INTO hotels (id, name, slug, description, city, country, address, rating, thumbnail_url, categories, amenities, property_type, is_active) VALUES (255, 'Eco-friendly Why Me Tbilisi / Studio with kitchenette and private bathroom', 'eco-friendly-why-me-tbilisi-studio-with-kitchenette-and-private-bathroom', 'Studio with kitchenette, microwave, kettle. bunk bed for parents and one child. This room has a balcony with grapes just in hand reach.', 'Tbilisi', 'Georgia', '', 0, 'https://daydreamhub.com/wp-content/uploads/2024/09/icwhymeinsummer-1.jpg', '["early_check-in","for_couple","personal_time","transit_use"]', '["Currency Exchange","Laundry Service","Luggage Storage","Parking on Premises","Electric pot","Free Wi-Fi","Hair Dryer","Kitchen","Refrigerator","Scanner / Printer","Shower","Towels","TV"]', 'Guest House', 1);
INSERT INTO plans (hotel_id, name, description, price_usd, check_in_time, check_out_time, plan_type, max_guests, is_active) VALUES (255, '【7H】Early Check In(prepayment)', '', 35, '6:00', '12:00', 'early_check-in', 2, 1);
INSERT INTO plans (hotel_id, name, description, price_usd, check_in_time, check_out_time, plan_type, max_guests, is_active) VALUES (255, '【10H】Daytime (prepayment)', '', 33, '13:00', '23:00', 'early_check-in', 2, 1);
INSERT INTO plans (hotel_id, name, description, price_usd, check_in_time, check_out_time, plan_type, max_guests, is_active) VALUES (255, '【21H】Overnight(prepayment)', '', 39, '14:00', '11:00', 'overnight', 2, 1);
INSERT INTO hotel_images (hotel_id, image_url, alt_text, sort_order) VALUES (255, 'https://daydreamhub.com/wp-content/uploads/2024/09/icwhymeinsummer-1.jpg', 'Eco-friendly Why Me Tbilisi / Studio with kitchenette and private bathroom - Image 1', 0);
INSERT INTO hotel_images (hotel_id, image_url, alt_text, sort_order) VALUES (255, 'https://daydreamhub.com/wp-content/uploads/2024/09/whymestudioroom.jpg', 'Eco-friendly Why Me Tbilisi / Studio with kitchenette and private bathroom - Image 2', 1);
INSERT INTO hotel_images (hotel_id, image_url, alt_text, sort_order) VALUES (255, 'https://daydreamhub.com/wp-content/uploads/2024/09/whymestudiokitchenette-1.jpg', 'Eco-friendly Why Me Tbilisi / Studio with kitchenette and private bathroom - Image 3', 2);
INSERT INTO hotel_images (hotel_id, image_url, alt_text, sort_order) VALUES (255, 'https://daydreamhub.com/wp-content/uploads/2024/09/whymestudiobathroom.jpg', 'Eco-friendly Why Me Tbilisi / Studio with kitchenette and private bathroom - Image 4', 3);
INSERT INTO hotel_images (hotel_id, image_url, alt_text, sort_order) VALUES (255, 'https://daydreamhub.com/wp-content/uploads/2024/09/icwhymeawards.jpg', 'Eco-friendly Why Me Tbilisi / Studio with kitchenette and private bathroom - Image 5', 4);
INSERT INTO hotels (id, name, slug, description, city, country, address, rating, thumbnail_url, categories, amenities, property_type, is_active) VALUES (256, 'Eco-friendly Why Me Tbilisi / Double Room Private Bathoom', 'eco-friendly-why-me-tbilisi-double-room-private-bathoom', 'Double Room with private bathroom, double bed (160/200), refrigerator, reading light, closet, table and chair', 'Tbilisi', 'Georgia', '', 0, 'https://daydreamhub.com/wp-content/uploads/2024/09/whymehollandroombed.jpg', '["early_check-in","for_couple","personal_time","transit_use"]', '["Currency Exchange","Laundry Service","Luggage Storage","Parking on Premises","Electric pot","Free Wi-Fi","Hair Dryer","Kitchen","Refrigerator","Scanner / Printer","Shower","Towels","TV"]', 'Guest House', 1);
INSERT INTO plans (hotel_id, name, description, price_usd, check_in_time, check_out_time, plan_type, max_guests, is_active) VALUES (256, '【6H】Early Check In(prepayment)', '', 25, '6:00', '12:00', 'early_check-in', 2, 1);
INSERT INTO plans (hotel_id, name, description, price_usd, check_in_time, check_out_time, plan_type, max_guests, is_active) VALUES (256, '【10H】Daytime (prepayment)', '', 22, '13:00', '23:00', 'early_check-in', 2, 1);
INSERT INTO plans (hotel_id, name, description, price_usd, check_in_time, check_out_time, plan_type, max_guests, is_active) VALUES (256, '【23H】Overnight(prepayment)', '', 28, '14:00', '11:00', 'overnight', 2, 1);
INSERT INTO hotel_images (hotel_id, image_url, alt_text, sort_order) VALUES (256, 'https://daydreamhub.com/wp-content/uploads/2024/09/whymehollandroombed.jpg', 'Eco-friendly Why Me Tbilisi / Double Room Private Bathoom - Image 1', 0);
INSERT INTO hotel_images (hotel_id, image_url, alt_text, sort_order) VALUES (256, 'https://daydreamhub.com/wp-content/uploads/2024/09/icwhymeinsummer.jpg', 'Eco-friendly Why Me Tbilisi / Double Room Private Bathoom - Image 2', 1);
INSERT INTO hotel_images (hotel_id, image_url, alt_text, sort_order) VALUES (256, 'https://daydreamhub.com/wp-content/uploads/2024/09/whymehollandroomoverview.jpg', 'Eco-friendly Why Me Tbilisi / Double Room Private Bathoom - Image 3', 2);
INSERT INTO hotel_images (hotel_id, image_url, alt_text, sort_order) VALUES (256, 'https://daydreamhub.com/wp-content/uploads/2024/09/whymehollandroombathroom.jpg', 'Eco-friendly Why Me Tbilisi / Double Room Private Bathoom - Image 4', 3);
INSERT INTO hotels (id, name, slug, description, city, country, address, rating, thumbnail_url, categories, amenities, property_type, is_active) VALUES (257, 'AETAS lumpini Hotel / Deluxe Room', 'aetas-lumpini-hotel-deluxe-room', 'AETAS lumpini offers a prime location just a 3-minute walk from the MRT station, providing convenient access to Bangkok’s top attractions, including Terminal 21, Iconsiam, and the Temple of Dawn. The hotel features spacious rooms with modern amenities, including complimentary high-speed Wi-Fi, a free minibar, and elegant furnishings. Many rooms, such as our Junior Suite, boast stunning panoramic views of Bangkok’s skyline and Lumpini Park. Guests can start their day with a variety of delicious breakfast options and families can enjoy the dedicated Kid’s Club with engaging activities for children of all ages. The hotel also provides excellent leisure facilities, such as a pool and a fully-equipped fitness center. For business travelers, AETAS lumpini offers meeting rooms and an exclusive Executive Lounge with refreshments and evening cocktails. With concierge service and its proximity to lumpini Park, ideal for morning walks and relaxation, AETAS lumpini ensures a memorable stay for both business and leisure travelers.', 'Bangkok', 'Thailand', '', 0, 'https://daydreamhub.com/wp-content/uploads/2024/12/Deluxe-King-bed.jpg', '["for_couple","for_work","luxury"]', '["Bar / Restaurant","Currency Exchange","Elevator in Building","Fax","Gym","Laundry Service","Luggage Storage","Massage","Parking on Premises","Pool","Sauna","Wheelchair Accessible","Air Conditioner (Cooling)","Bathtub","Coffee maker","Desk/Workspace","Electric pot","Free Wi-Fi","Hair Dryer","Refrigerator","Shampoo","Shower","TEL","Toothbrush","Towels","TV"]', 'Hotel', 1);
INSERT INTO plans (hotel_id, name, description, price_usd, check_in_time, check_out_time, plan_type, max_guests, is_active) VALUES (257, 'Day-Use(prepayment)', '', 92, '11:00', '16:00', 'for_couple', 2, 1);
INSERT INTO hotel_images (hotel_id, image_url, alt_text, sort_order) VALUES (257, 'https://daydreamhub.com/wp-content/uploads/2024/12/Deluxe-King-bed.jpg', 'AETAS lumpini Hotel / Deluxe Room - Image 1', 0);
INSERT INTO hotel_images (hotel_id, image_url, alt_text, sort_order) VALUES (257, 'https://daydreamhub.com/wp-content/uploads/2024/12/Deluxe-King-bed_-31.jpg', 'AETAS lumpini Hotel / Deluxe Room - Image 2', 1);
INSERT INTO hotel_images (hotel_id, image_url, alt_text, sort_order) VALUES (257, 'https://daydreamhub.com/wp-content/uploads/2024/12/Deluxe-King-bed_-45.jpg', 'AETAS lumpini Hotel / Deluxe Room - Image 3', 2);
INSERT INTO hotel_images (hotel_id, image_url, alt_text, sort_order) VALUES (257, 'https://daydreamhub.com/wp-content/uploads/2024/12/Deluxe-King-bed_-24.jpg', 'AETAS lumpini Hotel / Deluxe Room - Image 4', 3);
INSERT INTO hotel_images (hotel_id, image_url, alt_text, sort_order) VALUES (257, 'https://daydreamhub.com/wp-content/uploads/2024/12/Deluxe-Twin-bed-1.jpg', 'AETAS lumpini Hotel / Deluxe Room - Image 5', 4);
INSERT INTO hotel_images (hotel_id, image_url, alt_text, sort_order) VALUES (257, 'https://daydreamhub.com/wp-content/uploads/2024/12/Deluxe-Twin-bed_-20.jpg', 'AETAS lumpini Hotel / Deluxe Room - Image 6', 5);
INSERT INTO hotel_images (hotel_id, image_url, alt_text, sort_order) VALUES (257, 'https://daydreamhub.com/wp-content/uploads/2024/12/Deluxe-Twin-bed_-42.jpg', 'AETAS lumpini Hotel / Deluxe Room - Image 7', 6);
INSERT INTO hotel_images (hotel_id, image_url, alt_text, sort_order) VALUES (257, 'https://daydreamhub.com/wp-content/uploads/2024/12/Deluxe-King-bed_-49.jpg', 'AETAS lumpini Hotel / Deluxe Room - Image 8', 7);
INSERT INTO hotel_images (hotel_id, image_url, alt_text, sort_order) VALUES (257, 'https://daydreamhub.com/wp-content/uploads/2024/12/Deluxe-King-bed_-57.jpg', 'AETAS lumpini Hotel / Deluxe Room - Image 9', 8);
INSERT INTO hotel_images (hotel_id, image_url, alt_text, sort_order) VALUES (257, 'https://daydreamhub.com/wp-content/uploads/2024/12/Deluxe-Twin-bed_-53.jpg', 'AETAS lumpini Hotel / Deluxe Room - Image 10', 9);
INSERT INTO hotel_images (hotel_id, image_url, alt_text, sort_order) VALUES (257, 'https://daydreamhub.com/wp-content/uploads/2024/09/0O2A1503-2.jpg', 'AETAS lumpini Hotel / Deluxe Room - Image 11', 10);
INSERT INTO hotel_images (hotel_id, image_url, alt_text, sort_order) VALUES (257, 'https://daydreamhub.com/wp-content/uploads/2024/09/Pool_2-2.jpg', 'AETAS lumpini Hotel / Deluxe Room - Image 12', 11);
INSERT INTO hotel_images (hotel_id, image_url, alt_text, sort_order) VALUES (257, 'https://daydreamhub.com/wp-content/uploads/2024/09/Sauna-2.jpg', 'AETAS lumpini Hotel / Deluxe Room - Image 13', 12);
INSERT INTO hotels (id, name, slug, description, city, country, address, rating, thumbnail_url, categories, amenities, property_type, is_active) VALUES (258, 'Boutique Hotel Manufactura / Budget Double Room', 'boutique-hotel-manufactura-budget-double-room-3', 'Attractively located in the Avlabari district of Tbilisi, Boutique Hotel Manufactura is located a 18-minute walk from Freedom Square, 1.7 miles from Rustaveli Theater and 1.8 miles from Tbilisi Opera and Ballet Theater. This 4-star hotel offers a tour desk and luggage storage space. The property has a 24-hour front desk, airport transportation, room service and free WiFi.

Complete with a private bathroom equipped with a bidet and free toiletries, the rooms at the hotel have a flat-screen TV and air conditioning, and certain rooms are equipped with a balcony. At Boutique Hotel Manufactura rooms contain bed linen and towels.

Guests at the accommodation can enjoy a continental breakfast. The restaurant at Boutique Hotel Manufactura specializes in Italian, Pizza and Russian cuisine.

Popular points of interest near the hotel include Metekhi Church, Saint George’s Armenian Cathedral and Presidential Palace. The nearest airport is Tbilisi International Airport, 7.5 miles from Boutique Hotel Manufactura.', 'Tbilisi', 'Georgia', '', 9, 'https://daydreamhub.com/wp-content/uploads/2024/09/476645024.jpg', '["early_check-in","for_work","transit_use"]', '["Bar / Restaurant","Laundry Service","Luggage Storage","Electric pot","Free Wi-Fi","Hair Dryer","Refrigerator","Shampoo","Shower","TEL","Toothbrush","Towels","TV"]', 'Hotel', 1);
INSERT INTO plans (hotel_id, name, description, price_usd, check_in_time, check_out_time, plan_type, max_guests, is_active) VALUES (258, '【3H】Daytime (prepayment)', '', 50, '14:00', '17:00', 'early_check-in', 2, 1);
INSERT INTO hotel_images (hotel_id, image_url, alt_text, sort_order) VALUES (258, 'https://daydreamhub.com/wp-content/uploads/2024/09/476645024.jpg', 'Boutique Hotel Manufactura / Budget Double Room - Image 1', 0);
INSERT INTO hotel_images (hotel_id, image_url, alt_text, sort_order) VALUES (258, 'https://daydreamhub.com/wp-content/uploads/2024/09/476644972.jpg', 'Boutique Hotel Manufactura / Budget Double Room - Image 2', 1);
INSERT INTO hotel_images (hotel_id, image_url, alt_text, sort_order) VALUES (258, 'https://daydreamhub.com/wp-content/uploads/2024/09/476640428.jpg', 'Boutique Hotel Manufactura / Budget Double Room - Image 3', 2);
INSERT INTO hotel_images (hotel_id, image_url, alt_text, sort_order) VALUES (258, 'https://daydreamhub.com/wp-content/uploads/2024/09/476640439.jpg', 'Boutique Hotel Manufactura / Budget Double Room - Image 4', 3);
INSERT INTO hotel_images (hotel_id, image_url, alt_text, sort_order) VALUES (258, 'https://daydreamhub.com/wp-content/uploads/2024/09/476640442.jpg', 'Boutique Hotel Manufactura / Budget Double Room - Image 5', 4);
INSERT INTO hotel_images (hotel_id, image_url, alt_text, sort_order) VALUES (258, 'https://daydreamhub.com/wp-content/uploads/2024/09/476645034.jpg', 'Boutique Hotel Manufactura / Budget Double Room - Image 6', 5);
INSERT INTO hotel_images (hotel_id, image_url, alt_text, sort_order) VALUES (258, 'https://daydreamhub.com/wp-content/uploads/2024/09/515437828.jpg', 'Boutique Hotel Manufactura / Budget Double Room - Image 7', 6);
INSERT INTO hotel_images (hotel_id, image_url, alt_text, sort_order) VALUES (258, 'https://daydreamhub.com/wp-content/uploads/2024/09/478885565.jpg', 'Boutique Hotel Manufactura / Budget Double Room - Image 8', 7);
INSERT INTO hotels (id, name, slug, description, city, country, address, rating, thumbnail_url, categories, amenities, property_type, is_active) VALUES (259, 'Standard Room B Block – King Size Bed / Khedi Hotel, Tbilisi', 'standard-room-b-block-king-size-bed-khedi-hotel-by-ginza-project-copy-copy', 'Khedi Hotel
 24 Ketevan Tsamebuli Avenue, 0103 Tbilisi City, Georgia

Set in Tbilisi City, 2.2 km from Freedom Square, Khedi Hotel by offers accommodation with a fitness centre, free private parking, a garden and a terrace. 2.5 km from
 Rustaveli Theatre and 2.7 km from Tbilisi Opera and Ballet Theatre, the property features a restaurant and a bar.

The accommodation provides a 24-hour front desk, airport transfers, room service and free WiFi throughout the property.

 

The hotel will provide guests with air-conditioned rooms with a desk, a coffee machine, a fridge, a safety deposit box, a flat-screen TV and a private
 bathroom with a bidet.

The rooms are equipped with a kettle, while some rooms also feature a
 balcony and others also feature city views.

All guest rooms feature a wardrobe. An à la carte,
 American or vegetarian breakfast is available every morning at the property.

Popular points of interest near Khedi Hotel by Ginza Project include Presidential Palace, Metekhi Church and Saint
 George’s Armenian Cathedral.

The nearest airport is Tbilisi International Airport, 12 km from the
 accommodation.

The Morning Plan is not available for same-day reservations.
 Bookings must be made by 6:00 PM on the previous day', 'Tbilisi', 'Georgia', '', 0, 'https://daydreamhub.com/wp-content/uploads/2024/09/KHEDI_193.jpg', '["daycation","early_check-in","for_work","luxury","personal_time","transit_use"]', '["Bar / Restaurant","Coin laundry","Elevator in Building","Gym","Laundry Service","Luggage Storage","Parking on Premises","Wheelchair Accessible","Air Conditioner (Cooling)","Air Conditioner (Heating)","Coffee maker","Desk/Workspace","Electric pot","Free Wi-Fi","Hair Dryer","Refrigerator","Shampoo","Shower","Towels","TV"]', 'Hotel', 1);
INSERT INTO plans (hotel_id, name, description, price_usd, check_in_time, check_out_time, plan_type, max_guests, is_active) VALUES (259, '【6H】Morning Time(Room Only without breakfast)(prepayment)', '', 60, '6:00', '12:00', 'daycation', 2, 1);
INSERT INTO plans (hotel_id, name, description, price_usd, check_in_time, check_out_time, plan_type, max_guests, is_active) VALUES (259, '【10H】Daytime (Room Only without breakfast)(prepayment)', '', 75, '10:00', '20:00', 'daycation', 2, 1);
INSERT INTO plans (hotel_id, name, description, price_usd, check_in_time, check_out_time, plan_type, max_guests, is_active) VALUES (259, '【21H】Overnight (Room Only without breakfast)(prepayment)', '', 85, '15:00', '12:00', 'overnight', 2, 1);
INSERT INTO plans (hotel_id, name, description, price_usd, check_in_time, check_out_time, plan_type, max_guests, is_active) VALUES (259, '【6H】Single Occupancy - Morning Time(Room and Breakfast)(prepayment)', '', 77, '6:00', '12:00', 'daycation', 1, 1);
INSERT INTO plans (hotel_id, name, description, price_usd, check_in_time, check_out_time, plan_type, max_guests, is_active) VALUES (259, '【6H】Double Occupancy - Morning Time (Room and Breakfast)(prepayment)', '', 94, '6:00', '12:00', 'daycation', 2, 1);
INSERT INTO plans (hotel_id, name, description, price_usd, check_in_time, check_out_time, plan_type, max_guests, is_active) VALUES (259, '【10H】Single Occupancy Daytime (Room and Breakfast)(prepayment)', '', 85, '10:00', '20:00', 'daycation', 1, 1);
INSERT INTO plans (hotel_id, name, description, price_usd, check_in_time, check_out_time, plan_type, max_guests, is_active) VALUES (259, '【10H】Double Occupancy Daytime (Room and Breakfast)(prepayment)', '', 102, '10:00', '20:00', 'daycation', 2, 1);
INSERT INTO plans (hotel_id, name, description, price_usd, check_in_time, check_out_time, plan_type, max_guests, is_active) VALUES (259, '【21H】Single Occupancy Overnight (Room and Breakfast) (prepayment)', '', 110, '15:00', '12:00', 'overnight', 1, 1);
INSERT INTO plans (hotel_id, name, description, price_usd, check_in_time, check_out_time, plan_type, max_guests, is_active) VALUES (259, '【21H】Double Occupancy Overnight (Room and Breakfast) (prepayment)', '', 127, '15:00', '12:00', 'overnight', 2, 1);
INSERT INTO hotel_images (hotel_id, image_url, alt_text, sort_order) VALUES (259, 'https://daydreamhub.com/wp-content/uploads/2024/09/KHEDI_193.jpg', 'Standard Room B Block – King Size Bed / Khedi Hotel, Tbilisi - Image 1', 0);
INSERT INTO hotel_images (hotel_id, image_url, alt_text, sort_order) VALUES (259, 'https://daydreamhub.com/wp-content/uploads/2024/09/KHEDI_201-1.jpg', 'Standard Room B Block – King Size Bed / Khedi Hotel, Tbilisi - Image 2', 1);
INSERT INTO hotel_images (hotel_id, image_url, alt_text, sort_order) VALUES (259, 'https://daydreamhub.com/wp-content/uploads/2024/09/KHEDI_202.jpg', 'Standard Room B Block – King Size Bed / Khedi Hotel, Tbilisi - Image 3', 2);
INSERT INTO hotels (id, name, slug, description, city, country, address, rating, thumbnail_url, categories, amenities, property_type, is_active) VALUES (260, 'Standard Room B Block – Twin Size Beds / Khedi Hotel, Tbilisi', 'standard-room-b-block-twin-size-beds-khedi-hotel-by-ginza-project-copy', 'Khedi Hotel
 24 Ketevan Tsamebuli Avenue, 0103 Tbilisi City, Georgia

Set in Tbilisi City, 2.2 km from Freedom Square, Khedi Hotel offers accommodation with a fitness centre, free private parking, a garden and a terrace.

2.5 km from Rustaveli Theatre and 2.7 km from Tbilisi Opera and Ballet Theatre, the property features a
 restaurant and a bar.

The accommodation provides a 24-hour front desk, airport transfers, room
 service and free WiFi throughout the property.

The hotel will provide guests with air-conditioned rooms with a desk, a coffee machine, a fridge, a safety deposit box, a flat-screen TV and a private
 bathroom with a bidet.

The rooms are equipped with a kettle, while some rooms also feature a
 balcony and others also feature city views. All guest rooms feature a wardrobe.

An à la carte, American or vegetarian breakfast is available every morning at the property.

Popular points of interest near Khedi Hotel include Presidential Palace, Metekhi Church and Saint
 George’s Armenian Cathedral.

The nearest airport is Tbilisi International Airport, 12 km from the
 accommodation.

The Morning Plan is not available for same-day reservations.
 Bookings must be made by 6:00 PM on the previous day', 'Tbilisi', 'Georgia', '', 0, 'https://daydreamhub.com/wp-content/uploads/2024/09/KHEDI_197.jpg', '["daycation","early_check-in","for_work","luxury","personal_time","transit_use"]', '["Bar / Restaurant","Coin laundry","Elevator in Building","Gym","Laundry Service","Luggage Storage","Parking on Premises","Wheelchair Accessible","Air Conditioner (Cooling)","Air Conditioner (Heating)","Coffee maker","Desk/Workspace","Electric pot","Free Wi-Fi","Hair Dryer","Refrigerator","Shampoo","Shower","Towels","TV"]', 'Hotel', 1);
INSERT INTO plans (hotel_id, name, description, price_usd, check_in_time, check_out_time, plan_type, max_guests, is_active) VALUES (260, '【6H】Morning Time(Room Only without breakfast)(prepayment)', '', 60, '6:00', '12:00', 'daycation', 2, 1);
INSERT INTO plans (hotel_id, name, description, price_usd, check_in_time, check_out_time, plan_type, max_guests, is_active) VALUES (260, '【10H】Daytime (Room Only without breakfast)(prepayment)', '', 75, '10:00', '20:00', 'daycation', 2, 1);
INSERT INTO plans (hotel_id, name, description, price_usd, check_in_time, check_out_time, plan_type, max_guests, is_active) VALUES (260, '【21H】Overnight (Room Only without breakfast)(prepayment)', '', 85, '15:00', '12:00', 'overnight', 2, 1);
INSERT INTO plans (hotel_id, name, description, price_usd, check_in_time, check_out_time, plan_type, max_guests, is_active) VALUES (260, '【6H】Single Occupancy - Morning Time (Room and Breakfast)(prepayment)', '', 77, '6:00', '12:00', 'daycation', 1, 1);
INSERT INTO plans (hotel_id, name, description, price_usd, check_in_time, check_out_time, plan_type, max_guests, is_active) VALUES (260, '【6H】Double Occupancy - Morning Time (Room and Breakfast)(prepayment)', '', 94, '6:00', '12:00', 'daycation', 2, 1);
INSERT INTO plans (hotel_id, name, description, price_usd, check_in_time, check_out_time, plan_type, max_guests, is_active) VALUES (260, '【10H】Single Occupancy Daytime (Room and Breakfast)(prepayment)', '', 85, '10:00', '20:00', 'daycation', 1, 1);
INSERT INTO plans (hotel_id, name, description, price_usd, check_in_time, check_out_time, plan_type, max_guests, is_active) VALUES (260, '【10H】Double Occupancy Daytime (Room and Breakfast)(prepayment)', '', 102, '10:00', '20:00', 'daycation', 2, 1);
INSERT INTO plans (hotel_id, name, description, price_usd, check_in_time, check_out_time, plan_type, max_guests, is_active) VALUES (260, '【21H】Single Occupancy Overnight (Room and Breakfast) (prepayment)', '', 110, '15:00', '12:00', 'overnight', 1, 1);
INSERT INTO plans (hotel_id, name, description, price_usd, check_in_time, check_out_time, plan_type, max_guests, is_active) VALUES (260, '【21H】Double Occupancy Overnight (Room and Breakfast) (prepayment)', '', 127, '15:00', '12:00', 'overnight', 2, 1);
INSERT INTO hotel_images (hotel_id, image_url, alt_text, sort_order) VALUES (260, 'https://daydreamhub.com/wp-content/uploads/2024/09/KHEDI_197.jpg', 'Standard Room B Block – Twin Size Beds / Khedi Hotel, Tbilisi - Image 1', 0);
INSERT INTO hotel_images (hotel_id, image_url, alt_text, sort_order) VALUES (260, 'https://daydreamhub.com/wp-content/uploads/2024/09/KHEDI_195.jpg', 'Standard Room B Block – Twin Size Beds / Khedi Hotel, Tbilisi - Image 2', 1);
INSERT INTO hotel_images (hotel_id, image_url, alt_text, sort_order) VALUES (260, 'https://daydreamhub.com/wp-content/uploads/2024/09/KHEDI_201.jpg', 'Standard Room B Block – Twin Size Beds / Khedi Hotel, Tbilisi - Image 3', 2);
INSERT INTO hotels (id, name, slug, description, city, country, address, rating, thumbnail_url, categories, amenities, property_type, is_active) VALUES (261, 'Standard Room A Block – Twin Size Beds / Khedi Hotel, Tbilisi', 'standard-room-a-block-twin-size-beds-khedi-hotel-by-ginza-project', 'Khedi Hotel
 24 Ketevan Tsamebuli Avenue, 0103 Tbilisi City, Georgia

Set in Tbilisi City, 2.2 km from Freedom Square, Khedi Hotel offers accommodation with a fitness centre,
 free private parking, a garden and a terrace. 2.5 km from Rustaveli Theatre and 2.7 km from Tbilisi Opera and Ballet Theatre, the property features a restaurant and a bar.

The accommodation provides a 24-hour front desk, airport transfers, room
 service and free WiFi throughout the property.

The hotel will provide guests with air-conditioned rooms with a desk, a coffee machine, a fridge, a safety deposit box, a flat-screen TV and a private bathroom with a bidet.

The rooms are equipped with a kettle, while some rooms also feature a
 balcony and others also feature city views.

All guest rooms feature a wardrobe.

An à la carte, American or vegetarian breakfast is available every morning at the property.

Popular points of interest near Khedi Hotel include Presidential Palace, Metekhi Church and Saint George’s Armenian Cathedral.

The nearest airport is Tbilisi International Airport, 12 km from the accommodation.

The Morning Plan is not available for same-day reservations.
 Bookings must be made by 6:00 PM on the previous day', 'Tbilisi', 'Georgia', '', 0, 'https://daydreamhub.com/wp-content/uploads/2024/09/KHEDI_074.jpg', '["daycation","early_check-in","for_work","luxury","personal_time","transit_use"]', '["Bar / Restaurant","Coin laundry","Elevator in Building","Gym","Laundry Service","Luggage Storage","Parking on Premises","Wheelchair Accessible","Air Conditioner (Cooling)","Air Conditioner (Heating)","Coffee maker","Desk/Workspace","Electric pot","Free Wi-Fi","Hair Dryer","Refrigerator","Shampoo","Shower","Towels","TV"]', 'Hotel', 1);
INSERT INTO plans (hotel_id, name, description, price_usd, check_in_time, check_out_time, plan_type, max_guests, is_active) VALUES (261, '【6H】Morning Time(Room Only without breakfast)(prepayment)', '', 60, '6:00', '12:00', 'daycation', 2, 1);
INSERT INTO plans (hotel_id, name, description, price_usd, check_in_time, check_out_time, plan_type, max_guests, is_active) VALUES (261, '【10H】Daytime (Room Only without breakfast)(prepayment)', '', 75, '10:00', '20:00', 'daycation', 2, 1);
INSERT INTO plans (hotel_id, name, description, price_usd, check_in_time, check_out_time, plan_type, max_guests, is_active) VALUES (261, '【21H】Overnight (Room Only without breakfast)(prepayment)', '', 85, '15:00', '12:00', 'overnight', 2, 1);
INSERT INTO plans (hotel_id, name, description, price_usd, check_in_time, check_out_time, plan_type, max_guests, is_active) VALUES (261, '【6H】Single Occupancy - Morning Time (Room and Breakfast)(prepayment)', '', 77, '6:00', '12:00', 'daycation', 1, 1);
INSERT INTO plans (hotel_id, name, description, price_usd, check_in_time, check_out_time, plan_type, max_guests, is_active) VALUES (261, '【6H】Double Occupancy - Morning Time (Room and Breakfast)(prepayment)', '', 94, '6:00', '12:00', 'daycation', 2, 1);
INSERT INTO plans (hotel_id, name, description, price_usd, check_in_time, check_out_time, plan_type, max_guests, is_active) VALUES (261, '【10H】Single Occupancy Daytime (Room and Breakfast)(prepayment)', '', 85, '10:00', '20:00', 'daycation', 1, 1);
INSERT INTO plans (hotel_id, name, description, price_usd, check_in_time, check_out_time, plan_type, max_guests, is_active) VALUES (261, '【10H】Double Occupancy Daytime (Room and Breakfast)(prepayment)', '', 102, '10:00', '20:00', 'daycation', 2, 1);
INSERT INTO plans (hotel_id, name, description, price_usd, check_in_time, check_out_time, plan_type, max_guests, is_active) VALUES (261, '【21H】Single Occupancy Overnight (Room and Breakfast) (prepayment)', '', 110, '15:00', '12:00', 'overnight', 1, 1);
INSERT INTO plans (hotel_id, name, description, price_usd, check_in_time, check_out_time, plan_type, max_guests, is_active) VALUES (261, '【21H】Double Occupancy Overnight (Room and Breakfast) (prepayment)', '', 127, '15:00', '12:00', 'overnight', 2, 1);
INSERT INTO hotel_images (hotel_id, image_url, alt_text, sort_order) VALUES (261, 'https://daydreamhub.com/wp-content/uploads/2024/09/KHEDI_074.jpg', 'Standard Room A Block – Twin Size Beds / Khedi Hotel, Tbilisi - Image 1', 0);
INSERT INTO hotel_images (hotel_id, image_url, alt_text, sort_order) VALUES (261, 'https://daydreamhub.com/wp-content/uploads/2024/09/KHEDI_067-1.jpg', 'Standard Room A Block – Twin Size Beds / Khedi Hotel, Tbilisi - Image 2', 1);
INSERT INTO hotel_images (hotel_id, image_url, alt_text, sort_order) VALUES (261, 'https://daydreamhub.com/wp-content/uploads/2024/09/KHEDI_117.jpg', 'Standard Room A Block – Twin Size Beds / Khedi Hotel, Tbilisi - Image 3', 2);
INSERT INTO hotels (id, name, slug, description, city, country, address, rating, thumbnail_url, categories, amenities, property_type, is_active) VALUES (262, 'Olalani Resort & Condotel / Deluxe Ocean Twin', 'olalani-resort-condotel-deluxe-ocean-twin', 'Discover the perfect blend of natural beauty and comfort in our Deluxe Ocean View Room at Olalani Resort & Condotel. Gaze out at the stunning ocean view framed by the gentle sway of coconut trees, creating a picturesque and calming ambiance.', 'Da Nang', 'Vietnam', '', 9, 'https://daydreamhub.com/wp-content/uploads/2024/09/568032_14090611110021913461.jpeg', '["early_check-in","for_work","transit_use"]', '["Currency Exchange","Elevator in Building","Laundry Service","Luggage Storage","Massage","Pool","Sauna","Wheelchair Accessible","Air Conditioner (Cooling)","Bathtub","Coffee maker","Desk/Workspace","Electric pot","Free Wi-Fi","Hair Dryer","Shampoo","Shower","TEL","Toothbrush","Towels","TV"]', 'Hotel', 1);
INSERT INTO plans (hotel_id, name, description, price_usd, check_in_time, check_out_time, plan_type, max_guests, is_active) VALUES (262, '【6H】Daytime(prepayment)', '', 1500000, '10:00', '14:00', 'early_check-in', 2, 1);
INSERT INTO plans (hotel_id, name, description, price_usd, check_in_time, check_out_time, plan_type, max_guests, is_active) VALUES (262, '【10H】Halfday(prepayment)', '', 1800000, '10:00', '20:00', 'early_check-in', 2, 1);
INSERT INTO plans (hotel_id, name, description, price_usd, check_in_time, check_out_time, plan_type, max_guests, is_active) VALUES (262, '【22H】Overnight(prepayment)', '', 2400000, '12:00', '14:00', 'overnight', 2, 1);
INSERT INTO hotel_images (hotel_id, image_url, alt_text, sort_order) VALUES (262, 'https://daydreamhub.com/wp-content/uploads/2024/09/568032_14090611110021913461.jpeg', 'Olalani Resort & Condotel / Deluxe Ocean Twin - Image 1', 0);
INSERT INTO hotel_images (hotel_id, image_url, alt_text, sort_order) VALUES (262, 'https://daydreamhub.com/wp-content/uploads/2024/09/568032_14090611110021913466.jpeg', 'Olalani Resort & Condotel / Deluxe Ocean Twin - Image 2', 1);
INSERT INTO hotel_images (hotel_id, image_url, alt_text, sort_order) VALUES (262, 'https://daydreamhub.com/wp-content/uploads/2024/09/568032_14090611110021913484.jpeg', 'Olalani Resort & Condotel / Deluxe Ocean Twin - Image 3', 2);
INSERT INTO hotel_images (hotel_id, image_url, alt_text, sort_order) VALUES (262, 'https://daydreamhub.com/wp-content/uploads/2024/09/9b1e331d28f27be3f8bfc88b45e020f9.jpeg', 'Olalani Resort & Condotel / Deluxe Ocean Twin - Image 4', 3);
INSERT INTO hotel_images (hotel_id, image_url, alt_text, sort_order) VALUES (262, 'https://daydreamhub.com/wp-content/uploads/2024/09/568032_14090611100021913449.jpeg', 'Olalani Resort & Condotel / Deluxe Ocean Twin - Image 5', 4);
INSERT INTO hotel_images (hotel_id, image_url, alt_text, sort_order) VALUES (262, 'https://daydreamhub.com/wp-content/uploads/2024/09/568032_15041010570026803173.jpeg', 'Olalani Resort & Condotel / Deluxe Ocean Twin - Image 6', 5);
INSERT INTO hotels (id, name, slug, description, city, country, address, rating, thumbnail_url, categories, amenities, property_type, is_active) VALUES (263, 'Holiday Beach Hotel Danang / Superior Room', 'holiday-beach-hotel-danang-superior-twin-room', 'Boasting a rooftop swimming pool, beach club and bar, Holiday Beach Hotel Danang offers elegantly furnished rooms that offers magnificent views of the ocean and the iconic My Khe Beach. An array of dining options are available at the 4 different restaurants, featuring delicacies ranging from international delights to traditional Vietnamese cuisine.

All rooms at the property are furnished with contemporary décor. In-room facilities include a flat-screen TV, ample seating area and work space. The en suite private bathrooms are equipped with a bath or shower and free toiletries. You will find slippers and fluffy bathrobes for your convenience.

The property features a spa and wellness center, where guests are able to enjoy rejuvenating spa treatments. Exercising can be done at the fitness center, and the property also has a business center and banquet. Bilingual staff at the 24-hour front desk are willing to assist with a variety of services, including private check-in or check-out, luggage storage and tour desk. Car rental and airport transfers can be arranged upon request at an additional charge.

Adjacent to Downtown Da Nang, the property is also a 15-minute drive away from Da Nang International Airport. The popular Hoi An Ancient Town is a 20 minute drive away, while the Da Nang Train Station is a 14-minute drive away. Free WiFi can be accessed throughout the resort and free public parking is also available on site.

Activity tickets are available with the price below.
 – Pool Ticket : 9.9 USD / person
 – Pool with Hitea : 11.9 USD / person
 Additional fee above will be collected at the check in', 'Da Nang', 'Vietnam', '', 0, 'https://daydreamhub.com/wp-content/uploads/2024/12/hitea-Superior-Twin-1.jpg', '["early_check-in","for_work","transit_use"]', '["Bar / Restaurant","Elevator in Building","Fax","Gym","Laundry Service","Luggage Storage","Massage","Parking on Premises","Pool","Sauna","Electric pot","Free Wi-Fi","Projector(s)","Shampoo","Shower","Toothbrush","Towels","TV"]', 'Hotel', 1);
INSERT INTO plans (hotel_id, name, description, price_usd, check_in_time, check_out_time, plan_type, max_guests, is_active) VALUES (263, '【6H】Morning(prepayment)', '', 40, '6:00', '12:00', 'early_check-in', 2, 1);
INSERT INTO plans (hotel_id, name, description, price_usd, check_in_time, check_out_time, plan_type, max_guests, is_active) VALUES (263, '【6H】Afternoon with Hitea(prepayment)', '', 40, '12:00', '18:00', 'early_check-in', 2, 1);
INSERT INTO plans (hotel_id, name, description, price_usd, check_in_time, check_out_time, plan_type, max_guests, is_active) VALUES (263, '【22H】Overnight with Breakfast(prepayment)', '', 53, '14:00', '12:00', 'overnight', 2, 1);
INSERT INTO hotel_images (hotel_id, image_url, alt_text, sort_order) VALUES (263, 'https://daydreamhub.com/wp-content/uploads/2024/12/hitea-Superior-Twin-1.jpg', 'Holiday Beach Hotel Danang / Superior Room - Image 1', 0);
INSERT INTO hotel_images (hotel_id, image_url, alt_text, sort_order) VALUES (263, 'https://daydreamhub.com/wp-content/uploads/2024/12/hitea-Superior-Double-4.jpg', 'Holiday Beach Hotel Danang / Superior Room - Image 2', 1);
INSERT INTO hotel_images (hotel_id, image_url, alt_text, sort_order) VALUES (263, 'https://daydreamhub.com/wp-content/uploads/2024/12/Superior-Twin-Bathroom-1.jpg', 'Holiday Beach Hotel Danang / Superior Room - Image 3', 2);
INSERT INTO hotel_images (hotel_id, image_url, alt_text, sort_order) VALUES (263, 'https://daydreamhub.com/wp-content/uploads/2024/12/HB-AT-3.jpg', 'Holiday Beach Hotel Danang / Superior Room - Image 4', 3);
INSERT INTO hotel_images (hotel_id, image_url, alt_text, sort_order) VALUES (263, 'https://daydreamhub.com/wp-content/uploads/2024/12/Superior-Twin-Bathroom-3.jpg', 'Holiday Beach Hotel Danang / Superior Room - Image 5', 4);
INSERT INTO hotel_images (hotel_id, image_url, alt_text, sort_order) VALUES (263, 'https://daydreamhub.com/wp-content/uploads/2024/12/Superior-Twin-2.jpg', 'Holiday Beach Hotel Danang / Superior Room - Image 6', 5);
INSERT INTO hotel_images (hotel_id, image_url, alt_text, sort_order) VALUES (263, 'https://daydreamhub.com/wp-content/uploads/2024/12/Superior-Twin-3.jpg', 'Holiday Beach Hotel Danang / Superior Room - Image 7', 6);
INSERT INTO hotel_images (hotel_id, image_url, alt_text, sort_order) VALUES (263, 'https://daydreamhub.com/wp-content/uploads/2024/12/Superior-Twin-Bathroom-2.jpg', 'Holiday Beach Hotel Danang / Superior Room - Image 8', 7);
INSERT INTO hotel_images (hotel_id, image_url, alt_text, sort_order) VALUES (263, 'https://daydreamhub.com/wp-content/uploads/2024/12/Room-aminities.jpg', 'Holiday Beach Hotel Danang / Superior Room - Image 9', 8);
INSERT INTO hotel_images (hotel_id, image_url, alt_text, sort_order) VALUES (263, 'https://daydreamhub.com/wp-content/uploads/2024/12/Superior-Twin-View.jpg', 'Holiday Beach Hotel Danang / Superior Room - Image 10', 9);
INSERT INTO hotel_images (hotel_id, image_url, alt_text, sort_order) VALUES (263, 'https://daydreamhub.com/wp-content/uploads/2024/12/Superior-Twin-7.jpg', 'Holiday Beach Hotel Danang / Superior Room - Image 11', 10);
INSERT INTO hotel_images (hotel_id, image_url, alt_text, sort_order) VALUES (263, 'https://daydreamhub.com/wp-content/uploads/2024/12/Superior-Twin-6.jpg', 'Holiday Beach Hotel Danang / Superior Room - Image 12', 11);
INSERT INTO hotel_images (hotel_id, image_url, alt_text, sort_order) VALUES (263, 'https://daydreamhub.com/wp-content/uploads/2024/12/Superior-Twin-4.jpg', 'Holiday Beach Hotel Danang / Superior Room - Image 13', 12);
INSERT INTO hotel_images (hotel_id, image_url, alt_text, sort_order) VALUES (263, 'https://daydreamhub.com/wp-content/uploads/2024/12/Superior-Twin-5.jpg', 'Holiday Beach Hotel Danang / Superior Room - Image 14', 13);
INSERT INTO hotel_images (hotel_id, image_url, alt_text, sort_order) VALUES (263, 'https://daydreamhub.com/wp-content/uploads/2024/12/Superior-Twin-1.jpg', 'Holiday Beach Hotel Danang / Superior Room - Image 15', 14);
INSERT INTO hotel_images (hotel_id, image_url, alt_text, sort_order) VALUES (263, 'https://daydreamhub.com/wp-content/uploads/2024/12/Superior-Double-Bathroom-3.jpg', 'Holiday Beach Hotel Danang / Superior Room - Image 16', 15);
INSERT INTO hotel_images (hotel_id, image_url, alt_text, sort_order) VALUES (263, 'https://daydreamhub.com/wp-content/uploads/2024/12/Superior-Double-4.jpg', 'Holiday Beach Hotel Danang / Superior Room - Image 17', 16);
INSERT INTO hotel_images (hotel_id, image_url, alt_text, sort_order) VALUES (263, 'https://daydreamhub.com/wp-content/uploads/2024/12/Superior-Double-View.jpg', 'Holiday Beach Hotel Danang / Superior Room - Image 18', 17);
INSERT INTO hotel_images (hotel_id, image_url, alt_text, sort_order) VALUES (263, 'https://daydreamhub.com/wp-content/uploads/2024/12/Superior-Double-5.jpg', 'Holiday Beach Hotel Danang / Superior Room - Image 19', 18);
INSERT INTO hotel_images (hotel_id, image_url, alt_text, sort_order) VALUES (263, 'https://daydreamhub.com/wp-content/uploads/2024/12/Superior-Double-Bathroom-2.jpg', 'Holiday Beach Hotel Danang / Superior Room - Image 20', 19);
INSERT INTO hotel_images (hotel_id, image_url, alt_text, sort_order) VALUES (263, 'https://daydreamhub.com/wp-content/uploads/2024/12/Superior-Double-1.jpg', 'Holiday Beach Hotel Danang / Superior Room - Image 21', 20);
INSERT INTO hotel_images (hotel_id, image_url, alt_text, sort_order) VALUES (263, 'https://daydreamhub.com/wp-content/uploads/2024/12/Superior-Double-3.jpg', 'Holiday Beach Hotel Danang / Superior Room - Image 22', 21);
INSERT INTO hotels (id, name, slug, description, city, country, address, rating, thumbnail_url, categories, amenities, property_type, is_active) VALUES (264, 'Serene Beach Danang Hotel / Superior Room', 'serene-beach-danang-hotel-premier-twin-room-with-sea-view', 'Located opposite of My Khe Beach in Da Nang, Serene Danang Hotel has an outdoor pool and views of the sea, and guests can enjoy a meal at the restaurant or a drink at the bar.

Each room is equipped with a flat-screen TV. You will find a kettle in the room. The rooms come with a private bathroom equipped with a bath or shower. For your comfort, you will find bath robes and slippers. Serene Danang Hotel features free WiFi access throughout the property.

The hotel also offers car rental and tour services. It is 0.9 mi from Monkey Mountain. Cham Museum is 1.9 mi from Serene Danang Hotel, while Song Han Bridge / Han River Bridge is 3.1 mi away. The Dragon Bridge is about a 5-minute drive away. The nearest airport is Da Nang International Airport, 3.7 mi from the property.', 'Da Nang', 'Vietnam', '', 0, 'https://daydreamhub.com/wp-content/uploads/2024/12/DHP6124.jpg', '["early_check-in","for_work","transit_use"]', '["Bar / Restaurant","Currency Exchange","Elevator in Building","Fax","Gym","Laundry Service","Luggage Storage","Massage","Parking on Premises","Pool","Sauna","Wheelchair Accessible","Air Conditioner (Cooling)","Bathtub","Desk/Workspace","Electric pot","Free Wi-Fi","Hair Dryer","Night wear","Shampoo","Shower","TEL","Toothbrush","Towels","TV"]', 'Hotel', 1);
INSERT INTO plans (hotel_id, name, description, price_usd, check_in_time, check_out_time, plan_type, max_guests, is_active) VALUES (264, '【6H】Morning(prepayment)', '', 28, '6:00', '12:00', 'early_check-in', 2, 1);
INSERT INTO plans (hotel_id, name, description, price_usd, check_in_time, check_out_time, plan_type, max_guests, is_active) VALUES (264, '【6H】Daytime(prepayment)', '', 28, '12:00', '18:00', 'early_check-in', 2, 1);
INSERT INTO plans (hotel_id, name, description, price_usd, check_in_time, check_out_time, plan_type, max_guests, is_active) VALUES (264, '【22H】Overnight with Breakfast(prepayment)', '', 41, '14:00', '12:00', 'overnight', 2, 1);
INSERT INTO hotel_images (hotel_id, image_url, alt_text, sort_order) VALUES (264, 'https://daydreamhub.com/wp-content/uploads/2024/12/DHP6124.jpg', 'Serene Beach Danang Hotel / Superior Room - Image 1', 0);
INSERT INTO hotel_images (hotel_id, image_url, alt_text, sort_order) VALUES (264, 'https://daydreamhub.com/wp-content/uploads/2024/12/DHP6063.jpg', 'Serene Beach Danang Hotel / Superior Room - Image 2', 1);
INSERT INTO hotel_images (hotel_id, image_url, alt_text, sort_order) VALUES (264, 'https://daydreamhub.com/wp-content/uploads/2024/12/DHP6047.jpg', 'Serene Beach Danang Hotel / Superior Room - Image 3', 2);
INSERT INTO hotel_images (hotel_id, image_url, alt_text, sort_order) VALUES (264, 'https://daydreamhub.com/wp-content/uploads/2024/12/DHP6262.jpg', 'Serene Beach Danang Hotel / Superior Room - Image 4', 3);
INSERT INTO hotel_images (hotel_id, image_url, alt_text, sort_order) VALUES (264, 'https://daydreamhub.com/wp-content/uploads/2024/12/DHP6420.jpg', 'Serene Beach Danang Hotel / Superior Room - Image 5', 4);
INSERT INTO hotel_images (hotel_id, image_url, alt_text, sort_order) VALUES (264, 'https://daydreamhub.com/wp-content/uploads/2024/12/DHP6353.jpg', 'Serene Beach Danang Hotel / Superior Room - Image 6', 5);
INSERT INTO hotel_images (hotel_id, image_url, alt_text, sort_order) VALUES (264, 'https://daydreamhub.com/wp-content/uploads/2024/12/DHP6224.jpg', 'Serene Beach Danang Hotel / Superior Room - Image 7', 6);
INSERT INTO hotel_images (hotel_id, image_url, alt_text, sort_order) VALUES (264, 'https://daydreamhub.com/wp-content/uploads/2024/12/DHP6365.jpg', 'Serene Beach Danang Hotel / Superior Room - Image 8', 7);
INSERT INTO hotel_images (hotel_id, image_url, alt_text, sort_order) VALUES (264, 'https://daydreamhub.com/wp-content/uploads/2024/12/DHP6309.jpg', 'Serene Beach Danang Hotel / Superior Room - Image 9', 8);
INSERT INTO hotel_images (hotel_id, image_url, alt_text, sort_order) VALUES (264, 'https://daydreamhub.com/wp-content/uploads/2024/12/DHP6229.jpg', 'Serene Beach Danang Hotel / Superior Room - Image 10', 9);
INSERT INTO hotel_images (hotel_id, image_url, alt_text, sort_order) VALUES (264, 'https://daydreamhub.com/wp-content/uploads/2024/12/DHP6197.jpg', 'Serene Beach Danang Hotel / Superior Room - Image 11', 10);
INSERT INTO hotel_images (hotel_id, image_url, alt_text, sort_order) VALUES (264, 'https://daydreamhub.com/wp-content/uploads/2024/12/DHP6492.jpg', 'Serene Beach Danang Hotel / Superior Room - Image 12', 11);
INSERT INTO hotel_images (hotel_id, image_url, alt_text, sort_order) VALUES (264, 'https://daydreamhub.com/wp-content/uploads/2024/12/DHP6340.jpg', 'Serene Beach Danang Hotel / Superior Room - Image 13', 12);
INSERT INTO hotel_images (hotel_id, image_url, alt_text, sort_order) VALUES (264, 'https://daydreamhub.com/wp-content/uploads/2024/12/DHP6476.jpg', 'Serene Beach Danang Hotel / Superior Room - Image 14', 13);
INSERT INTO hotel_images (hotel_id, image_url, alt_text, sort_order) VALUES (264, 'https://daydreamhub.com/wp-content/uploads/2024/12/DHP6213.jpg', 'Serene Beach Danang Hotel / Superior Room - Image 15', 14);
INSERT INTO hotels (id, name, slug, description, city, country, address, rating, thumbnail_url, categories, amenities, property_type, is_active) VALUES (265, 'Yarra Ocean Suites Danang / Superior Room', 'yarra-ocean-suites-danang-superior-room', 'Located in Da Nang and a minute’s walk from the beach, Yarra Ocean Suites Danang features a spa center, sauna room and hot tub. The hotel has an outdoor pool and views of the sea, and guests can enjoy a meal at the restaurant or a drink at the bar. Free WiFi is offered throughout the property.

Each room at this hotel is air conditioned and is equipped with a flat-screen TV with cable channels. Certain units have a seating area where you can relax.

Yarra Ocean Suites Danang features free WiFi throughout the property. You will find a 24-hour front desk and gift shop at the property.

Love Lock Bridge Da Nang is 1.6 mi from Yarra Ocean Suites Danang, while Cham Museum is 1.9 mi from the property. Da Nang International Airport is 3.1 mi away.

!!! [Overnight plan] inclusive Breakfast for 02 pax.', 'Da Nang', 'Vietnam', '', 0, 'https://daydreamhub.com/wp-content/uploads/2024/12/DHP3972.jpg', '["early_check-in","for_work","transit_use"]', '["Bar / Restaurant","Currency Exchange","Fax","Gym","Laundry Service","Luggage Storage","Massage","Pool","Sauna","Air Conditioner (Cooling)","Desk/Workspace","Electric pot","Free Wi-Fi","Hair Dryer","Shampoo","Shower","Toothbrush","Towels","TV"]', 'Hotel', 1);
INSERT INTO plans (hotel_id, name, description, price_usd, check_in_time, check_out_time, plan_type, max_guests, is_active) VALUES (265, '【6H】Morning(prepayment)', '', 23, '6:00', '12:00', 'early_check-in', 2, 1);
INSERT INTO plans (hotel_id, name, description, price_usd, check_in_time, check_out_time, plan_type, max_guests, is_active) VALUES (265, '【6H】Afternoon(prepayment)', '', 23, '12:00', '18:00', 'early_check-in', 2, 1);
INSERT INTO plans (hotel_id, name, description, price_usd, check_in_time, check_out_time, plan_type, max_guests, is_active) VALUES (265, '【22H】Overnight with breakfast(prepayment)', '', 37, '14:00', '12:00', 'overnight', 2, 1);
INSERT INTO hotel_images (hotel_id, image_url, alt_text, sort_order) VALUES (265, 'https://daydreamhub.com/wp-content/uploads/2024/12/DHP3972.jpg', 'Yarra Ocean Suites Danang / Superior Room - Image 1', 0);
INSERT INTO hotel_images (hotel_id, image_url, alt_text, sort_order) VALUES (265, 'https://daydreamhub.com/wp-content/uploads/2024/12/DHP3997.jpg', 'Yarra Ocean Suites Danang / Superior Room - Image 2', 1);
INSERT INTO hotel_images (hotel_id, image_url, alt_text, sort_order) VALUES (265, 'https://daydreamhub.com/wp-content/uploads/2024/12/DHP4129.jpg', 'Yarra Ocean Suites Danang / Superior Room - Image 3', 2);
INSERT INTO hotel_images (hotel_id, image_url, alt_text, sort_order) VALUES (265, 'https://daydreamhub.com/wp-content/uploads/2024/12/DHP4010.jpg', 'Yarra Ocean Suites Danang / Superior Room - Image 4', 3);
INSERT INTO hotel_images (hotel_id, image_url, alt_text, sort_order) VALUES (265, 'https://daydreamhub.com/wp-content/uploads/2024/12/DHP4382.jpg', 'Yarra Ocean Suites Danang / Superior Room - Image 5', 4);
INSERT INTO hotel_images (hotel_id, image_url, alt_text, sort_order) VALUES (265, 'https://daydreamhub.com/wp-content/uploads/2024/12/DHP4115.jpg', 'Yarra Ocean Suites Danang / Superior Room - Image 6', 5);
INSERT INTO hotel_images (hotel_id, image_url, alt_text, sort_order) VALUES (265, 'https://daydreamhub.com/wp-content/uploads/2024/12/DHP4417.jpg', 'Yarra Ocean Suites Danang / Superior Room - Image 7', 6);
INSERT INTO hotel_images (hotel_id, image_url, alt_text, sort_order) VALUES (265, 'https://daydreamhub.com/wp-content/uploads/2024/12/DHP4136.jpg', 'Yarra Ocean Suites Danang / Superior Room - Image 8', 7);
INSERT INTO hotel_images (hotel_id, image_url, alt_text, sort_order) VALUES (265, 'https://daydreamhub.com/wp-content/uploads/2024/12/DHP3981.jpg', 'Yarra Ocean Suites Danang / Superior Room - Image 9', 8);
INSERT INTO hotel_images (hotel_id, image_url, alt_text, sort_order) VALUES (265, 'https://daydreamhub.com/wp-content/uploads/2024/12/DHP3989.jpg', 'Yarra Ocean Suites Danang / Superior Room - Image 10', 9);
INSERT INTO hotel_images (hotel_id, image_url, alt_text, sort_order) VALUES (265, 'https://daydreamhub.com/wp-content/uploads/2024/12/DHP4396.jpg', 'Yarra Ocean Suites Danang / Superior Room - Image 11', 10);
INSERT INTO hotel_images (hotel_id, image_url, alt_text, sort_order) VALUES (265, 'https://daydreamhub.com/wp-content/uploads/2024/12/DHP3955.jpg', 'Yarra Ocean Suites Danang / Superior Room - Image 12', 11);
INSERT INTO hotels (id, name, slug, description, city, country, address, rating, thumbnail_url, categories, amenities, property_type, is_active) VALUES (266, 'Pyramids Park Resort Hotel / Duplex Suite', 'pyramids-park-resort-hotel-duplex-suite', 'Pyramids Park Resort Cairo is set in 25 acres of gardens, just 5 minutes drive from the Pyramids. It has a 1750 square yard pool and all its rooms have balconies. The resort offers free WiFi in the rooms and all public areas.

Rooms are offering a view of the landscape gardens and Pyramids area. It includes a furnished balcony and Southern Mediterranean décor that compliments a room featuring 1 king bed and twin beds. It also features free internet access, and marble bath with soaking tub, walk-in shower and deluxe bath amenities.

Guests at Pyramids Park can dine at one of the hotel’s 4 restaurants and dine by the pool. There is also a piano bar offering live music and a discotheque.

The Pyramids Park Resort center offers information, and can arrange activities and local tours.

Rooms are offering a view of the landscape gardens, very close to the New Grand Egyptian Museum and The Pyramids area.', 'Giza', 'Egypt', '', 9, 'https://daydreamhub.com/wp-content/uploads/2024/10/Generic-Photo.jpg', '["early_check-in","for_work","transit_use"]', '["ATM","Bar / Restaurant","Laundry Service","Pool","Air Conditioner (Cooling)","Air Conditioner (Heating)","Bathtub","Coffee maker","Desk/Workspace","Electric pot","Free Wi-Fi","Hair Dryer","Night wear","Refrigerator","TEL","Towels","TV"]', 'Hotel', 1);
INSERT INTO plans (hotel_id, name, description, price_usd, check_in_time, check_out_time, plan_type, max_guests, is_active) VALUES (266, '【8H】Daytime (prepayment)', '', 150, '14:00', '12:00', 'early_check-in', 2, 1);
INSERT INTO hotel_images (hotel_id, image_url, alt_text, sort_order) VALUES (266, 'https://daydreamhub.com/wp-content/uploads/2024/10/Generic-Photo.jpg', 'Pyramids Park Resort Hotel / Duplex Suite - Image 1', 0);
INSERT INTO hotel_images (hotel_id, image_url, alt_text, sort_order) VALUES (266, 'https://daydreamhub.com/wp-content/uploads/2024/10/WhatsApp-Image-2024-08-11-at-12.24.41-PM-4.jpeg', 'Pyramids Park Resort Hotel / Duplex Suite - Image 2', 1);
INSERT INTO hotel_images (hotel_id, image_url, alt_text, sort_order) VALUES (266, 'https://daydreamhub.com/wp-content/uploads/2024/09/468023894.jpg', 'Pyramids Park Resort Hotel / Duplex Suite - Image 3', 2);
INSERT INTO hotel_images (hotel_id, image_url, alt_text, sort_order) VALUES (266, 'https://daydreamhub.com/wp-content/uploads/2024/09/468023564.jpg', 'Pyramids Park Resort Hotel / Duplex Suite - Image 4', 3);
INSERT INTO hotel_images (hotel_id, image_url, alt_text, sort_order) VALUES (266, 'https://daydreamhub.com/wp-content/uploads/2024/09/37619417.jpg', 'Pyramids Park Resort Hotel / Duplex Suite - Image 5', 4);
INSERT INTO hotel_images (hotel_id, image_url, alt_text, sort_order) VALUES (266, 'https://daydreamhub.com/wp-content/uploads/2024/09/77172551.jpg', 'Pyramids Park Resort Hotel / Duplex Suite - Image 6', 5);
INSERT INTO hotel_images (hotel_id, image_url, alt_text, sort_order) VALUES (266, 'https://daydreamhub.com/wp-content/uploads/2024/09/77172587.jpg', 'Pyramids Park Resort Hotel / Duplex Suite - Image 7', 6);
INSERT INTO hotel_images (hotel_id, image_url, alt_text, sort_order) VALUES (266, 'https://daydreamhub.com/wp-content/uploads/2024/09/468022752.jpg', 'Pyramids Park Resort Hotel / Duplex Suite - Image 8', 7);
INSERT INTO hotel_images (hotel_id, image_url, alt_text, sort_order) VALUES (266, 'https://daydreamhub.com/wp-content/uploads/2024/09/468025691.jpg', 'Pyramids Park Resort Hotel / Duplex Suite - Image 9', 8);
INSERT INTO hotel_images (hotel_id, image_url, alt_text, sort_order) VALUES (266, 'https://daydreamhub.com/wp-content/uploads/2024/09/513906929.jpg', 'Pyramids Park Resort Hotel / Duplex Suite - Image 10', 9);
INSERT INTO hotel_images (hotel_id, image_url, alt_text, sort_order) VALUES (266, 'https://daydreamhub.com/wp-content/uploads/2024/09/468026454.jpg', 'Pyramids Park Resort Hotel / Duplex Suite - Image 11', 10);
INSERT INTO hotel_images (hotel_id, image_url, alt_text, sort_order) VALUES (266, 'https://daydreamhub.com/wp-content/uploads/2024/10/224A8502.jpg', 'Pyramids Park Resort Hotel / Duplex Suite - Image 12', 11);
INSERT INTO hotel_images (hotel_id, image_url, alt_text, sort_order) VALUES (266, 'https://daydreamhub.com/wp-content/uploads/2024/10/224A8511.jpg', 'Pyramids Park Resort Hotel / Duplex Suite - Image 13', 12);
INSERT INTO hotel_images (hotel_id, image_url, alt_text, sort_order) VALUES (266, 'https://daydreamhub.com/wp-content/uploads/2024/10/224A8515.jpg', 'Pyramids Park Resort Hotel / Duplex Suite - Image 14', 13);
INSERT INTO hotel_images (hotel_id, image_url, alt_text, sort_order) VALUES (266, 'https://daydreamhub.com/wp-content/uploads/2024/10/224A8533.jpg', 'Pyramids Park Resort Hotel / Duplex Suite - Image 15', 14);
INSERT INTO hotel_images (hotel_id, image_url, alt_text, sort_order) VALUES (266, 'https://daydreamhub.com/wp-content/uploads/2024/10/224A8542.jpg', 'Pyramids Park Resort Hotel / Duplex Suite - Image 16', 15);
INSERT INTO hotel_images (hotel_id, image_url, alt_text, sort_order) VALUES (266, 'https://daydreamhub.com/wp-content/uploads/2024/10/224A8544.jpg', 'Pyramids Park Resort Hotel / Duplex Suite - Image 17', 16);
INSERT INTO hotel_images (hotel_id, image_url, alt_text, sort_order) VALUES (266, 'https://daydreamhub.com/wp-content/uploads/2024/10/224A8589.jpg', 'Pyramids Park Resort Hotel / Duplex Suite - Image 18', 17);
INSERT INTO hotel_images (hotel_id, image_url, alt_text, sort_order) VALUES (266, 'https://daydreamhub.com/wp-content/uploads/2024/10/224A8593.jpg', 'Pyramids Park Resort Hotel / Duplex Suite - Image 19', 18);
INSERT INTO hotel_images (hotel_id, image_url, alt_text, sort_order) VALUES (266, 'https://daydreamhub.com/wp-content/uploads/2024/10/224A8599.jpg', 'Pyramids Park Resort Hotel / Duplex Suite - Image 20', 19);
INSERT INTO hotel_images (hotel_id, image_url, alt_text, sort_order) VALUES (266, 'https://daydreamhub.com/wp-content/uploads/2024/10/224A8623.jpg', 'Pyramids Park Resort Hotel / Duplex Suite - Image 21', 20);
INSERT INTO hotel_images (hotel_id, image_url, alt_text, sort_order) VALUES (266, 'https://daydreamhub.com/wp-content/uploads/2024/10/224A8625.jpg', 'Pyramids Park Resort Hotel / Duplex Suite - Image 22', 21);
INSERT INTO hotel_images (hotel_id, image_url, alt_text, sort_order) VALUES (266, 'https://daydreamhub.com/wp-content/uploads/2024/10/224A8626.jpg', 'Pyramids Park Resort Hotel / Duplex Suite - Image 23', 22);
INSERT INTO hotel_images (hotel_id, image_url, alt_text, sort_order) VALUES (266, 'https://daydreamhub.com/wp-content/uploads/2024/10/224A8628.jpg', 'Pyramids Park Resort Hotel / Duplex Suite - Image 24', 23);
INSERT INTO hotel_images (hotel_id, image_url, alt_text, sort_order) VALUES (266, 'https://daydreamhub.com/wp-content/uploads/2024/10/224A8631.jpg', 'Pyramids Park Resort Hotel / Duplex Suite - Image 25', 24);
INSERT INTO hotel_images (hotel_id, image_url, alt_text, sort_order) VALUES (266, 'https://daydreamhub.com/wp-content/uploads/2024/10/224A8657.jpg', 'Pyramids Park Resort Hotel / Duplex Suite - Image 26', 25);
INSERT INTO hotel_images (hotel_id, image_url, alt_text, sort_order) VALUES (266, 'https://daydreamhub.com/wp-content/uploads/2024/10/224A8709.jpg', 'Pyramids Park Resort Hotel / Duplex Suite - Image 27', 26);
INSERT INTO hotel_images (hotel_id, image_url, alt_text, sort_order) VALUES (266, 'https://daydreamhub.com/wp-content/uploads/2024/10/224A8738.jpg', 'Pyramids Park Resort Hotel / Duplex Suite - Image 28', 27);
INSERT INTO hotel_images (hotel_id, image_url, alt_text, sort_order) VALUES (266, 'https://daydreamhub.com/wp-content/uploads/2024/10/224A8746.jpg', 'Pyramids Park Resort Hotel / Duplex Suite - Image 29', 28);
INSERT INTO hotel_images (hotel_id, image_url, alt_text, sort_order) VALUES (266, 'https://daydreamhub.com/wp-content/uploads/2024/10/Bathroom-Ameneties.jpg', 'Pyramids Park Resort Hotel / Duplex Suite - Image 30', 29);
INSERT INTO hotel_images (hotel_id, image_url, alt_text, sort_order) VALUES (266, 'https://daydreamhub.com/wp-content/uploads/2024/10/Cabana-on-pool-2.jpg', 'Pyramids Park Resort Hotel / Duplex Suite - Image 31', 30);
INSERT INTO hotel_images (hotel_id, image_url, alt_text, sort_order) VALUES (266, 'https://daydreamhub.com/wp-content/uploads/2024/10/Cabanas-on-pool.jpg', 'Pyramids Park Resort Hotel / Duplex Suite - Image 32', 31);
INSERT INTO hotel_images (hotel_id, image_url, alt_text, sort_order) VALUES (266, 'https://daydreamhub.com/wp-content/uploads/2024/10/Double-Room.jpg', 'Pyramids Park Resort Hotel / Duplex Suite - Image 33', 32);
INSERT INTO hotel_images (hotel_id, image_url, alt_text, sort_order) VALUES (266, 'https://daydreamhub.com/wp-content/uploads/2024/10/WhatsApp-Image-2024-07-16-at-14.12.11-2.jpeg', 'Pyramids Park Resort Hotel / Duplex Suite - Image 34', 33);
INSERT INTO hotel_images (hotel_id, image_url, alt_text, sort_order) VALUES (266, 'https://daydreamhub.com/wp-content/uploads/2024/10/WhatsApp-Image-2024-07-16-at-14.12.11-4.jpeg', 'Pyramids Park Resort Hotel / Duplex Suite - Image 35', 34);
INSERT INTO hotel_images (hotel_id, image_url, alt_text, sort_order) VALUES (266, 'https://daydreamhub.com/wp-content/uploads/2024/10/WhatsApp-Image-2024-07-16-at-14.12.11-5.jpeg', 'Pyramids Park Resort Hotel / Duplex Suite - Image 36', 35);
INSERT INTO hotel_images (hotel_id, image_url, alt_text, sort_order) VALUES (266, 'https://daydreamhub.com/wp-content/uploads/2024/10/WhatsApp-Image-2024-07-16-at-14.12.48-1.jpeg', 'Pyramids Park Resort Hotel / Duplex Suite - Image 37', 36);
INSERT INTO hotel_images (hotel_id, image_url, alt_text, sort_order) VALUES (266, 'https://daydreamhub.com/wp-content/uploads/2024/10/WhatsApp-Image-2024-07-16-at-14.12.48-3.jpeg', 'Pyramids Park Resort Hotel / Duplex Suite - Image 38', 37);
INSERT INTO hotel_images (hotel_id, image_url, alt_text, sort_order) VALUES (266, 'https://daydreamhub.com/wp-content/uploads/2024/10/WhatsApp-Image-2024-07-16-at-14.12.48-4.jpeg', 'Pyramids Park Resort Hotel / Duplex Suite - Image 39', 38);
INSERT INTO hotel_images (hotel_id, image_url, alt_text, sort_order) VALUES (266, 'https://daydreamhub.com/wp-content/uploads/2024/10/WhatsApp-Image-2024-07-16-at-14.12.48-5.jpeg', 'Pyramids Park Resort Hotel / Duplex Suite - Image 40', 39);
INSERT INTO hotel_images (hotel_id, image_url, alt_text, sort_order) VALUES (266, 'https://daydreamhub.com/wp-content/uploads/2024/10/Minibar.jpg', 'Pyramids Park Resort Hotel / Duplex Suite - Image 41', 40);
INSERT INTO hotel_images (hotel_id, image_url, alt_text, sort_order) VALUES (266, 'https://daydreamhub.com/wp-content/uploads/2024/10/Le-Pistou-Restaurant.jpg', 'Pyramids Park Resort Hotel / Duplex Suite - Image 42', 41);
INSERT INTO hotel_images (hotel_id, image_url, alt_text, sort_order) VALUES (266, 'https://daydreamhub.com/wp-content/uploads/2024/10/Lobby-Area.jpg', 'Pyramids Park Resort Hotel / Duplex Suite - Image 43', 42);
INSERT INTO hotel_images (hotel_id, image_url, alt_text, sort_order) VALUES (266, 'https://daydreamhub.com/wp-content/uploads/2024/10/Le-Pistou-Restaurant-2.jpg', 'Pyramids Park Resort Hotel / Duplex Suite - Image 44', 43);
INSERT INTO hotel_images (hotel_id, image_url, alt_text, sort_order) VALUES (266, 'https://daydreamhub.com/wp-content/uploads/2024/10/Green-Area.jpg', 'Pyramids Park Resort Hotel / Duplex Suite - Image 45', 44);
INSERT INTO hotel_images (hotel_id, image_url, alt_text, sort_order) VALUES (266, 'https://daydreamhub.com/wp-content/uploads/2024/10/Rooms-Blocks.jpg', 'Pyramids Park Resort Hotel / Duplex Suite - Image 46', 45);
INSERT INTO hotel_images (hotel_id, image_url, alt_text, sort_order) VALUES (266, 'https://daydreamhub.com/wp-content/uploads/2024/10/Reception-Area.jpg', 'Pyramids Park Resort Hotel / Duplex Suite - Image 47', 46);
INSERT INTO hotel_images (hotel_id, image_url, alt_text, sort_order) VALUES (266, 'https://daydreamhub.com/wp-content/uploads/2024/10/Pool.jpg', 'Pyramids Park Resort Hotel / Duplex Suite - Image 48', 47);
INSERT INTO hotel_images (hotel_id, image_url, alt_text, sort_order) VALUES (266, 'https://daydreamhub.com/wp-content/uploads/2024/10/Safe-Box.jpg', 'Pyramids Park Resort Hotel / Duplex Suite - Image 49', 48);
INSERT INTO hotel_images (hotel_id, image_url, alt_text, sort_order) VALUES (266, 'https://daydreamhub.com/wp-content/uploads/2024/10/Rooms-Bathroom.jpg', 'Pyramids Park Resort Hotel / Duplex Suite - Image 50', 49);
INSERT INTO hotel_images (hotel_id, image_url, alt_text, sort_order) VALUES (266, 'https://daydreamhub.com/wp-content/uploads/2024/10/lobby.jpg', 'Pyramids Park Resort Hotel / Duplex Suite - Image 51', 50);
INSERT INTO hotels (id, name, slug, description, city, country, address, rating, thumbnail_url, categories, amenities, property_type, is_active) VALUES (267, 'Lotus Suite Room /  Park Regis Lotus Hotel', 'lotus-suite-room-park-regis-lotus-hotel', 'Lotus Suite Room: This spacious suite spans over 55 square meters and features a comfortable living room for you to relax in. You can enjoy all the modern amenities such as Wi-Fi, tea and coffee makers, a mini bar, and a cabled TV with 43 inches in this suite. Additionally, a safety box is available in the room for your peace of mind.', 'Manama', 'Bahrain', '', 0, 'https://daydreamhub.com/wp-content/uploads/2024/08/LOTUS-ROOM.jpg', '["daycation","for_couple","personal_time","transit_use"]', '["Bar / Restaurant","Currency Exchange","Elevator in Building","Fax","Gym","Laundry Service","Luggage Storage","Massage","Parking on Premises","Pool","Wheelchair Accessible","Air Conditioner (Cooling)","Air Conditioner (Heating)","Bathtub","Coffee maker","Desk/Workspace","Electric pot","Free Wi-Fi","Hair Dryer","Kitchen","Projector(s)","Refrigerator","Scanner / Printer","Shampoo","Shower","TEL","Toothbrush","Towels","TV"]', 'Hotel', 1);
INSERT INTO plans (hotel_id, name, description, price_usd, check_in_time, check_out_time, plan_type, max_guests, is_active) VALUES (267, 'Morning(prepayment)', '', 104, '6:00', '12:00', 'daycation', 2, 1);
INSERT INTO plans (hotel_id, name, description, price_usd, check_in_time, check_out_time, plan_type, max_guests, is_active) VALUES (267, 'DayTime (prepayment)', '', 104, '10:00', '16:00', 'daycation', 2, 1);
INSERT INTO hotel_images (hotel_id, image_url, alt_text, sort_order) VALUES (267, 'https://daydreamhub.com/wp-content/uploads/2024/08/LOTUS-ROOM.jpg', 'Lotus Suite Room /  Park Regis Lotus Hotel - Image 1', 0);
INSERT INTO hotel_images (hotel_id, image_url, alt_text, sort_order) VALUES (267, 'https://daydreamhub.com/wp-content/uploads/2024/09/POOL1.jpg', 'Lotus Suite Room /  Park Regis Lotus Hotel - Image 2', 1);
INSERT INTO hotel_images (hotel_id, image_url, alt_text, sort_order) VALUES (267, 'https://daydreamhub.com/wp-content/uploads/2024/09/Gym-2.jpg', 'Lotus Suite Room /  Park Regis Lotus Hotel - Image 3', 2);
INSERT INTO hotel_images (hotel_id, image_url, alt_text, sort_order) VALUES (267, 'https://daydreamhub.com/wp-content/uploads/2024/08/BATHROOM-3.jpg', 'Lotus Suite Room /  Park Regis Lotus Hotel - Image 4', 3);
INSERT INTO hotel_images (hotel_id, image_url, alt_text, sort_order) VALUES (267, 'https://daydreamhub.com/wp-content/uploads/2024/08/DSC09192.jpg', 'Lotus Suite Room /  Park Regis Lotus Hotel - Image 5', 4);
INSERT INTO hotel_images (hotel_id, image_url, alt_text, sort_order) VALUES (267, 'https://daydreamhub.com/wp-content/uploads/2024/08/J3-3.jpg', 'Lotus Suite Room /  Park Regis Lotus Hotel - Image 6', 5);
INSERT INTO hotel_images (hotel_id, image_url, alt_text, sort_order) VALUES (267, 'https://daydreamhub.com/wp-content/uploads/2024/08/LS.jpg', 'Lotus Suite Room /  Park Regis Lotus Hotel - Image 7', 6);
INSERT INTO hotel_images (hotel_id, image_url, alt_text, sort_order) VALUES (267, 'https://daydreamhub.com/wp-content/uploads/2024/09/OUTDOOR-POOL.jpg', 'Lotus Suite Room /  Park Regis Lotus Hotel - Image 8', 7);
INSERT INTO hotels (id, name, slug, description, city, country, address, rating, thumbnail_url, categories, amenities, property_type, is_active) VALUES (268, 'Deluxe Twin/Double / Park Regis Lotus Hotel', 'deluxe-twin-double-park-regis-lotus-hotel', 'Our Deluxe Room Twin/ Double Rooms offers a comfortable and spacious accommodation featuring two separate single beds, making it the perfect choice for friends or colleagues traveling together. The room spans 39 square meters, providing ample space to relax and unwind.

Room Amenities:
 – Two separate single beds
 – Air conditioning
 – Flat-screen TV
 – Mini-bar
 – Coffee/tea making facilities
 – Work desk
 – Complimentary Wi-Fi
 – Ensuite bathroom with shower and bathtub
 – Hairdryer
 – In-room safe
 – Iron and ironing board

Experience a restful stay in our Deluxe Room Twin/Double, designed to cater to your comfort and convenience.', 'Manama', 'Bahrain', '', 0, 'https://daydreamhub.com/wp-content/uploads/2024/09/DLX-DBL.jpg', '["daycation","for_couple","personal_time","transit_use"]', '["Bar / Restaurant","Currency Exchange","Elevator in Building","Fax","Gym","Laundry Service","Luggage Storage","Massage","Parking on Premises","Pool","Wheelchair Accessible","Air Conditioner (Cooling)","Air Conditioner (Heating)","Bathtub","Coffee maker","Desk/Workspace","Electric pot","Free Wi-Fi","Hair Dryer","Kitchen","Projector(s)","Refrigerator","Scanner / Printer","Shampoo","Shower","TEL","Toothbrush","Towels","TV"]', 'Hotel', 1);
INSERT INTO plans (hotel_id, name, description, price_usd, check_in_time, check_out_time, plan_type, max_guests, is_active) VALUES (268, 'Morning(prepayment)', '', 66, '6:00', '12:00', 'daycation', 2, 1);
INSERT INTO plans (hotel_id, name, description, price_usd, check_in_time, check_out_time, plan_type, max_guests, is_active) VALUES (268, 'DayTime(prepayment)', '', 66, '10:00', '16:00', 'daycation', 2, 1);
INSERT INTO hotel_images (hotel_id, image_url, alt_text, sort_order) VALUES (268, 'https://daydreamhub.com/wp-content/uploads/2024/09/DLX-DBL.jpg', 'Deluxe Twin/Double / Park Regis Lotus Hotel - Image 1', 0);
INSERT INTO hotel_images (hotel_id, image_url, alt_text, sort_order) VALUES (268, 'https://daydreamhub.com/wp-content/uploads/2024/08/BATHROOM-2.jpg', 'Deluxe Twin/Double / Park Regis Lotus Hotel - Image 2', 1);
INSERT INTO hotel_images (hotel_id, image_url, alt_text, sort_order) VALUES (268, 'https://daydreamhub.com/wp-content/uploads/2024/08/DELUXE-TWIN-SV.jpg', 'Deluxe Twin/Double / Park Regis Lotus Hotel - Image 3', 2);
INSERT INTO hotel_images (hotel_id, image_url, alt_text, sort_order) VALUES (268, 'https://daydreamhub.com/wp-content/uploads/2024/08/J3-2.jpg', 'Deluxe Twin/Double / Park Regis Lotus Hotel - Image 4', 3);
INSERT INTO hotel_images (hotel_id, image_url, alt_text, sort_order) VALUES (268, 'https://daydreamhub.com/wp-content/uploads/2024/08/TWIN-BED-ROOM.jpg', 'Deluxe Twin/Double / Park Regis Lotus Hotel - Image 5', 4);
INSERT INTO hotels (id, name, slug, description, city, country, address, rating, thumbnail_url, categories, amenities, property_type, is_active) VALUES (269, 'Deluxe Room- King Bed- Sea View / Park Regis Lotus Hotel', 'deluxe-room-king-bed-sea-view-park-regis-lotus-hotel', 'DELUXE ROOM-SEA VIEW: The sea view deluxe room, measuring 39 square meters, comes with all the amenities you need for a luxurious stay. Enjoy complimentary Wi-Fi, a tea and coffee maker, mini bar, cabled TV with a 43-inch screen, a safety box, and 24-hour room service. Take in the breathtaking view of the sea from your room and experience ultimate relaxation.', 'Manama', 'Bahrain', '', 0, 'https://daydreamhub.com/wp-content/uploads/2024/09/DLX-King.jpg', '["daycation","for_couple","personal_time","transit_use"]', '["Bar / Restaurant","Elevator in Building","Gym","Laundry Service","Luggage Storage","Massage","Parking on Premises","Pool","Wheelchair Accessible","Air Conditioner (Cooling)","Air Conditioner (Heating)","Bathtub","Coffee maker","Desk/Workspace","Electric pot","Free Wi-Fi","Hair Dryer","Projector(s)","Refrigerator","Scanner / Printer","Shampoo","Shower","TEL","Toothbrush","TV"]', 'Hotel', 1);
INSERT INTO plans (hotel_id, name, description, price_usd, check_in_time, check_out_time, plan_type, max_guests, is_active) VALUES (269, 'Morning(prepayment)', '', 66, '6:00', '12:00', 'daycation', 2, 1);
INSERT INTO plans (hotel_id, name, description, price_usd, check_in_time, check_out_time, plan_type, max_guests, is_active) VALUES (269, 'Daytime (prepayment)', '', 66, '10:00', '16:00', 'daycation', 2, 1);
INSERT INTO hotel_images (hotel_id, image_url, alt_text, sort_order) VALUES (269, 'https://daydreamhub.com/wp-content/uploads/2024/09/DLX-King.jpg', 'Deluxe Room- King Bed- Sea View / Park Regis Lotus Hotel - Image 1', 0);
INSERT INTO hotel_images (hotel_id, image_url, alt_text, sort_order) VALUES (269, 'https://daydreamhub.com/wp-content/uploads/2024/08/1.jpg', 'Deluxe Room- King Bed- Sea View / Park Regis Lotus Hotel - Image 2', 1);
INSERT INTO hotel_images (hotel_id, image_url, alt_text, sort_order) VALUES (269, 'https://daydreamhub.com/wp-content/uploads/2024/08/BATHROOM-1.jpg', 'Deluxe Room- King Bed- Sea View / Park Regis Lotus Hotel - Image 3', 2);
INSERT INTO hotel_images (hotel_id, image_url, alt_text, sort_order) VALUES (269, 'https://daydreamhub.com/wp-content/uploads/2024/08/J3-1.jpg', 'Deluxe Room- King Bed- Sea View / Park Regis Lotus Hotel - Image 4', 3);
INSERT INTO hotel_images (hotel_id, image_url, alt_text, sort_order) VALUES (269, 'https://daydreamhub.com/wp-content/uploads/2024/08/SIGNATURE-AMENITIES.jpg', 'Deluxe Room- King Bed- Sea View / Park Regis Lotus Hotel - Image 5', 4);
INSERT INTO hotels (id, name, slug, description, city, country, address, rating, thumbnail_url, categories, amenities, property_type, is_active) VALUES (270, 'Deluxe Room- King Bed- City View / Park Regis Lotus Hotel', 'deluxe-room-king-bed-city-view', 'The deluxe room with city view measures 39 square meters and comes fully equipped with all the amenities you need for a comfortable stay. Enjoy complimentary Wi-Fi, a tea and coffee maker, mini bar, cabled TV with a 43-inch screen, a safety box, and 24-hour room service. You’ll love the stunning view of the city from the comfort of your room.', 'Manama', 'Bahrain', '', 0, 'https://daydreamhub.com/wp-content/uploads/2024/08/2.jpg', '["daycation","for_couple","personal_time","transit_use"]', '["Bar / Restaurant","Elevator in Building","Gym","Laundry Service","Luggage Storage","Massage","Parking on Premises","Pool","Wheelchair Accessible","Air Conditioner (Cooling)","Air Conditioner (Heating)","Bathtub","Coffee maker","Desk/Workspace","Electric pot","Free Wi-Fi","Hair Dryer","Kitchen","Projector(s)","Refrigerator","Scanner / Printer","Shampoo","Shower","TEL","Toothbrush","Towels","TV"]', 'Hotel', 1);
INSERT INTO plans (hotel_id, name, description, price_usd, check_in_time, check_out_time, plan_type, max_guests, is_active) VALUES (270, 'Morning(prepayment)', '', 66, '6:00', '12:00', 'daycation', 2, 1);
INSERT INTO plans (hotel_id, name, description, price_usd, check_in_time, check_out_time, plan_type, max_guests, is_active) VALUES (270, 'Day Time (prepayment)', '', 66, '10:00', '16:00', 'daycation', 2, 1);
INSERT INTO hotel_images (hotel_id, image_url, alt_text, sort_order) VALUES (270, 'https://daydreamhub.com/wp-content/uploads/2024/08/2.jpg', 'Deluxe Room- King Bed- City View / Park Regis Lotus Hotel - Image 1', 0);
INSERT INTO hotel_images (hotel_id, image_url, alt_text, sort_order) VALUES (270, 'https://daydreamhub.com/wp-content/uploads/2024/08/BATHROOM.jpg', 'Deluxe Room- King Bed- City View / Park Regis Lotus Hotel - Image 2', 1);
INSERT INTO hotel_images (hotel_id, image_url, alt_text, sort_order) VALUES (270, 'https://daydreamhub.com/wp-content/uploads/2024/08/J3.jpg', 'Deluxe Room- King Bed- City View / Park Regis Lotus Hotel - Image 3', 2);
INSERT INTO hotel_images (hotel_id, image_url, alt_text, sort_order) VALUES (270, 'https://daydreamhub.com/wp-content/uploads/2024/08/DSC09051.jpg', 'Deluxe Room- King Bed- City View / Park Regis Lotus Hotel - Image 4', 3);

-- Blog Posts
DELETE FROM blog_posts;
INSERT INTO blog_posts (title, slug, content, excerpt, city, thumbnail_url, published_at) VALUES ('Reset Your Body & Mind: A Guide to Bangkok’s Layover Wellness with a Day-Use Hotel & Wellmed Clinic', 'reset-your-body-mind-a-guide-to-bangkoks-layover-wellness-with-a-day-use-hotel-wellmed-clinic', '', 'The Ultimate Guide to a Bangkok Layover: Health Check + Day Use Hotel Have 6+ hours between flights after a long-haul?Think you just have to wait at the airport?Seasoned travelers do it differently.They use a new layover style: “Health Check + Day Use Hotel.” Why choose “Health Check + Hotel”? Get a quick health check to', 'Bangkok', 'https://daydreamhub.com/wp-content/uploads/2025/09/1-copy-2.jpg', '');
INSERT INTO blog_posts (title, slug, content, excerpt, city, thumbnail_url, published_at) VALUES ('Short Stay, Big Reset: Day-Use Hotel × Thai Massage Guide', 'short-stay-big-reset-day-use-hotel-x-thai-massage-guide', '', 'TRANSIT RESET PLAN― Turn Airport Wait Time into Recovery Time ― After a long flight, you’ve got 6–8 hours before your next connection.Instead of sitting on a cold bench under the air conditioner, why not turn that “waiting time” into recharging time? Introducing a new way to recover between flights — the “TRANSIT RESET PLAN”', '', 'https://daydreamhub.com/wp-content/uploads/2025/10/1.jpg', '');
INSERT INTO blog_posts (title, slug, content, excerpt, city, thumbnail_url, published_at) VALUES ('Best Day Use Hotels near DPS Airport for a Comfortable Bali Transit', 'best-day-use-hotels-near-dps-airport-for-a-comfortable-bali-transit', '', 'After a long international flight, the last thing you want is to sit in the airport for hours waiting for your next connection. Many travelers think:“I guess I’ll just wait on a bench at the airport…” But smart travelers know a better way:Book a day use hotel near DPS airport (Ngurah Rai International Airport, Bali).', 'Bali', 'https://daydreamhub.com/wp-content/uploads/2025/09/1-copy.jpg', '');
INSERT INTO blog_posts (title, slug, content, excerpt, city, thumbnail_url, published_at) VALUES ('Cebu Layover Survival Guide: Best Day-Use Hotels Near Mactan Airport (CEB)', 'cebu-layover-survival-guide-best-day-use-hotels-near-mactan-airport-ceb', '', 'Long Flights & Layovers: Don’t Let Transit Wear You Out Long-haul flights and connecting layovers can drain more energy than you expect. Sleeping on an airport bench… wishing for a shower but having nowhere to go… Sound familiar? That’s where day-use hotels near the airport come to the rescue. In this guide, we’ve gathered carefully', 'Cebu', 'https://daydreamhub.com/wp-content/uploads/2025/08/1-3.jpg', '');
INSERT INTO blog_posts (title, slug, content, excerpt, city, thumbnail_url, published_at) VALUES ('Best Daytime Stay Hotel Near Cebu Airport: Day Use Rooms', 'best-daytime-stay-hotel-near-cebu-airport-day-use-rooms', '', 'No More Airport Fatigue! The Smart Choice of Day-Use Hotels Long layovers between flights can be exhausting if all you do is wait. That’s why more travelers are choosing day-use hotels near Cebu Airport. With flexible bookings by the hour, you can enjoy a private room and shower, so you’ll be ready for your next', 'Cebu', 'https://daydreamhub.com/wp-content/uploads/2025/08/1-2.jpg', '');
INSERT INTO blog_posts (title, slug, content, excerpt, city, thumbnail_url, published_at) VALUES ('Cebu Airport Hourly Hotel & Day Use Rooms for Layovers', 'cebu-airport-hourly-hotel-day-use-rooms-for-layovers', '', 'Say Goodbye to Airport Benches – Day Use Hotels Save You from Transit Fatigue After a long flight, spending hours on an airport bench or even in a lounge can feel exhausting. That’s why more and more experienced travelers now choose Day Use Hotels. At Cebu–Mactan International Airport, these hotels are becoming popular for offering', 'Cebu', 'https://daydreamhub.com/wp-content/uploads/2025/08/1-1.jpg', '');
INSERT INTO blog_posts (title, slug, content, excerpt, city, thumbnail_url, published_at) VALUES ('Top Abuja Day Use Hotels for Transit Travelers – Book a Day Room & Recharge', 'top-abuja-day-use-hotels-for-transit-travelers-book-a-day-room-recharge', '', 'How Much Time Do You Have? Use This 30-Second Chart to Decide: Stay at the Airport or Explore the City? *Assumes international security re-check. Always plan with extra buffer time! Day-Use Hotels on DaydreamHub Ambassadorial Suite — Palmac Hotel (Luxury Style) ? Book Now on DaydreamHub Hours: 6 AM – 12 PM Rate: US$ 110', 'Abuja', 'https://daydreamhub.com/wp-content/uploads/2025/06/1-15.jpg', '');
INSERT INTO blog_posts (title, slug, content, excerpt, city, thumbnail_url, published_at) VALUES ('Top 7 Things to Do on a Cape Town Layover Without Missing Your Flight', 'top-7-things-to-do-on-a-cape-town-layover-without-missing-your-flight', '', 'Turn Your Layover into a Travel Highlight: Easy Stopover Guide “Just a few hours until boarding… but scrolling on a bench feels like a waste!”We’ve picked 7 mini adventures you can enjoy in as little as 2 hours to half a day.Book on the go and explore Cape Town—no missed flights, just great memories! Quick', 'Cape Town', 'https://daydreamhub.com/wp-content/uploads/2025/06/1-14.jpg', '');
INSERT INTO blog_posts (title, slug, content, excerpt, city, thumbnail_url, published_at) VALUES ('Cape Town Transit: How to Survive a 6-Hour Layover at CPT Airport', 'cape-town-transit-how-to-survive-a-6-hour-layover-at-cpt-airport', '', '1. 60‑Second Self‑Quiz: Airport Bunker or City Explorer? Answer YES / NO to clear the fog: 2. Transport Uber / Bolt – instant fare & car type in the app. Private Shuttle – pre‑book; driver meets you in arrivals. Rental Car – only if you love driving yourself. 3. Day‑Use Reset: Grande Kloof Boutique Hotel', 'Cape Town', 'https://daydreamhub.com/wp-content/uploads/2025/06/1-13.jpg', '');
INSERT INTO blog_posts (title, slug, content, excerpt, city, thumbnail_url, published_at) VALUES ('Almaty Day-Use Hotels Guide — Best Day Rooms to Book Between Flights', 'almaty-day-use-hotels-guide-best-day-rooms-to-book-between-flights', '', 'Make the Most of Your Layover at Almaty Airport (ALA) Got a layover at Almaty International Airport? Great news — the city is just 15 minutes away by car, making even a 6-hour stop enough time for a quick escape! Here’s a rough breakdown of how your time might go: Immigration + Taxi: ~60 min', 'Almaty', 'https://daydreamhub.com/wp-content/uploads/2025/06/1-12.jpg', '');
INSERT INTO blog_posts (title, slug, content, excerpt, city, thumbnail_url, published_at) VALUES ('Lahore Day Use Hotels: 2025 Guide to the Best Day Rooms near Allama Iqbal International Airport', 'lahore-day-use-hotels-2025-guide-to-the-best-day-rooms-near-allama-iqbal-international-airport', '', 'Layover in Lahore (LHE)? “Hunker down in the terminal — or charge into the city?”If you’re torn between the two, you’re not alone. With a bit of quick decision-making, even a 3- to 8-hour layover can turn into a bite-sized adventure. 1. How much time do you really have? 60-second quiz: “Terminal Turtle” or “City', 'Lahore', 'https://daydreamhub.com/wp-content/uploads/2025/06/1-11.jpg', '');
INSERT INTO blog_posts (title, slug, content, excerpt, city, thumbnail_url, published_at) VALUES ('Ultimate Guide to Baltimore Day Use Hotels Near BWI Airport', 'ultimate-guide-to-baltimore-day-use-hotels-near-bwi-airport', '', '1｜Introduction: Turn “Layover Lull” into “City Stroll” Just a 30-minute (about 19 mi) drive from BWI Airport,the Super 8 by Wyndham Baltimore/Essex Area – Queen Room (Disability Access)offers a hidden gem: a 10-hour daytime stay plan for a refreshing pit-stop. 2｜Hotel Deep Dive: Why Super 8? ? Check availability now Rates as of June 2025.', 'Baltimore', 'https://daydreamhub.com/wp-content/uploads/2025/06/1-8.jpg', '');
INSERT INTO blog_posts (title, slug, content, excerpt, city, thumbnail_url, published_at) VALUES ('Belgrade Day Use Hotels Guide — Shower, Sleep & Work Between Flights', 'belgrade-day-use-hotels-guide-shower-sleep-work-between-flights', '', 'First, Check Your Layover Time! “Self-Assessment Chart” 0–3 hoursRecharge at the lounge or nap pod with snacks and power up. 3–5 hoursTake a 25-minute taxi ride to Hotel Bohemian Garni. A quick shower and a 60-minute power nap will get you back on your feet. 5–8 hoursHead straight to the Old Town by taxi. After', 'Belgrade', 'https://daydreamhub.com/wp-content/uploads/2025/06/1-7.jpg', '');
INSERT INTO blog_posts (title, slug, content, excerpt, city, thumbnail_url, published_at) VALUES ('Doha Airport Long Transit Guide 2025: Sleep, Shower & Sightsee', 'doha-airport-long-transit-guide-2025-sleep-shower-sightsee', '', 'Don’t let a long layover be just “waiting time”—make it an adventure! Hamad International Airport (DOH) is like a 24-hour amusement park where you can snooze in luxury, feast on gourmet delights, and even venture into the city without leaving the airport vibe behind. This guide covers: A 60-second self-check to calculate your “playable hours”', 'Doha', 'https://daydreamhub.com/wp-content/uploads/2025/06/1-4.jpg', '');
INSERT INTO blog_posts (title, slug, content, excerpt, city, thumbnail_url, published_at) VALUES ('Hanoi Airport Day Room Price 2025: Complete Guide to Noi Bai’s Best Deals', 'hanoi-airport-day-room-price-2025-complete-guide-to-noi-bais-best-deals', '', 'For those wondering “Stay in the airport or dash into the city?” during a 3–8 hour layover, this is the ultimate guide. From instant self-diagnosis to the perfect plan to booking on DayDreamHub, it’s all one-stop! ※Rates and times as of May 2025. Always double-check the latest info via the links. [Introduction] 3–8 Hour Layover—Sit', 'Hanoi', 'https://daydreamhub.com/wp-content/uploads/2025/06/1-3.jpg', '');
INSERT INTO blog_posts (title, slug, content, excerpt, city, thumbnail_url, published_at) VALUES ('Things to Do in Doha Layover 2025: Free Art, Tropical Garden & Day Rooms', 'things-to-do-in-doha-layover-2025-free-art-tropical-garden-day-rooms', '', 'First, assess your available time! ── Enter the city, or stay at the airport? 3–6 h おすすめ行動 空港内探検（The Orchard／アート巡り） デイユースで仮眠 必要な準備 手荷物は機内持ち込みに絞る 6–12 h おすすめ行動 Discover Qatar市内ツアー Souq Waqifで買い物 必要な準備 6 h以上の余裕があること 街歩き用の服装 12–24 h おすすめ行動 砂漠サファリまたは自由行動 ナショナルミュージアム＆MIA訪問 必要な準備 ビザ条件を確認する 荷物を空港に預ける Qatar visa-free entry is available for citizens of over 95 countries. If your passport', 'Doha', 'https://daydreamhub.com/wp-content/uploads/2025/06/1-2.jpg', '');
INSERT INTO blog_posts (title, slug, content, excerpt, city, thumbnail_url, published_at) VALUES ('Best Qatar Stopover Hotels in Doha — All Bookable on DayDreamHub', 'best-qatar-stopover-hotels-in-doha-all-bookable-on-daydreamhub', '', 'What exactly is a “Stopover”? It’s when you have a long-haul flight with a 24-hour-or-less layover in another city—letting you enjoy “connecting + sightseeing” in one go. After booking your ticket, use the Discover Qatar Stopover Program to get a 4★ hotel from USD 14 per night, and simultaneously reserve a day‐use room on DayDreamHub. Then: Even if', 'Doha', 'https://daydreamhub.com/wp-content/uploads/2025/06/1-1.jpg', '');
INSERT INTO blog_posts (title, slug, content, excerpt, city, thumbnail_url, published_at) VALUES ('Best Rated Day-Use Room at Noi Bai Airport in 2025 — Your Ultimate Transit Guide', 'best-rated-day-use-room-at-noi-bai-airport-in-2025-your-ultimate-transit-guide', '', 'For a 3–8 hour layover and wondering “stay in the airport or head into the city?”, this is the one guide you need!By the time you finish reading, you’ll have decided whether to tap the DayDreamHub.com booking button or check the Bus 86 schedule. [Introduction] 3–8 Hour Layover—Stay at the Airport? Head into the City?', '', 'https://daydreamhub.com/wp-content/uploads/2025/06/1.jpg', '');
INSERT INTO blog_posts (title, slug, content, excerpt, city, thumbnail_url, published_at) VALUES ('Hanoi Airport Day-Use Guide: 5 Best Hotels for Quick Naps & Showers Near Noi Bai', 'hanoi-airport-day-use-guide-5-best-hotels-for-quick-naps-showers-near-noi-bai', '', 'Introduction: 30-Second Self-Diagnosis ? “I don’t want to queue for immigration…” “I can’t miss pho and egg coffee!” “I just want to crash on a bed…” Once you’ve identified your type, check out the hotels & courses below! DayDreamHub’s Top 5 Day-Use Hotels Rates and availability may vary—click the links for the latest details. 1.', 'Hanoi', 'https://daydreamhub.com/wp-content/uploads/2025/05/1-32.jpg', '');
INSERT INTO blog_posts (title, slug, content, excerpt, city, thumbnail_url, published_at) VALUES ('Top 7 Day-Use Hotels Near Hanoi’s Noi Bai Airport—Turn a Layover into a 5-Hour Mini-Vacation', 'top-7-day-use-hotels-near-hanois-noi-bai-airport-turn-a-layover-into-a-5-hour-mini-vacation', '', 'Introduction: 3–8-Hour Layover—Stay in the Airport or Dash into the City? Instant Self-Diagnosis If you answered YES to any of the above, this guide is your fastest route out of “nap-refugee” status. All 7 properties below are Day Use hotels on DayDreamHub—tap the link → pay by card → voucher in your inbox, all in 3 clicks! 1｜NYNA House — Wooden', 'Hanoi', 'https://daydreamhub.com/wp-content/uploads/2025/05/1-31.jpg', '');
INSERT INTO blog_posts (title, slug, content, excerpt, city, thumbnail_url, published_at) VALUES ('Best Calgary Day-Use Hotels Near Downtown & YYC — 2025 Traveler Guide', 'best-calgary-day-use-hotels-near-downtown-yyc-2025-traveler-guide', '', 'Self-Check: “Airport-Stayer” or “City-Dasher”? Tip: Allow 90 min total for immigration + security re-check round trip.Professional travelers never cut into their safety margin! YYC → Downtown: Fastest Routes at a Glance Quick TIP On red-eye flights, taxis are your best bet (even at 2 AM there are plenty). For the bus, buy tickets at the 7-Eleven', 'Calgary', 'https://daydreamhub.com/wp-content/uploads/2025/05/1-30.jpg', '');
INSERT INTO blog_posts (title, slug, content, excerpt, city, thumbnail_url, published_at) VALUES ('Top Prague Day-Use Hotels for 3–8-Hour Layovers (2025 Traveler Guide)', 'top-prague-day-use-hotels-for-3-8-hour-layovers-2025-traveler-guide', '', '“What can you do with a 6-hour layover?”Dozing on a bench is fine, but wouldn’t it be amazing to watch the sunset over the Vltava River before your next flight?In this guide, we pair DayDreamHub day-use hotels with an ultra-condensed Prague experience. 60-Second Self-Check: “Airport Cocooner” or “Prague Explorer”? If you answered YES to 2+', 'Prague', 'https://daydreamhub.com/wp-content/uploads/2025/05/1-29.jpg', '');
INSERT INTO blog_posts (title, slug, content, excerpt, city, thumbnail_url, published_at) VALUES ('Ulaanbaatar Day-Use Hotels Guide 2025: Prices, Perks & How to Book Fast', 'ulaanbaatar-day-use-hotels-guide-2025-prices-perks-how-to-book-fast', '', 'Layover Diagnosis: 3–8 Hour Stopover — Are You an “Airport Cocooner” or an “Ulaanbaatar Explorer”? Q1. Energy Level? A: A quick shower and sleep will recharge me! B: I want to taste Mongolia to the fullest! Q2. Available Time? A: 3–4 hours B: 5–8 hours If mostly A → “Rapid Reset”If mostly B → “Steppe Adventure” Either way, a Day-Use', 'Ulaanbaatar', 'https://daydreamhub.com/wp-content/uploads/2025/05/1-28.jpg', '');
INSERT INTO blog_posts (title, slug, content, excerpt, city, thumbnail_url, published_at) VALUES ('Top Porto Day Use Hotels Near the Airport for Stress-Free Layovers', 'top-porto-day-use-hotels-near-the-airport-for-stress-free-layovers', '', 'Porto 3–6 Hour Transit “Super-Condensed” Guide Waste time on the airport bench? No way—refresh with a shower and a quick Old Town trip, and savor Porto’s “blue tiles & wine” before your next flight. Introduction | Quick Self-Check: “Airport-Stayer” or “City-Charger”? City Access: Metro Line E (Purple) runs every 20–30 min, takes 25–30 min one way,', 'Porto', 'https://daydreamhub.com/wp-content/uploads/2025/05/1-27.jpg', '');
INSERT INTO blog_posts (title, slug, content, excerpt, city, thumbnail_url, published_at) VALUES ('Best Nairobi Day-Use Hotels for 3–8-Hour Layovers: Where to Nap, Shower & Recharge', 'best-nairobi-day-use-hotels-for-3-8-hour-layovers-where-to-nap-shower-recharge', '', 'Introduction — 3–8 h Layover: Stay in the Airport? Or Take the “Nairobi Outing Challenge”? Your remaining time is 6 hours. “Sit curled up on those hard chairs at the gate?”—No way, that would be a waste! “Outing Challenge” Checklist Have applied online for a Kenya Transit eVisa (USD 21) Carry-on luggage only 3–8 hours until your next boarding Even 30', 'Nairobi', 'https://daydreamhub.com/wp-content/uploads/2025/05/1-26.jpg', '');
INSERT INTO blog_posts (title, slug, content, excerpt, city, thumbnail_url, published_at) VALUES ('2025 Guide to Tashkent Day Use Hotels—Shower, Sleep & Wi-Fi in Under 10 Minutes from TAS', '2025-guide-to-tashkent-day-use-hotels-shower-sleep-wi-fi-in-under-10-minutes-from-tas', '', 'Introduction — What to Do at the Airport? Transform a 3–8 Hour Layover into “Travel Time” in Tashkent Tashkent International Airport (TAS) is about 15 minutes by taxi from downtown. Using a DaydreamHub–listed day-use hotel as your “base,” you can: Shower → Power nap → High-speed Wi-Fi all in one go Store your suitcase at the hotel and go', 'Tashkent', 'https://daydreamhub.com/wp-content/uploads/2025/05/1-25.jpg', '');
INSERT INTO blog_posts (title, slug, content, excerpt, city, thumbnail_url, published_at) VALUES ('Quito Day Use Hotels: Top Airport Options for a 3 – 8 Hour Layover', 'quito-day-use-hotels-top-airport-options-for-a-3-8-hour-layover', '', '“Spend your layover on stiff airport benches?” or “Snatch a bite of Ecuador’s capital?” Transform a 3–8 hour layover at Mariscal Sucre International Airport (UIO) into a “mini vacation” complete with shower → power nap → quick sightseeing → gourmet treats in this full guide. First: 30-Second “Quick Diagnosis” Just need sleep & shower ➜ Head straight to a day-use', 'Quito', 'https://daydreamhub.com/wp-content/uploads/2025/05/1-24.jpg', '');
INSERT INTO blog_posts (title, slug, content, excerpt, city, thumbnail_url, published_at) VALUES ('Rotterdam–The Hague Airport Hacks: Best Day-Use Hotels for Instant Showers & Power Naps', 'rotterdam-the-hague-airport-hacks-best-day-use-hotels-for-instant-showers-power-naps', '', '【Introduction】Huddle in the airport lounge? Or “Recharge outside”? — A 3–8 Hour Layover Quick-Check “Five hours until your connecting flight. Just fiddling with your phone on the hard seats of the terminal… is that really the best use of time?” If you even slightly want to: Wash off sweat with a shower Lie down for', 'Rotterdam', 'https://daydreamhub.com/wp-content/uploads/2025/05/1-23.jpg', '');
INSERT INTO blog_posts (title, slug, content, excerpt, city, thumbnail_url, published_at) VALUES ('Marseille Day Use Hotels: 7 Best Spots for a 3-8 Hour Layover Reset', 'marseille-day-use-hotels-7-best-spots-for-a-3-8-hour-layover-reset', '', '1｜Introduction — “Wait at the airport?” or “Take a deep breath at the Old Port?” Marseille Provence Airport (MRS) is just 18 minutes to Marseille Saint-Charles station by TER, or 25–30 minutes by airport shuttle (L91). Buses run every 10 minutes during the day, so even with only a 3-hour layover you’ve got plenty of opportunities to head into', 'Marseille', 'https://daydreamhub.com/wp-content/uploads/2025/05/1-22.jpg', '');
INSERT INTO blog_posts (title, slug, content, excerpt, city, thumbnail_url, published_at) VALUES ('London Day Rooms: Cheap Hourly Hotels Near Heathrow & Central City', 'london-day-rooms-cheap-hourly-hotels-near-heathrow-central-city', '', 'Introduction｜“Hotel or Lounge?”—When in Doubt, Go Day-Use! You’ve just landed at Heathrow on a long-haul flight, and you only have 3–6 hours until your next connection… That’s exactly when DayDreamHub’s day-use hotels are unbeatable. 0–20 min transfer: Within walking distance of the airport or a single Tube ride Pay-by-the-hour (6 h/10 h plans, etc.), so better value than a lounge Enjoy', 'London', 'https://daydreamhub.com/wp-content/uploads/2025/05/1-21.jpg', '');
INSERT INTO blog_posts (title, slug, content, excerpt, city, thumbnail_url, published_at) VALUES ('Jakarta Day-Use Hotels: Best Options Near Soekarno-Hatta Airport for Stress-Free Layovers', 'jakarta-day-use-hotels-best-options-near-soekarno-hatta-airport-for-stress-free-layovers', '', '“3–8 hour layover, stuck inside the airport?” In Jakarta, the “venture-out” crowd is on the rise. With DayDreamHub’s exclusive day-use hotels within a 30–45 minute radius of the airport, even a short connection can become a mini getaway. ✈️ Day-Use Hotels You Can Book Right Now on DaydreamHub 1. ~35 min Airport⇆Menara Peninsula Hotel / Studio Double', 'Jakarta', 'https://daydreamhub.com/wp-content/uploads/2025/05/1-20.jpg', '');
INSERT INTO blog_posts (title, slug, content, excerpt, city, thumbnail_url, published_at) VALUES ('Best Sydney Day Use Hotels for Stress-Free Layovers', 'best-sydney-day-use-hotels-for-stress-free-layovers', '', 'Don’t Just Lounge—“Airport Escape” for 3–8 Hour Layovers! 【Introduction】 “6 hours until my next flight… just lie down in the lounge?” What a waste! Sydney Airport is directly connected by rail to the city, and the trip between the airport station and downtown takes about 12 minutes. With DayDreamHub’s “8 H” plan, you can: Reset your', 'Sydney', 'https://daydreamhub.com/wp-content/uploads/2025/05/1-19.jpg', '');
INSERT INTO blog_posts (title, slug, content, excerpt, city, thumbnail_url, published_at) VALUES ('Manama Day Use Hotels: Where to Nap, Swim & Shower Between Flights', 'manama-day-use-hotels-where-to-nap-swim-shower-between-flights', '', 'Introduction｜“How to Spend a 3–7 Hour Transit?”—Seriously Considering an Airport Escape in Manama Bahrain International Airport (BAH) is only about an 8-minute taxi ride (≈ USD 10 one-way) from the city center. Many nationalities qualify for a Visa on Arrival, making it perfect for your first “quick excursion.” If simply scrolling social media in a', 'Manama', 'https://daydreamhub.com/wp-content/uploads/2025/05/1-18.jpg', '');
INSERT INTO blog_posts (title, slug, content, excerpt, city, thumbnail_url, published_at) VALUES ('Ultimate Guide to Toronto Day Use Hotels — Shower, Nap & Fast Wi-Fi from CAD 70', 'ultimate-guide-to-toronto-day-use-hotels-shower-nap-fast-wi-fi-from-cad-70', '', 'Introduction｜“More Comfortable Than a Lounge?”—The Day-Use Revolution in Toronto for “Shower & Power Nap” Rather than curling up in those hard lounge recliners, rent a room with a bed + rain shower + super-fast Wi-Fi for just a few hours—that’s what Day Use is all about. Perfect for you if: You have a 4–8 hour layover and “just', 'Toronto', 'https://daydreamhub.com/wp-content/uploads/2025/05/1-17.jpg', '');
INSERT INTO blog_posts (title, slug, content, excerpt, city, thumbnail_url, published_at) VALUES ('Cape Town Day Use Hotels: Top 7 Hourly Rooms Near CPT Airport for a Stress-Free Layover', 'cape-town-day-use-hotels-top-7-hourly-rooms-near-cpt-airport-for-a-stress-free-layover', '', 'Cape Town 6-Hour Transit Guide｜Escape the Airport or Stay at a Hotel? “Instant Decision Chart” Included “You have 6 hours until your next flight. Is it safe to leave the airport?” This article is an action guide that resolves that question in 3 minutes. By the end, you’ll be ready to say, “Alright, let’s go!” 1️⃣ How', 'Cape Town', 'https://daydreamhub.com/wp-content/uploads/2025/05/1-16.jpg', '');
INSERT INTO blog_posts (title, slug, content, excerpt, city, thumbnail_url, published_at) VALUES ('Los Angeles Day Use Hotels with Free Airport Shuttle & Pool Access', 'los-angeles-day-use-hotels-with-free-airport-shuttle-pool-access', '', 'Introduction｜Say Goodbye to Airport Benches! LAX-Area Day-Use Turns Your Layover into Entertainment With a 6–10 hour connection,“Watching one movie and calling it a day…” is such a waste! By basing yourself at a DayDreamHub day-use hotel, you can easily fit in showers, pool time, and sightseeing. Below is a model plan featuring two LA-area hotels and three cool detour spots—ready', 'Los Angeles', 'https://daydreamhub.com/wp-content/uploads/2025/05/1-15.jpg', '');
INSERT INTO blog_posts (title, slug, content, excerpt, city, thumbnail_url, published_at) VALUES ('Best Brisbane Day Use Hotels for Long Layovers & Early Flights', 'best-brisbane-day-use-hotels-for-long-layovers-early-flights', '', '“4–10 Hour Brisbane Layover? — Why Stay Stuck on the Airport Bench When You Could ‘Escape to the City’?” “Can you really make it back in time?” If that’s what you’re thinking, this guide is for you.With your smartphone in one hand and passport in the other, drop off your luggage at a DayDreamHub day-use hotel—and let', 'Brisbane', 'https://daydreamhub.com/wp-content/uploads/2025/05/1-13.jpg', '');
INSERT INTO blog_posts (title, slug, content, excerpt, city, thumbnail_url, published_at) VALUES ('Birmingham Day Use Hotels: 7 Best Options for a Stress‑Free Layover', 'birmingham-day-use-hotels-7-best-options-for-a-stress%e2%80%91free-layover', '', 'Introduction｜“Got 6 Hours to Kill at the Airport? Let’s Turn Your Wait into a Travel Highlight with Day-Use!” If you have a 4–9 hour layover at Birmingham Airport (BHX), rather than dozing in a lounge chair, why not transform that “waiting” into a trip highlight with a DayDreamHub day-use hotel + a quick city stroll? Three', 'Birmingham', 'https://daydreamhub.com/wp-content/uploads/2025/05/1-12.jpg', '');
INSERT INTO blog_posts (title, slug, content, excerpt, city, thumbnail_url, published_at) VALUES ('Doha Day Use Hotels: 2025 Guide to Quick Layover Comfort near Hamad Airport', 'doha-day-use-hotels-2025-guide-to-quick-layover-comfort-near-hamad-airport', '', 'Introduction｜Freeze on an Airport Bench? Or Refresh with a Shower & City Sights? Hamad International Airport (DOH) is just 15 minutes by car from central Doha.Even during a short layover, you can “Hot shower → power nap → quick city stroll” to reset jetlag and fatigue in one go.This guide combines DayDreamHub’s day-use hotel picks with must-visit spots for', 'Doha', 'https://daydreamhub.com/wp-content/uploads/2025/05/1-11.jpg', '');
INSERT INTO blog_posts (title, slug, content, excerpt, city, thumbnail_url, published_at) VALUES ('2025 Guide to Hong Kong Day Use Hotels Near HKG Airport', '2025-guide-to-hong-kong-day-use-hotels-near-hkg-airport', '', 'Even with Just a 5–8 Hour Layover, Forget Killing Time on Airport Benches! “Can you really step out for a short time and actually enjoy it?” — We say “YES” with our ultra-efficient plans. Introduction｜3 Ways to Turn a 5–8 Hour Layover into a Comfortable Stay The Airport Express connects the airport and Central in', 'Hong Kong', 'https://daydreamhub.com/wp-content/uploads/2025/05/1-10.jpg', '');
INSERT INTO blog_posts (title, slug, content, excerpt, city, thumbnail_url, published_at) VALUES ('Budget Transit Hotel Deals Suvarnabhumi: 2025 Complete Guide', 'budget-transit-hotel-deals-suvarnabhumi-2025-complete-guide', '', '“Can You Really Conquer Sleep • Sightseeing • Dining in Just 7 Hours?” Why shiver on an airport bench when you can take on the challenge with a DayDreamHub day-use room? Introduction｜Say Goodbye to “Pulling an All-Nighter on Airport Benches”! Master the power-nap layover for around ¥4,000 Target Hotels: Direct airport connection or within a 10-min free', '', 'https://daydreamhub.com/wp-content/uploads/2025/05/1-9.jpg', '');
INSERT INTO blog_posts (title, slug, content, excerpt, city, thumbnail_url, published_at) VALUES ('Day Use Hotel for Travelers at Suvarnabhumi: 2025 Layover Guide', 'day-use-hotel-for-travelers-at-suvarnabhumi-2025-layover-guide', '', 'Introduction｜How Will You Spend Those “3–8 Hour” Gaps? “Napping on a hard airport bench” or “paying premium for lounge coffee”—both waste half your Bangkok layover. With DayDreamHub, you can book a day-use room in 30 seconds → enjoy free round-trip shuttle → relax in complete privacy, and recharge your body and mood. In this guide,', '', 'https://daydreamhub.com/wp-content/uploads/2025/05/image.jpg', '');
INSERT INTO blog_posts (title, slug, content, excerpt, city, thumbnail_url, published_at) VALUES ('Suvarnabhumi Day Use Hotel Guide for Budget Backpackers', 'suvarnabhumi-day-use-hotel-guide-for-budget-backpackers', '', '“Solo Backpacker Complete Edition” Day-Use Hotel for Suvarnabhumi Travelers — Graduate from Benches and Master “Sleep, Eat, Play” in 8 Hours! 1. Why Solo Travelers Need Day-Use Rooms Privacy Guaranteed: You can’t truly nap on a bench while guarding your luggage. Great Value: Often cheaper than a lounge pass plus paid shower. High-Speed Wi-Fi: Ample', '', 'https://daydreamhub.com/wp-content/uploads/2025/05/1-6.jpg', '');
INSERT INTO blog_posts (title, slug, content, excerpt, city, thumbnail_url, published_at) VALUES ('Suvarnabhumi Airport Day Use: Kid-Friendly Rooms & Fast Check-In for Elementary Families', 'suvarnabhumi-airport-day-use-kid-friendly-rooms-fast-check-in-for-elementary-families', '', 'Suvarnabhumi Family Day-Use & Mini-Tour Perfect Guide 【2025 Edition】 “Just toughing it out on airport benches?” — Time to graduate from that mindset.With DayDreamHub’s “winning layover” plan, babies to grade-schoolers stay smiling all the way to your next flight! 1 | Instantly Solve These “Family Layover” Pain Points Infants (0–3 years): Unable to nap under', '', 'https://daydreamhub.com/wp-content/uploads/2025/05/1-5.jpg', '');
INSERT INTO blog_posts (title, slug, content, excerpt, city, thumbnail_url, published_at) VALUES ('Day Use Hotel Near Suvarnabhumi: Budget-Friendly Romantic Breaks for Young Travelers', 'day-use-hotel-near-suvarnabhumi-budget-friendly-romantic-breaks-for-young-travelers', '', '1. “I Can’t Leave the Airport” Is Just a Myth At off-peak times, Suvarnabhumi’s immigration takes only 15–25 minutes on average. Then a 10 minute free shuttle—by 11:00 AM you can already be poolside! Today, put an end to the old idea that a short layover equals “being stuck.” Turn those five empty hours into', '', 'https://daydreamhub.com/wp-content/uploads/2025/05/1-3.jpg', '');
INSERT INTO blog_posts (title, slug, content, excerpt, city, thumbnail_url, published_at) VALUES ('Recharge on the Go: Best Hotels Near Suvarnabhumi Airport With Free Shuttle for Long-Haul Layovers', 'recharge-on-the-go-best-hotels-near-suvarnabhumi-airport-with-free-shuttle-for-long-haul-layovers', '', 'Turn Your 8-Hour Layover into a Full-Blown Date! Long-haul flights leave couples exhausted—so why not make the most of your layover with DayDreamHub.com’s free-shuttle day-use rooms? Refresh in a tub-equipped suite, head into town hands-free, and you’ll have more than enough time to fall in love all over again. 1. Why Day-Use Is the Perfect', '', 'https://daydreamhub.com/wp-content/uploads/2025/05/1-1.jpg', '');
INSERT INTO blog_posts (title, slug, content, excerpt, city, thumbnail_url, published_at) VALUES ('Best Hotels Near Suvarnabhumi Airport with Free Shuttle That Fit Big Families—and Big Luggage', 'best-hotels-near-suvarnabhumi-airport-with-free-shuttle-that-fit-big-families-and-big-luggage', '', 'Say Goodbye to Airport Benches! The New Family-Refresh Transit Standard Free Shuttle Required! DayDreamHub Hotels Within 10 Minutes of the Airport to Rescue Families with Luggage See More “All this—bed, pool, shuttle—for just $25?”Yes, but only if you dare to click “Book Now.” 3 Reasons The Cottage Guarantees Zero-Boredom Water-Crash Kiddie PoolShallow 0.6 m depth', '', 'https://daydreamhub.com/wp-content/uploads/2025/05/1.jpg', '');
INSERT INTO blog_posts (title, slug, content, excerpt, city, thumbnail_url, published_at) VALUES ('Budget Hotels for Bangkok Layovers: Family-Friendly Day-Use Rooms with Free Kids’ Amenities', 'budget-hotels-for-bangkok-layovers-family-friendly-day-use-rooms-with-free-kids-amenities', '', 'Bangkok Family Transit Hack: Maximize Your 8-Hour Layover with a 5-Minute Airport Day-Use + Mini Tour “With an 8-hour layover and kids in tow… is it really possible to get out of the airport?”Today we’ll turn that worry on its head. Will you spend your layover snoozing on a hard bench, or keep everyone smiling', 'Bangkok', 'https://daydreamhub.com/wp-content/uploads/2025/04/1-30.jpg', '');
INSERT INTO blog_posts (title, slug, content, excerpt, city, thumbnail_url, published_at) VALUES ('Phuket Shopping Guide: A Romantic Transit Experience for Couples', 'phuket-shopping-guide-a-romantic-transit-experience-for-couples', '', 'Don’t Just Sit on Airport Benches During a Short Layover! Turn your limited time into a special memory for two with this slightly adventurous plan. Top 5 Shopping Spots Near Phuket Airport for Couples Feeling daunted by stepping outside the airport during your layover? We’ve hand-picked spots where you can enjoy a quick, fun date—even', 'Phuket', 'https://daydreamhub.com/wp-content/uploads/2025/04/1-29.jpg', '');
INSERT INTO blog_posts (title, slug, content, excerpt, city, thumbnail_url, published_at) VALUES ('Romantic Layover: Best Day Use Hotels for Couples in Bangkok Airport', 'romantic-layover-best-day-use-hotels-for-couples-in-bangkok-airport', '', 'Introduction Don’t let your Bangkok transit be limited to time spent at the airport! Even with just a few hours, couples can unwind and enjoy a little luxury. In this article, we’ll introduce five perfect day-use hotels around Bangkok’s airports tailored for couples, plus a detailed transit itinerary. Turn your layover into a memorable mini-escape', 'Bangkok', 'https://daydreamhub.com/wp-content/uploads/2025/04/1-28.jpg', '');
INSERT INTO blog_posts (title, slug, content, excerpt, city, thumbnail_url, published_at) VALUES ('Best Budget Hotels Near Don Mueang Airport for Solo Travelers', 'best-budget-hotels-near-don-mueang-airport-for-solo-travelers', '', '[Ultimate Solo Travel Edition] 2025 Complete Guide to Budget Hotels Near Don Mueang Airport Table of Contents Why Don Mueang Is Ideal for Solo Travel Top 10 Budget Hotels for Solo Travelers (DayDreamHub Edition) Five Key Points for Choosing a Hotel Map Check: Locations and Routes 24-Hour Model Plan from Late Night to Next Evening', '', 'https://daydreamhub.com/wp-content/uploads/2025/04/1-27.jpg', '');
INSERT INTO blog_posts (title, slug, content, excerpt, city, thumbnail_url, published_at) VALUES ('Affordable Day Use Hotel in Bangkok for Solo Travelers: Private Rooms & Luggage Storage', 'affordable-day-use-hotel-in-bangkok-for-solo-travelers-private-rooms-luggage-storage', '', '1. Introduction | “Airport Bench Naps” Are Over Today A 5–8-hour layover—have you resigned yourself to awkward bench naps, face down on metal seats, clutching your phone at 3 % battery? In short, a real bed, a hot shower, and even a quick city stroll are entirely possible, even solo. In this article, you’ll find: Three steps to', 'Bangkok', 'https://daydreamhub.com/wp-content/uploads/2025/04/1-26.jpg', '');
INSERT INTO blog_posts (title, slug, content, excerpt, city, thumbnail_url, published_at) VALUES ('Bangkok Airport Transit Guide: Best Day Use Hotels for Families Needing Rest', 'bangkok-airport-transit-guide-best-day-use-hotels-for-families-needing-rest', '', 'Introduction: Relax with the Whole Family! Bangkok Layover Day-Use Hotel Tips Have you ever experienced a long layover of 4+ hours where your kids start fussing on airport benches? It’s hard to relax with prying eyes all around. Children can’t nap comfortably and get cranky. Lounges often lack enough space, adding to everyone’s stress. That’s why we', 'Bangkok', 'https://daydreamhub.com/wp-content/uploads/2025/04/1-25.jpg', '');
INSERT INTO blog_posts (title, slug, content, excerpt, city, thumbnail_url, published_at) VALUES ('Phuket Shopping for Couples on Layover: Romantic Finds & Quick Stops', 'phuket-shopping-for-couples-on-layover-romantic-finds-quick-stops', '', '“Why lounge around when you could dash into town?” Here’s a six‑hour shopping & relaxation plan designed for two—from airport arrival to your next flight. All recommendations are hand‑picked from Phuket specialists and leading travel sites. 1｜Why Stepping into Town Is the Smart Move: 3 Key Advantages Although Phuket is an island, its airport (HKT)', 'Phuket', 'https://daydreamhub.com/wp-content/uploads/2025/04/1-24.jpg', '');
INSERT INTO blog_posts (title, slug, content, excerpt, city, thumbnail_url, published_at) VALUES ('Phuket Day Use Hotel Guide: Affordable Comfort for Solo Backpackers on Long Layovers', 'phuket-day-use-hotel-guide-affordable-comfort-for-solo-backpackers-on-long-layovers', '', '[Solo Travelers Must-See] Make Your Short Transit Comfortable with Phuket Day‑Use Hotels Hello, travel enthusiasts! This one’s especially for all you solo adventurers out there: discover the perks of using day‑use hotels in Phuket and learn exactly how to make the most of them. We’ve packed in plenty of tips to spark your sense of adventure while', 'Phuket', 'https://daydreamhub.com/wp-content/uploads/2025/04/1-23.jpg', '');
INSERT INTO blog_posts (title, slug, content, excerpt, city, thumbnail_url, published_at) VALUES ('Phuket Day Use Hotels: Your Secret to a Calmer, Happier Family Transit Experience', 'phuket-day-use-hotels-your-secret-to-a-calmer-happier-family-transit-experience', '', 'Introduction: Are Phuket Day-Use Hotels the Savior of Family Travel? Have you ever found yourself thinking, “How can my whole family stay comfortable during a multi-hour airport layover?” Especially after a long flight with kids in tow, everyone’s energy and patience run thin. That’s why day‑use hotels around Phuket International Airport are attracting so much attention. Airport', 'Phuket', 'https://daydreamhub.com/wp-content/uploads/2025/04/1-22.jpg', '');
INSERT INTO blog_posts (title, slug, content, excerpt, city, thumbnail_url, published_at) VALUES ('Phuket Day Use Hotel Guide: Where Couples Can Relax & Recharge During Layovers', 'phuket-day-use-hotel-guide-where-couples-can-relax-recharge-during-layovers', '', 'Introduction: Why Phuket Day‑Use Hotels Are Stealing the Spotlight Every time you’re stuck with a layover of a few hours, do you catch yourself thinking, “What on earth can we do with this awkward chunk of time?”For couples, grabbing even a short slice of private space to recharge is priceless. Enter the day‑use hotels dotted around Phuket', 'Phuket', 'https://daydreamhub.com/wp-content/uploads/2025/04/1-21.jpg', '');
INSERT INTO blog_posts (title, slug, content, excerpt, city, thumbnail_url, published_at) VALUES ('Phuket Transit for Solo Travelers: Your Guide to a Safe & Comfortable Day Use Hotel', 'phuket-transit-for-solo-travelers-your-guide-to-a-safe-comfortable-day-use-hotel', '', 'Introduction: How to Turn a Phuket Transit into More Than Just a Stop‑Over Do you still equate “transit” with nothing but waiting around? For solo travelers, even a few spare hours are a golden chance to sample Phuket’s charms.Step outside the airport for a bit and you may return with both body and mind completely refreshed. Soak', 'Phuket', 'https://daydreamhub.com/wp-content/uploads/2025/04/1-20.jpg', '');
INSERT INTO blog_posts (title, slug, content, excerpt, city, thumbnail_url, published_at) VALUES ('How to Survive a Phuket Transit with Kids: The Ultimate Family Guide', 'how-to-survive-a-phuket-transit-with-kids-the-ultimate-family-guide', '', 'Families Enjoying a Phuket Layover: Why It’s Easy Even with Kids If you feel like a layover with children is going to be stressful, don’t worry. Near Phuket Airport, there are actually plenty of family-friendly services and activities. It would be a shame to spend your whole transfer time feeling exhausted on an airport bench! Plenty', 'Phuket', 'https://daydreamhub.com/wp-content/uploads/2025/04/1-19.jpg', '');
INSERT INTO blog_posts (title, slug, content, excerpt, city, thumbnail_url, published_at) VALUES ('Phuket Transit Comfort: Affordable Private Day Use Retreats for Couples', 'phuket-transit-comfort-affordable-private-day-use-retreats-for-couples', '', 'Introduction: How to Make Your Phuket Transit More Than Just a Layover Are you treating your layover time as nothing more than waiting around? For couples, even just a few hours in Phuket can be a huge opportunity to experience the island’s charm. All it takes is a short venture outside the airport to refresh both', 'Phuket', 'https://daydreamhub.com/wp-content/uploads/2025/04/1-17.jpg', '');
INSERT INTO blog_posts (title, slug, content, excerpt, city, thumbnail_url, published_at) VALUES ('Navigating Colombo Currency: A Transit Traveler’s Guide to Smart Spending', 'navigating-colombo-currency-a-transit-travelers-guide-to-smart-spending', '', 'Introduction: Making the Most of a Short Layover – A Currency Guide for Colombo If you have a short layover at the airport and are wondering “Should I step out from the terminal?” then this article is just for you. Here, we’ll walk you through Colombo’s currency situation, tips for exchanging money, and the best tools or apps', 'Colombo', 'https://daydreamhub.com/wp-content/uploads/2025/04/1-16.jpg', '');
INSERT INTO blog_posts (title, slug, content, excerpt, city, thumbnail_url, published_at) VALUES ('Colombo 10 Hours Layover: Solo Traveler’s Guide to a Restful Transit Experience', 'colombo-10-hours-layover-solo-travelers-guide-to-a-restful-transit-experience', '', 'Introduction: 10 Luxurious Hours for Solo Travelers in Colombo Thinking your 10-hour transit in Colombo is just a waiting game? Let’s turn that downtime into a thrilling adventure tailored for solo travelers. After you arrive, take time to rest at a day-use hotel to recharge, then head out for a bit of sightseeing or shopping.', 'Colombo', 'https://daydreamhub.com/wp-content/uploads/2025/04/1-14.jpg', '');
INSERT INTO blog_posts (title, slug, content, excerpt, city, thumbnail_url, published_at) VALUES ('Colombo 10 Hours Layover Survival Guide: Relax in a Family-Friendly Day Use Hotel', 'colombo-10-hours-layover-survival-guide-relax-in-a-family-friendly-day-use-hotel', '', 'Introduction: 10 Hours of Family Fun in Colombo Transit A 10-hour layover in Colombo might actually be more enjoyable than you’d expect, even with the entire family. After arriving, head straight to a day-use hotel to rest up and recharge, then go out for a bit of sightseeing or shopping. By the late afternoon, return', 'Colombo', 'https://daydreamhub.com/wp-content/uploads/2025/04/1-13.jpg', '');
INSERT INTO blog_posts (title, slug, content, excerpt, city, thumbnail_url, published_at) VALUES ('Colombo 10-Hour Layover: The Ultimate Day Use Hotel Experience for Couples', 'colombo-10-hour-layover-the-ultimate-day-use-hotel-experience-for-couples', '', 'Introduction: 10 Luxurious Hours in Colombo Have you considered using your 10-hour layover in Colombo as more than just a brief connection? With your significant other, you can enjoy the ultimate taste of luxury time. Why not explore the allure of South Asia far from Paris, hand in hand? For details, check out Daydream Hub! The', 'Colombo', 'https://daydreamhub.com/wp-content/uploads/2025/04/1-12.jpg', '');
INSERT INTO blog_posts (title, slug, content, excerpt, city, thumbnail_url, published_at) VALUES ('Recharge During Your Layover: How to Enjoy Colombo Shopping and a Restful Day Use Hotel Stay', 'recharge-during-your-layover-how-to-enjoy-colombo-shopping-and-a-restful-day-use-hotel-stay', '', 'Introduction: A New Kind of Layover Experience in Colombo Have you already written off your layover time in Colombo as mere waiting around? Now’s the time to reinvent your layover experience! For the solo traveler, we’re proposing a new travel style that blends shopping and rest, perfect for transforming just a few hours of transit into', 'Colombo', 'https://daydreamhub.com/wp-content/uploads/2025/04/1-11.jpg', '');
INSERT INTO blog_posts (title, slug, content, excerpt, city, thumbnail_url, published_at) VALUES ('Colombo Shopping and Family Layovers: Transform Your Transit with a Day Use Hotel', 'colombo-shopping-and-family-layovers-transform-your-transit-with-a-day-use-hotel', '', 'Introduction: Enjoy Shopping & Comfortable Transit in Colombo with Your Family What if you could turn transfer time during a family trip into a mini-adventure? Colombo is a fascinating city where tradition meets modernity – an opportunity to enjoy family shopping while ensuring you rest well during your layover. This article presents specific shops, locations,', 'Colombo', 'https://daydreamhub.com/wp-content/uploads/2025/04/1-10.jpg', '');
INSERT INTO blog_posts (title, slug, content, excerpt, city, thumbnail_url, published_at) VALUES ('How to Enjoy Colombo Shopping on a Long Layover for Couples', 'how-to-enjoy-colombo-shopping-on-a-long-layover-for-couples', '', 'Introduction: The Appeal of a Colombo Layover + Shopping for Couples “Only a 6-hour layover! But I’d like to make the most of Colombo together with my partner...” For all you couples feeling the same way, here’s some good news. Surprisingly, even during a brief layover, you can create unforgettable memories by cleverly combining shopping with local experiences.', 'Colombo', 'https://daydreamhub.com/wp-content/uploads/2025/04/1-8.jpg', '');
INSERT INTO blog_posts (title, slug, content, excerpt, city, thumbnail_url, published_at) VALUES ('Family-Friendly Tbilisi Transit: Enjoy a Guided Bricks Hotel Tour and Relaxing Day Use Stay', 'family-friendly-tbilisi-transit-enjoy-a-guided-bricks-hotel-tour-and-relaxing-day-use-stay', '', 'Enjoy a Luxury Transit with the Whole Family: Our One-Day Plan In between long flights, why not fully refresh as a family? We’re introducing the ultimate plan that transforms hectic airport layover time into an adventure. Experience a walking tour of the Old Town immersed in history and culture, marvel at ancient Mtskheta for a taste of World Heritage,', 'Tbilisi', 'https://daydreamhub.com/wp-content/uploads/2025/04/1-7.jpg', '');
INSERT INTO blog_posts (title, slug, content, excerpt, city, thumbnail_url, published_at) VALUES ('Your Tbilisi Transit Solution: Refresh at Bricks Hotel with Guided Tours & Day Use Deals', 'your-tbilisi-transit-solution-refresh-at-bricks-hotel-with-guided-tours-day-use-deals', '', 'Transit Splendor: A One-Day Plan for the Solo Traveler Why not turn the freedom of solo travel into a gift to yourself rather than mere waiting time? The plan we propose here includes an Old Town walking tour for a taste of historical romance, a visit to ancient Mtskheta to witness World Heritage splendor, experiencing the mighty Caucasus to fully absorb', 'Tbilisi', 'https://daydreamhub.com/wp-content/uploads/2025/04/1-6.jpg', '');
INSERT INTO blog_posts (title, slug, content, excerpt, city, thumbnail_url, published_at) VALUES ('Maximize Your Tbilisi Transit: Discover Bricks Hotel’s Day-Use Plans and Local Tours', 'maximize-your-tbilisi-transit-discover-bricks-hotels-day-use-plans-and-local-tours', '', 'Transit Splendor: A One-Day Plan for Couples Why settle for mere waiting with your beloved partner during a layover when you can embark on the ultimate adventure together? This plan combines an Old Town walking tour to immerse yourself in historical romance, a trip to the ancient city of Mtskheta to witness UNESCO World Heritage splendor, a day to', 'Tbilisi', 'https://daydreamhub.com/wp-content/uploads/2025/04/1-5.jpg', '');
INSERT INTO blog_posts (title, slug, content, excerpt, city, thumbnail_url, published_at) VALUES ('Discover Colombo Food and Transit Comfort: A Solo Traveler’s Layover Guide', 'discover-colombo-food-and-transit-comfort-a-solo-travelers-layover-guide', '', 'Introduction: Discover the New Appeal of a Colombo Transit Colombo isn’t just a place to switch flights. As a solo traveler, you can transform even a few hours of layover into an exhilarating mini-adventure. Wondering if it’s really possible? The answer is “Yes!” Between trying local flavors and taking advantage of a comfortable day-use hotel, you', 'Colombo', 'https://daydreamhub.com/wp-content/uploads/2025/04/1-4.jpg', '');
INSERT INTO blog_posts (title, slug, content, excerpt, city, thumbnail_url, published_at) VALUES ('Discover Colombo Food and Family-Friendly Layover Solutions', 'discover-colombo-food-and-family-friendly-layover-solutions', '', 'Introduction: A New Family Experience During Your Colombo Layover Why spend your airport layover just waiting around when you could add a little adventure? Especially for families traveling with small children, discovering fun ways to make that “boring” wait time more fulfilling is a must. Colombo offers delicious local cuisine and relaxing rest spots for the', 'Colombo', 'https://daydreamhub.com/wp-content/uploads/2025/04/1-3.jpg', '');
INSERT INTO blog_posts (title, slug, content, excerpt, city, thumbnail_url, published_at) VALUES ('Relish Colombo Food and Recharge: The Ultimate Day-Use Hotel Experience for Transit Couples', 'relish-colombo-food-and-recharge-the-ultimate-day-use-hotel-experience-for-transit-couples', '', 'Introduction: A Luxurious Colombo Layover Experience for Couples Couples, are you content with merely passing the time during a layover? Now is the moment to embrace a new challenge! In Colombo, even a short stay can be transformed into an elevated travel experience through a marvelous combination of local cuisine and a day-use hotel. For', 'Colombo', 'https://daydreamhub.com/wp-content/uploads/2025/04/1-2.jpg', '');
INSERT INTO blog_posts (title, slug, content, excerpt, city, thumbnail_url, published_at) VALUES ('Solo Traveler’s Colombo Transport Guide: Easy Ways to Rest and Recharge Mid-Transit', 'solo-travelers-colombo-transport-guide-easy-ways-to-rest-and-recharge-mid-transit', '', 'Colombo Transport Guide for Solo Travelers: Enjoy a Short Stopover with Ease Don’t let your layover at Colombo Airport become mere waiting time!As a solo traveler, you have the freedom to move around and make the most of your trip.Even a short stopover can be efficient if you find a smooth way to get from the airport', 'Colombo', 'https://daydreamhub.com/wp-content/uploads/2025/04/1-1.jpg', '');
INSERT INTO blog_posts (title, slug, content, excerpt, city, thumbnail_url, published_at) VALUES ('Stress-Free Colombo Transport: Couples’ Top Tips for a Comfortable Transit', 'stress-free-colombo-transport-couples-top-tips-for-a-comfortable-transit', '', 'Before You Start Your ‘Stress-Free Travel’ in Colombo: A Prep Phase Packed with Fun If you’re a couple visiting Colombo, it’s such a waste to spend your short layover time only at the airport, isn’t it? You might be concerned, “Can we really enjoy city sightseeing in just a few hours?” But the key points are', 'Colombo', 'https://daydreamhub.com/wp-content/uploads/2025/03/1-34.jpg', '');
INSERT INTO blog_posts (title, slug, content, excerpt, city, thumbnail_url, published_at) VALUES ('Colombo Transport Hacks for Families: Day Use Hotel Solutions', 'colombo-transport-hacks-for-families-day-use-hotel-solutions', '', 'Make the Most of Your Family Layover! First, Discover the Charms of Colombo “If we’re going to have a layover at Colombo Airport in Sri Lanka, maybe we’d like a little family adventure… But can we really pull it off?” Many people wonder the same thing. In fact, there are plenty of family-friendly spots near Colombo. Experience', 'Colombo', 'https://daydreamhub.com/wp-content/uploads/2025/03/1-33.jpg', '');
INSERT INTO blog_posts (title, slug, content, excerpt, city, thumbnail_url, published_at) VALUES ('Colombo Day Use Hotels: A Perfect Layover Haven for Couples', 'colombo-day-use-hotels-a-perfect-layover-haven-for-couples', '', 'A Short Layover at the Airport… Don’t let it go to waste! Why not use that little window of transit time to experience a special refresh that only couples can enjoy—all in Colombo? In this article, we present an entertaining, blog-style plan full of specific ways for two lovebirds to make the most of even the shortest', 'Colombo', 'https://daydreamhub.com/wp-content/uploads/2025/03/1-32.jpg', '');
INSERT INTO blog_posts (title, slug, content, excerpt, city, thumbnail_url, published_at) VALUES ('Colombo Day Use Hotels: A Family-Friendly Oasis for Stress-Free Transit Layovers', 'colombo-day-use-hotels-a-family-friendly-oasis-for-stress-free-transit-layovers', '', 'Introduction: A New Kind of Transit in Colombo for Your Whole Family Waiting at the airport is no longer boring for everyone in the family! How about embarking on a fun, new challenge by refreshing together with your children before a long flight? You might be thinking, “Can my family really be comfortable there?” But', 'Colombo', 'https://daydreamhub.com/wp-content/uploads/2025/03/1-31.jpg', '');
INSERT INTO blog_posts (title, slug, content, excerpt, city, thumbnail_url, published_at) VALUES ('Colombo Day Use Hotels: The Ultimate Transit Retreat for Solo Travelers', 'colombo-day-use-hotels-the-ultimate-transit-retreat-for-solo-travelers', '', 'Hello to all the solo travelers out there! Waiting out your layover at the airport, doing nothing… That’s such a waste of your precious time! In this article, we’ll show you how to turn those idle hours into an ultimate refresh break by using day-use hotels near the airport. Ready to take on a new', 'Colombo', 'https://daydreamhub.com/wp-content/uploads/2025/03/1-30.jpg', '');
INSERT INTO blog_posts (title, slug, content, excerpt, city, thumbnail_url, published_at) VALUES ('Maximize Your Colombo Layover: Top Family-Friendly Day Use Hotels Near the Airport', 'maximize-your-colombo-layover-top-family-friendly-day-use-hotels-near-the-airport', '', '1. Fully Utilize Your Colombo Transit! A Family-Oriented Overview Transit on a family trip can feel more challenging than expected—especially if you have small children who might get bored or fussy just sitting on airport benches. Are you one of those families thinking, “Isn’t there some way to make better use of this layover?” In reality, Bandaranaike International', 'Colombo', 'https://daydreamhub.com/wp-content/uploads/2025/03/1-28.jpg', '');
INSERT INTO blog_posts (title, slug, content, excerpt, city, thumbnail_url, published_at) VALUES ('Transit Made Easy: The Best Colombo Day Use Hotels for Couples', 'transit-made-easy-the-best-colombo-day-use-hotels-for-couples', '', 'New Trend for Layovers in Colombo: Starting with the “Introduction” Are you a couple who thinks, “Transit time is basically boring waiting time…”? In fact, there’s a way to fully enjoy even a short time in Colombo and make your ‘couple’s trip’ even more exciting. “Do we really have that kind of freedom?” Even if you’re', 'Colombo', 'https://daydreamhub.com/wp-content/uploads/2025/03/1-27.jpg', '');
INSERT INTO blog_posts (title, slug, content, excerpt, city, thumbnail_url, published_at) VALUES ('7-Hour Layover in Sofia: Best Nap & Shower Options for Solo Travelers', '7-hour-layover-in-sofia-best-nap-shower-options-for-solo-travelers', '', 'Enjoy 7 Hours to the Fullest! A Must-See Sofia Plan for Solo Travelers If you want to spend your 7-hour layover in Sofia meaningfully but aren’t sure exactly what to do, you’re not alone. Here’s an efficient yet rich itinerary for solo travelers. Head into the city by 9:00 AM, explore historical spots or try a', 'Sofia', 'https://daydreamhub.com/wp-content/uploads/2025/03/1-26.jpg', '');
INSERT INTO blog_posts (title, slug, content, excerpt, city, thumbnail_url, published_at) VALUES ('Sofia 7 Hours Layover: The Ultimate Family Guide to Stress-Free Transit', 'sofia-7-hours-layover-the-ultimate-family-guide-to-stress-free-transit', '', '[Make the Most of 7 Hours!] A 1-Day Sofia Plan the Whole Family Can Enjoy “Can we really do so much in just 7 hours?”If you’re skeptical, that’s all the more reason to give it a try. The key is to know your travel times well and combine active sightseeing with relaxation in a balanced', 'Sofia', 'https://daydreamhub.com/wp-content/uploads/2025/03/1-25.jpg', '');
INSERT INTO blog_posts (title, slug, content, excerpt, city, thumbnail_url, published_at) VALUES ('Sofia 7 Hours Layover: Top Day Use Hotel Options for Couples and More', 'sofia-7-hours-layover-top-day-use-hotel-options-for-couples-and-more', '', '[Ultimate Date Transit] A 7-Hour Sofia Plan for Couples to Enjoy How about turning your 7-hour layover in Sofia into a special memory, just for the two of you? Right after arrival, quickly drop off your luggage and head straight to the city center. Leave the airport around 10:00 AM, Arrive in central Sofia via metro', 'Sofia', 'https://daydreamhub.com/wp-content/uploads/2025/03/1-21.jpg', '');
INSERT INTO blog_posts (title, slug, content, excerpt, city, thumbnail_url, published_at) VALUES ('Elevate Your Sofia Shopping Experience: The Ultimate Guide for Quick Stopovers', 'elevate-your-sofia-shopping-experience-the-ultimate-guide-for-quick-stopovers', '', 'Introduction: Why It’s Worth Stepping Out of Sofia Airport, Even Briefly “Is it really possible to leave the airport in the middle of a transit?” The answer is a definite YES! Even if you only venture briefly into central Sofia, you can experience shopping, local cuisine, and a bit of cultural immersion unique to Bulgaria. Moreover, access', 'Sofia', 'https://daydreamhub.com/wp-content/uploads/2025/03/1-20.jpg', '');
INSERT INTO blog_posts (title, slug, content, excerpt, city, thumbnail_url, published_at) VALUES ('Sofia Food Secrets: Best Local Eats for Transit Travelers Needing a Day Rest', 'sofia-food-secrets-best-local-eats-for-transit-travelers-needing-a-day-rest', '', 'First-Time Sofia Gourmet Experience: A Quick Introduction to the Allure of Bulgarian Cuisine Bulgaria might sound minor as a transit destination, but in reality, Bulgarian cuisine has a distinct presence even among European cuisines. You might think of yogurt and cheese, but there’s actually a huge variety of flavors waiting for you in the city of Sofia.', 'Sofia', 'https://daydreamhub.com/wp-content/uploads/2025/03/1-18.jpg', '');
INSERT INTO blog_posts (title, slug, content, excerpt, city, thumbnail_url, published_at) VALUES ('From Arrival to Departure: Efficient Sofia Transport Solutions', 'from-arrival-to-departure-efficient-sofia-transport-solutions', '', 'Introduction: A New Idea for Enjoying Your Airport Transit “Transit = just waiting around” – is that what you’ve been thinking? What if you flipped that notion and took the time to sample a bit of Sofia even during a short layover?But maybe you’re wondering, “Can I really do that?” In this piece, we’ll cover hints', 'Sofia', 'https://daydreamhub.com/wp-content/uploads/2025/03/1-17.jpg', '');
INSERT INTO blog_posts (title, slug, content, excerpt, city, thumbnail_url, published_at) VALUES ('Sofia Transit Visa Requirements: Your Hassle-Free Stopover Solution', 'sofia-transit-visa-requirements-your-hassle-free-stopover-solution', '', '“I Have a Few Hours at Sofia Airport, but I’d Love to Step Outside!” That adventurous spirit is exactly what we’re here to encourage. This article covers whether you need a transit visa, how to apply, and how to make the most of a short stay in Sofia. Just by taking a slightly bold step, you might find', 'Sofia', 'https://daydreamhub.com/wp-content/uploads/2025/03/1-16.jpg', '');
INSERT INTO blog_posts (title, slug, content, excerpt, city, thumbnail_url, published_at) VALUES ('Sofia Day Use: Your Ultimate Transit Hotel Guide for Solo Travelers', 'sofia-day-use-your-ultimate-transit-hotel-guide-for-solo-travelers', '', 'Enjoy Sofia in a Flash! A New Proposal for Short-Time Transits “Only 3–6 hours of layover? Guess I have no choice but to stay in the airport lounge, right?” That fixed notion is turned on its head by the short-transit approach in Sofia. While Bulgaria’s capital city Sofia is relatively compact, it’s packed with history and', 'Sofia', 'https://daydreamhub.com/wp-content/uploads/2025/03/1-15.jpg', '');
INSERT INTO blog_posts (title, slug, content, excerpt, city, thumbnail_url, published_at) VALUES ('Sofia Day Use 101: The Perfect Family Retreat Between Flights', 'sofia-day-use-101-the-perfect-family-retreat-between-flights', '', '1. Introduction: How to Make a Family Transit More Comfortable “Will the kids get bored?” “Can we make sure the whole family doesn’t get worn out over long travel?” If you’re a family worrying about these, here are some tips to turn your short transit in Sofia into a memorable experience for everyone. In fact, it’s', 'Sofia', 'https://daydreamhub.com/wp-content/uploads/2025/03/1-14.jpg', '');
INSERT INTO blog_posts (title, slug, content, excerpt, city, thumbnail_url, published_at) VALUES ('Sofia Day Use Hotels: The Ultimate Transit Retreat for Couples Seeking Comfort & Privacy', 'sofia-day-use-hotels-the-ultimate-transit-retreat-for-couples-seeking-comfort-privacy', '', 'Introduction: A New Kind of Transit Experience Begins in Sofia Spending the time between long flights just waiting in the airport? Those days are over. Especially for couples—here’s your chance to refresh in a private space before your next flight. Sofia offers day-use hotels that provide a romantic, comfortable break during a busy trip. If you’re', 'Sofia', 'https://daydreamhub.com/wp-content/uploads/2025/03/1-13.jpg', '');
INSERT INTO blog_posts (title, slug, content, excerpt, city, thumbnail_url, published_at) VALUES ('Family-Friendly Sofia Transit: How to Find the Perfect Day Use Hotel', 'family-friendly-sofia-transit-how-to-find-the-perfect-day-use-hotel', '', 'Basic Points for Achieving a “Family Transit” in Sofia “Traveling with family, transiting through Sofia, but only having a few hours…” — this scenario is more common than you might think. But don’t worry. Sofia is a city where you can enjoy plenty of family-friendly experiences even in a short time. From easy access between the airport', 'Sofia', 'https://daydreamhub.com/wp-content/uploads/2025/03/1-11.jpg', '');
INSERT INTO blog_posts (title, slug, content, excerpt, city, thumbnail_url, published_at) VALUES ('Sofia Transit for Couples: How a Day-Use Hotel Transforms Your Layover', 'sofia-transit-for-couples-how-a-day-use-hotel-transforms-your-layover', '', '1. Spending Time as a Couple in Sofia: Key Attractions and Points to Note When you think of a “transit in Sofia”, you might imagine, “Maybe there’s not enough time for sightseeing…,” or “We’ll probably just have to wait at the airport…” However, in reality, getting to the center of Sofia from the airport is fairly', 'Sofia', 'https://daydreamhub.com/wp-content/uploads/2025/03/1-10.jpg', '');
INSERT INTO blog_posts (title, slug, content, excerpt, city, thumbnail_url, published_at) VALUES ('Maximize Your Singapore 11 Hours Layover: A Solo Traveler’s Guide to Relaxing Day Use Hotels', 'maximize-your-singapore-11-hours-layover-a-solo-travelers-guide-to-relaxing-day-use-hotels', '', '[How to Make the Most of an 11-Hour Layover] A Stress-Free Guide for Solo Travelers Hello! Are you wondering how to spend an 11-hour layover in Singapore as a solo traveler? Maybe you''re thinking, "It feels long but short at the same time...", "Should I leave the airport?", or "Is it safe to explore alone?" Don’t worry!', 'Singapore', 'https://daydreamhub.com/wp-content/uploads/2025/03/1-9.jpg', '');
INSERT INTO blog_posts (title, slug, content, excerpt, city, thumbnail_url, published_at) VALUES ('Couples’ Romantic 11-Hour Layover: Discover Top Short-Stay Hotels Near Changi Airport', 'couples-romantic-11-hour-layover-discover-top-short-stay-hotels-near-changi-airport', '', '[Make the Most of an 11-Hour Layover] A Stress-Free Way to Enjoy Your Trip as a Couple A long layover can be much more enjoyable when spent together! Start your day by refreshing with a nap and shower to maintain your energy. In the afternoon, embark on a mini adventure exploring local cuisine and nearby', '', 'https://daydreamhub.com/wp-content/uploads/2025/03/1-8.jpg', '');
INSERT INTO blog_posts (title, slug, content, excerpt, city, thumbnail_url, published_at) VALUES ('Singapore 11 Hours Layover? Discover the Best Family-Friendly Day Use Hotels', 'singapore-11-hours-layover-discover-the-best-family-friendly-day-use-hotels', '', 'Can You Explore the City with Young Kids During a Layover? Absolutely! Is it really possible to take a city tour with young children during a layover? Surprisingly, with an 11-hour layover, you have more than enough time to explore and create wonderful family memories. Start your day with a visit to popular attractions, take', 'Singapore', 'https://daydreamhub.com/wp-content/uploads/2025/03/1-7.jpg', '');
INSERT INTO blog_posts (title, slug, content, excerpt, city, thumbnail_url, published_at) VALUES ('Singapore Transit Guide: Affordable Day Use Hotels for Solo Travelers', 'singapore-transit-guide-affordable-day-use-hotels-for-solo-travelers', '', 'Experience Exotic Singapore — Even During a Short Transit! Even if your transit in Singapore is brief, this vibrant city will awaken your sense of adventure. With its energetic streets, world-class cuisine, and comfortable day-use hotels, Singapore offers the perfect way to reset your travel-weary body and mind. Are you ready to turn your "waiting', 'Singapore', 'https://daydreamhub.com/wp-content/uploads/2025/03/1-6.jpg', '');
INSERT INTO blog_posts (title, slug, content, excerpt, city, thumbnail_url, published_at) VALUES ('Do You Need a Singapore Transit Visa for Your Layover? Here’s What You Should Know', 'do-you-need-a-singapore-transit-visa-for-your-layover-heres-what-you-should-know', '', 'Introduction: The Allure and Questions of a Singapore Transit Have you ever wondered if you could make the most of your transit time in Singapore? A layover in Singapore offers a unique chance to experience a vibrant city, even in just a few hours between flights! This article covers everything you need to know about Singapore', 'Singapore', 'https://daydreamhub.com/wp-content/uploads/2025/03/1-4.jpg', '');
INSERT INTO blog_posts (title, slug, content, excerpt, city, thumbnail_url, published_at) VALUES ('Enjoy Singapore Local Food on the Go: Tips for Transit Travelers and Couples', 'enjoy-singapore-local-food-on-the-go-tips-for-transit-travelers-and-couples', '', 'Turn Your Singapore Transit into a Romantic Couples’ Adventure A layover in Singapore isn’t just downtime — it’s an opportunity for a special couples-only adventure. Whether it’s indulging in local cuisine, exploring hidden gems, or simply relaxing together, your short transit can become an unforgettable part of your journey. Wondering how much you can fit into', 'Singapore', 'https://daydreamhub.com/wp-content/uploads/2025/03/1-2.jpg', '');
INSERT INTO blog_posts (title, slug, content, excerpt, city, thumbnail_url, published_at) VALUES ('Where to Shop in Singapore: A Couple’s Short-Stay Adventure near Changi', 'where-to-shop-in-singapore-a-couples-short-stay-adventure-near-changi', '', 'Departure from Changi Airport! A Short Shopping Getaway for Couples "Can you really go shopping during a layover?" If you’ve ever wondered that, this guide is a must-read! In fact, if you have around 6 hours between flights, you can easily step out of Changi Airport and enjoy some shopping in the city. Check the airport map', 'Singapore', 'https://daydreamhub.com/wp-content/uploads/2025/03/1-1.jpg', '');
INSERT INTO blog_posts (title, slug, content, excerpt, city, thumbnail_url, published_at) VALUES ('The Ultimate Singapore Food Guide for Transit Couples Near Changi Airport', 'the-ultimate-singapore-food-guide-for-transit-couples-near-changi-airport', '', '1. "Don''t Compromise on Gourmet Experiences Near the Airport!" Essential Information to Know First Singapore''s Changi Airport is one of the world''s top-rated hub airports. Many travelers assume, "I only have a few hours during my transit, so sightseeing seems impossible…" But in reality, there are plenty of delicious local food spots and cafes around the airport. Many food', 'Singapore', 'https://daydreamhub.com/wp-content/uploads/2025/02/1-3.jpg', '');
INSERT INTO blog_posts (title, slug, content, excerpt, city, thumbnail_url, published_at) VALUES ('Singapore Day Use Hotels Near Changi: Best Transit Options for Couples', 'singapore-day-use-hotels-near-changi-best-transit-options-for-couples', '', 'Introduction: How to Make Your Singapore Transit Experience "the Best"? "Isn''t transit just about waiting at the airport?" If you think so, it''s time to reconsider—especially when it comes to Singapore! Here, you have plenty of opportunities to step out of the airport and refresh yourself, even in a short amount of time. "But isn’t it', 'Singapore', 'https://daydreamhub.com/wp-content/uploads/2025/02/3-2.jpg', '');
INSERT INTO blog_posts (title, slug, content, excerpt, city, thumbnail_url, published_at) VALUES ('The Ultimate Yerevan Transport Guide: Navigating the City for Transit Travelers', 'the-ultimate-yerevan-transport-guide-navigating-the-city-for-transit-travelers', '', 'Can You Enjoy Yerevan on a Short Transit? The Answer is YES! Even with limited time, you can experience the best of Yerevan. Here’s the optimal transportation guide and schedule to make the most of your visit. Fastest Way to Get from the Airport to the City Center Taxi (Fastest & Most Comfortable) From Zvartnots', 'Yerevan', 'https://daydreamhub.com/wp-content/uploads/2025/02/image-96.jpg', '');
INSERT INTO blog_posts (title, slug, content, excerpt, city, thumbnail_url, published_at) VALUES ('Top 10 Must-Try Vientiane Local Food Delicacies for Transit Travelers', 'top-10-must-try-vientiane-local-food-delicacies-for-transit-travelers', '', 'Make the Most of Your Short Transit! Discover Delicious Local Food in Vientiane Why waste time just waiting at the airport during a short transit? Vientiane has plenty of incredible local dishes that you can enjoy even in a short time. Here, we introduce famous eateries near the airport and convenient takeout options. Taste Traditional', 'Vientiane', 'https://daydreamhub.com/wp-content/uploads/2025/02/image-92.jpg', '');
INSERT INTO blog_posts (title, slug, content, excerpt, city, thumbnail_url, published_at) VALUES ('Vientiane Transport Guide: Your Ultimate Airport to City Center Transfer Tips', 'vientiane-transport-guide-your-ultimate-airport-to-city-center-transfer-tips', '', 'Getting from Vientiane Airport to the City: The Fastest & Best Transfer Guide Arriving at Wattay International Airport in Vientiane? "How do I get to the city?" "Taxi, shuttle bus, or local bus... which is the best option?" Even with a short layover, efficient transfers allow you to explore the city. This guide covers the fastest', 'Vientiane', 'https://daydreamhub.com/wp-content/uploads/2025/02/image-85.jpg', '');
INSERT INTO blog_posts (title, slug, content, excerpt, city, thumbnail_url, published_at) VALUES ('How to Make the Most of a 10-Hour Vientiane Layover', 'how-to-make-the-most-of-a-10-hour-vientiane-layover', '', 'Make the Most of Your 10-Hour Transit in Vientiane! We’ve put together a schedule that lets you efficiently tour popular attractions, sample local food, and enjoy some shopping. Plus, we’ve included transportation and visa tips so you can use your limited time to the fullest. Model Schedule (10-Hour Plan) 08:00 | Arrive at the Airport', 'Vientiane', 'https://daydreamhub.com/wp-content/uploads/2025/02/image-79.jpg', '');
INSERT INTO blog_posts (title, slug, content, excerpt, city, thumbnail_url, published_at) VALUES ('Vientiane Shopping Hotspots: Where to Find the Best Deals and Local Finds', 'vientiane-shopping-hotspots-where-to-find-the-best-deals-and-local-finds', '', 'Shopping in Vientiane Shopping in Vientiane is a major draw for tourists. Must-see spots include Talat Sao Market and the Night Market, but don’t overlook local hidden gems offering great deals. Here’s a detailed schedule and practical tips to help you maximize your shopping adventures in Vientiane. Tips for Enjoying Shopping in Vientiane If you plan to', 'Vientiane', 'https://daydreamhub.com/wp-content/uploads/2025/02/image-72.jpg', '');
INSERT INTO blog_posts (title, slug, content, excerpt, city, thumbnail_url, published_at) VALUES ('The Best Vientiane Restaurants: Where to Eat During Your Transit Layover', 'the-best-vientiane-restaurants-where-to-eat-during-your-transit-layover', '', 'Even with a Short Transit, You Can Savor Delicious Food in Vientiane! This time, we’ve handpicked cafés, restaurants, and dining spots near the airport. Even if you’re pressed for time, we’ll show you a plan that ensures you get the most out of your visit. Popular Cafés & Restaurants Among Travelers Le Trio Coffee A', 'Vientiane', 'https://daydreamhub.com/wp-content/uploads/2025/02/image-66.jpg', '');
INSERT INTO blog_posts (title, slug, content, excerpt, city, thumbnail_url, published_at) VALUES ('Laos Currency Guide 2025: What Every Transit Traveler Should Know', 'laos-currency-guide-2025-what-every-transit-traveler-should-know', '', 'Should I Exchange Money? Can I Use Cards? Worried about short transit in Laos? Find out the latest on currency so you can enjoy a smooth stay! 1. Learn About Laos’ Currency Laos’ official currency is the kip (LAK). Banknotes range from 500 to 100,000 kip, and coins are almost non-existent. Be aware that the banknotes are quite large and', '', 'https://daydreamhub.com/wp-content/uploads/2025/02/image-61.jpg', '');
INSERT INTO blog_posts (title, slug, content, excerpt, city, thumbnail_url, published_at) VALUES ('How Vientiane Day Use Hotels Enhance Your Transit Experience', 'how-vientiane-day-use-hotels-enhance-your-transit-experience', '', 'The Perfect Transit Solution! How to Use Day-Use Hotels in Vientiane Got a long layover? Don’t waste it just sitting around the airport! ▶ For information on Vientiane visas, check here → Vientiane Transit Visa Guide By using a day-use hotel, you can refresh yourself comfortably even if you only have a short amount of time.Will', 'Vientiane', 'https://daydreamhub.com/wp-content/uploads/2025/02/image-55.jpg', '');
INSERT INTO blog_posts (title, slug, content, excerpt, city, thumbnail_url, published_at) VALUES ('Da Nang’s Culinary Secrets: Discover the Best Local Food Gems', 'da-nangs-culinary-secrets-discover-the-best-local-food-gems', '', 'Welcome to a Journey into Da Nang’s Culinary Culture! Da Nang’s appeal goes beyond its beautiful beaches.Enjoying authentic local cuisine is a highlight of any trip!Even if you have limited time, a gourmet adventure is possible.Why not explore Da Nang’s exquisite food scene? ▶ Short Layover or Transit? Enjoy Comfort Here! Check out Da Nang’s Day-Use', 'Da Nang', 'https://daydreamhub.com/wp-content/uploads/2025/02/image-50.jpg', '');
INSERT INTO blog_posts (title, slug, content, excerpt, city, thumbnail_url, published_at) VALUES ('Da Nang in 11 Hours: What to Do During Your Transit Stop', 'da-nang-in-11-hours-what-to-do-during-your-transit-stop', '', 'Not sure how to spend an 11-hour layover in Da Nang? Even with limited time, you can fully appreciate Da Nang’s charm! Here, we propose an efficient and fulfilling plan. Plan to Make the Most of Your 11-Hour Stay in Da Nang 8:00 AM – Arrival at the Airport & Immigration (1 hour)After arriving at', 'Da Nang', 'https://daydreamhub.com/wp-content/uploads/2025/02/E382BFE38299E3838AE383B3.jpg', '');
INSERT INTO blog_posts (title, slug, content, excerpt, city, thumbnail_url, published_at) VALUES ('The Best of Da Nang Shopping: From Bustling Markets to Chic Boutiques', 'the-best-of-da-nang-shopping-from-bustling-markets-to-chic-boutiques', '', 'Enjoy a Shopping Paradise in Da Nang! Da Nang offers two distinct shopping styles: markets and malls. Which do you prefer? Will you look for hidden gems at the local markets, or enjoy comfortable shopping in an air-conditioned mall? Find out which option suits you best in this article! Markets VS. Malls: Which One is', 'Da Nang', 'https://daydreamhub.com/wp-content/uploads/2025/02/image-44.jpg', '');
INSERT INTO blog_posts (title, slug, content, excerpt, city, thumbnail_url, published_at) VALUES ('5 Must-Try Da Nang Restaurants: Discover the Best Local Eats', '5-must-try-da-nang-restaurants-discover-the-best-local-eats', '', 'Short & Sweet Food Trip in Da Nang! Delicious Eats Even on a Transit If you have a layover at Da Nang Airport, don’t just sit around! Why not step outside to sample the city’s wonderful local food, even if you only have a short time? This guide introduces cafés and restaurants with easy airport', 'Da Nang', 'https://daydreamhub.com/wp-content/uploads/2025/02/image-38.jpg', '');
INSERT INTO blog_posts (title, slug, content, excerpt, city, thumbnail_url, published_at) VALUES ('The Ultimate Da Nang Food Guide: Must-Try Dishes for Every Traveler', 'the-ultimate-da-nang-food-guide-must-try-dishes-for-every-traveler', '', 'Da Nang Food Guide: Must-Try Local Cuisine & Food Experiences Ready for a culinary adventure in Da Nang? From local dishes to sweets and seafood, discover how to savor the city’s gourmet highlights—even with a short stay! ▶ Looking for a convenient place to stay during a short layover or transit? Check out this Da Nang', 'Da Nang', 'https://daydreamhub.com/wp-content/uploads/2025/02/image-32.jpg', '');
INSERT INTO blog_posts (title, slug, content, excerpt, city, thumbnail_url, published_at) VALUES ('How to Choose the Perfect Bangkok Day Use Hotel for a Stress-Free Transit', 'how-to-choose-the-perfect-bangkok-day-use-hotel-for-a-stress-free-transit', '', 'Don’t Just Wait Around at the Airport! Enjoy a Comfortable Transit with a Day-Use Hotel Spending transit time just sitting at the airport can be dull! But you might wonder, “Do I really have enough time to go into the city?” or “Can I really get refreshed?” The answer is YES! If you use a', 'Bangkok', 'https://daydreamhub.com/wp-content/uploads/2025/02/image-26.jpg', '');
INSERT INTO blog_posts (title, slug, content, excerpt, city, thumbnail_url, published_at) VALUES ('Da Nang Currency Guide for Transit Travelers: Should You Exchange Money?', 'da-nang-currency-guide-for-transit-travelers-should-you-exchange-money', '', 'Da Nang Currency Guide: Do You Need to Exchange Money During a Short Transit? If you have a short transit in Da Nang, should you get the local currency, or is credit card payment enough? Here’s everything you need to know about handling money in Da Nang! Da Nang Currency Basics: Check the Essentials First!', 'Da Nang', 'https://daydreamhub.com/wp-content/uploads/2025/02/image-21.jpg', '');
INSERT INTO blog_posts (title, slug, content, excerpt, city, thumbnail_url, published_at) VALUES ('Da Nang Transport Guide: How to Get from the Airport to the City Center', 'da-nang-transport-guide-how-to-get-from-the-airport-to-the-city-center', '', 'From Da Nang Airport to the City! What’s the Best Way to Get There? Da Nang Airport is about 5 km from the city center, and there are plenty of transportation options. Taxis, Grab, airport shuttle buses, motorbike taxis… Which one is best? Choose the ideal option based on time, budget, and comfort! Great Value', 'Da Nang', 'https://daydreamhub.com/wp-content/uploads/2025/02/image-16.jpg', '');
INSERT INTO blog_posts (title, slug, content, excerpt, city, thumbnail_url, published_at) VALUES ('Top 5 Bangkok Day Use Hotels: Perfect Layover Stays in the City', 'top-5-bangkok-day-use-hotels-perfect-layover-stays-in-the-city', '', 'Make the Most of Your Short Transit in Bangkok! Top 5 Recommended Day-Use Hotels Waiting around during a short transit in Bangkok is a wasted opportunity!Why not refresh yourself by utilizing day-use hotels, where you can rest comfortably for a few hours?Here are five carefully selected hotels for your convenience. 1. Uno Express / Deluxe', 'Bangkok', 'https://daydreamhub.com/wp-content/uploads/2025/02/hotel.jpg', '');
INSERT INTO blog_posts (title, slug, content, excerpt, city, thumbnail_url, published_at) VALUES ('Bangkok Currency Exchange: Best Places to Get the Best Rates', 'bangkok-currency-exchange-best-places-to-get-the-best-rates', '', 'Quick Guide to Currency in Bangkok! The official currency of Thailand is Baht (THB). Banknotes come in 20, 50, 100, 500, and 1,000 Baht denominations. Coins include 1, 2, 5, and 10 Baht values. Exchange rates are usually better in Thailand than in your home country. Rates fluctuate daily, so check the latest rates here! Thai Baht Basics & Currency Exchange Tips Watch', 'Bangkok', 'https://daydreamhub.com/wp-content/uploads/2025/02/image-12.jpg', '');
INSERT INTO blog_posts (title, slug, content, excerpt, city, thumbnail_url, published_at) VALUES ('Shopping in Bangkok: Essential Tips and Destinations for Transit Travelers', 'shopping-in-bangkok-essential-tips-and-destinations-for-transit-travelers', '', 'How to Enjoy Shopping During a Bangkok Layover! A long layover? Don’t just wait—make the most of it with a shopping spree in Bangkok! But you might be wondering, “Do I really have enough time?” Don’t worry! Here’s your guide to the best shopping areas and strategies for a quick and efficient shopping experience. Bangkok Shopping Guide by', 'Bangkok', 'https://daydreamhub.com/wp-content/uploads/2025/02/image-6.jpg', '');
INSERT INTO blog_posts (title, slug, content, excerpt, city, thumbnail_url, published_at) VALUES ('Bangkok Visa Guide for Travelers: Everything You Need to Know”', 'bangkok-visa-guide-for-travelers-everything-you-need-to-know', '', 'Bangkok Transit Guide! How to Enjoy Your Short Layover Waiting at the airport during your Bangkok layover? That’s a waste! You can explore the city even in a short time. However, don’t forget to check visa requirements—failing to do so might cause unexpected trouble. Ready to make the most of your layover? Let’s go! Do', 'Bangkok', 'https://daydreamhub.com/wp-content/uploads/2025/02/image.jpg', '');
INSERT INTO blog_posts (title, slug, content, excerpt, city, thumbnail_url, published_at) VALUES ('Bangkok Transport 101: Your Ultimate Guide from Airport to City Center', 'bangkok-transport-101-your-ultimate-guide-from-airport-to-city-center', '', 'Your Bangkok Adventure Starts at the Airport! The first challenge of your Bangkok trip? Getting from the airport to the city! Thinking, "I''ll just grab a taxi..."? Don’t be so sure! Traffic jams, scams, unnecessary detours… If you don’t plan ahead, you might start your trip with a major loss! This guide breaks down the fastest and most efficient ways', 'Bangkok', 'https://daydreamhub.com/wp-content/uploads/2025/02/image-205.jpg', '');
INSERT INTO blog_posts (title, slug, content, excerpt, city, thumbnail_url, published_at) VALUES ('Discover the Best Georgian Food in Tbilisi: A Transit Visitor’s Handbook', 'discover-the-best-georgian-food-in-tbilisi-a-transit-visitors-handbook', '', '"Is it impossible to enjoy Georgian cuisine during a transit?" No, it''s absolutely possible! Even with just a few hours, you can embark on a culinary adventure and savor authentic Khachapuri and Khinkali with the right plan. Let’s make the most of your short stay and indulge in the true flavors of Georgia! Discover the Essence of Georgian Cuisine in an Instant!', 'Tbilisi', 'https://daydreamhub.com/wp-content/uploads/2025/02/image-200.jpg', '');
INSERT INTO blog_posts (title, slug, content, excerpt, city, thumbnail_url, published_at) VALUES ('Bangkok Day Use Hotel Deals: Save Time and Money on Layovers', 'bangkok-day-use-hotel-deals-save-time-and-money-on-layovers', '', 'Are you planning to spend your long transit on an airport bench? Or would you rather relax comfortably in a day-use hotel? You might be wondering, "Is it worth booking a hotel for just a few hours?" But if you''re transiting in Bangkok, a day-use hotel is the ultimate choice! What is a Day-Use Hotel? The New Norm', 'Bangkok', 'https://daydreamhub.com/wp-content/uploads/2025/02/image-196.jpg', '');
INSERT INTO blog_posts (title, slug, content, excerpt, city, thumbnail_url, published_at) VALUES ('Top 10 Tbilisi Restaurants: A Local Foodie’s Guide to Georgian Cuisine', 'top-10-tbilisi-restaurants-a-local-foodies-guide-to-georgian-cuisine', '', 'Do you want to experience the essence of Georgian cuisine during your short layover in Tbilisi? Even with limited time, you can still savor authentic local flavors. Below, we introduce popular restaurants, easy-to-access food spots for transit travelers, and even romantic rooftop dining options. Plus, we’ll share essential dining etiquette and tips to make your culinary adventure smooth and enjoyable. Let’s dive', 'Tbilisi', 'https://daydreamhub.com/wp-content/uploads/2025/01/image-190.jpg', '');
INSERT INTO blog_posts (title, slug, content, excerpt, city, thumbnail_url, published_at) VALUES ('Your Ultimate Tbilisi Food Guide: Discover Georgia’s Culinary Treasures', 'your-ultimate-tbilisi-food-guide-discover-georgias-culinary-treasures', '', 'If you''re in Tbilisi, don''t miss out on a culinary adventure! Traditional dishes, local markets, wine bars—there are plenty of spots to enjoy, even on a short stay. No time? No problem! This guide will help you savor the best flavors of Tbilisi. The Charm of Georgian Cuisine: The Deep Flavors of Fermentation The secret', 'Tbilisi', 'https://daydreamhub.com/wp-content/uploads/2025/01/image-181.jpg', '');
INSERT INTO blog_posts (title, slug, content, excerpt, city, thumbnail_url, published_at) VALUES ('Georgia Currency for First-Time Visitors: Budgeting, Exchange Rates, and More', 'georgia-currency-for-first-time-visitors-budgeting-exchange-rates-and-more', '', 'Is your trip to Georgia fully planned? Master the use of the local currency, the lari, and enjoy sightseeing and shopping smartly! We’ll cover everything you need to know, from essential currency exchange tips to useful tools that you shouldn’t miss. What is Georgia’s Currency, the Lari? The official currency of Georgia is the lari (GEL), and don’t', '', 'https://daydreamhub.com/wp-content/uploads/2025/01/image-176.jpg', '');
INSERT INTO blog_posts (title, slug, content, excerpt, city, thumbnail_url, published_at) VALUES ('Public Transport in Tbilisi: Everything You Need to Know Before You Go', 'public-transport-in-tbilisi-everything-you-need-to-know-before-you-go', '', '1. Introduction Get to Know Tbilisi’s Transportation System Georgia’s capital is rich in culture and charm, but navigating its public transportation system can be challenging. This guide will help you master Tbilisi’s transport, from airport transfers to using the metro, buses, and minibuses (marshrutkas). With the right knowledge, you can confidently explore the city like', 'Tbilisi', 'https://daydreamhub.com/wp-content/uploads/2025/01/image-171.jpg', '');
INSERT INTO blog_posts (title, slug, content, excerpt, city, thumbnail_url, published_at) VALUES ('Why Tbilisi Day-Use Hotels Are Perfect for Short Stays and Quick Rests', 'why-tbilisi-day-use-hotels-are-perfect-for-short-stays-and-quick-rests', '', 'What Exactly is a Day-Use Hotel? Are you spending your layover hours at the airport simply staring at the clock? You might hesitate, thinking, “I only have a few hours, leaving the airport feels like a hassle.” But waiting around can be incredibly dull. Enter the day-use hotel—a game-changer for transit travelers. With flexible plans that', 'Tbilisi', 'https://daydreamhub.com/wp-content/uploads/2025/01/image-165.jpg', '');
INSERT INTO blog_posts (title, slug, content, excerpt, city, thumbnail_url, published_at) VALUES ('Best Restaurants in Bali: Where to Dine in Style', 'best-restaurants-in-bali-where-to-dine-in-style', '', 'The Essence of Bali Cuisine: Can One Meal Define Your Travel Experience? "Want to savor authentic Balinese cuisine but don’t have enough time?" Good news for those with this concern! With a short yet fulfilling plan that includes must-visit local warungs near the airport and resort-style beach cafes, you can indulge in Bali’s unique flavors', 'Bali', 'https://daydreamhub.com/wp-content/uploads/2025/01/image-160.jpg', '');
INSERT INTO blog_posts (title, slug, content, excerpt, city, thumbnail_url, published_at) VALUES ('Bali Street Food Guide: Must-Try Dishes for Every Food Lover', 'bali-street-food-guide-must-try-dishes-for-every-food-lover', '', 'Welcome to the World of Bali Street Food! Bali is renowned for its stunning beaches and mystical temples, but the true essence of the island lies in its street food! Are you satisfied with just sightseeing? To truly experience Bali, dive into the world of local cuisine. In this guide, we’ll introduce you to flavors', 'Bali', 'https://daydreamhub.com/wp-content/uploads/2025/01/image-154.jpg', '');
INSERT INTO blog_posts (title, slug, content, excerpt, city, thumbnail_url, published_at) VALUES ('Top 10 Manila Street Food Delights: Perfect for Short Visits', 'top-10-manila-street-food-delights-perfect-for-short-visits', '', 'What is Manila''s Street Food? Are you wondering how to spend your short transit time in Manila? Sitting idle at the airport can be boring, right? Let us introduce you to an adventurous plan: experiencing Manila''s street food. Safe and Fun! A Beginner’s Guide to Enjoying Street Food "Trying street food for the first time?', 'Manila', 'https://daydreamhub.com/wp-content/uploads/2025/01/image-146.jpg', '');
INSERT INTO blog_posts (title, slug, content, excerpt, city, thumbnail_url, published_at) VALUES ('The Ultimate Bali Transit Guide: What to See and Do', 'the-ultimate-bali-transit-guide-what-to-see-and-do', '', 'Don’t you think it’s boring to just wait around during a transit in Bali? Make the most of your six hours of free time and fully immerse yourself in Bali’s charm. It might be a slightly challenging plan, but it’s sure to become an unforgettable memory! Make the Most of Your 6 Hours of Free', 'Bali', 'https://daydreamhub.com/wp-content/uploads/2025/01/image-141.jpg', '');
INSERT INTO blog_posts (title, slug, content, excerpt, city, thumbnail_url, published_at) VALUES ('Where to Eat in Manila: Best Restaurants Near the Airport', 'where-to-eat-in-manila-best-restaurants-near-the-airport', '', '1. Introduction Will you let your Manila layover pass by idly, or will you take the plunge and embark on a culinary adventure? Hidden near the airport are fantastic dining spots that can satisfy your cravings, even in a short amount of time. Make the most of your time and indulge in the flavors of', 'Manila', 'https://daydreamhub.com/wp-content/uploads/2025/01/image-135.jpg', '');
INSERT INTO blog_posts (title, slug, content, excerpt, city, thumbnail_url, published_at) VALUES ('Top Cebu Restaurants Near the Airport for Layover Foodies', 'top-cebu-restaurants-near-the-airport-for-layover-foodies', '', 'Exploring Culinary Delights Around Cebu Airport! How to Make the Most of a Short Stay Why spend your transit time idly at Cebu Airport when there’s so much to explore nearby? Step out for a little adventure! From mouthwatering local delicacies to convenient day-use hotels, the area around Cebu Airport offers plenty of spots to', 'Cebu', 'https://daydreamhub.com/wp-content/uploads/2025/01/image-131.jpg', '');
INSERT INTO blog_posts (title, slug, content, excerpt, city, thumbnail_url, published_at) VALUES ('Exploring Cebu Cuisine: A Food Lover’s Guide for Transit Guests', 'exploring-cebu-cuisine-a-food-lovers-guide-for-transit-guests', '', 'Savor the Delights of Cebu Cuisine! A Gourmet Guide for Transit Travelers Can you truly enjoy Cebu’s culinary delights during a short layover? To answer this question, we’ve put together a comprehensive guide to Cebu’s food scene! From local specialty dishes to traveler-favorite cafes and restaurants, as well as convenient day-use hotels, this guide is', 'Cebu', 'https://daydreamhub.com/wp-content/uploads/2025/01/image-125.jpg', '');
INSERT INTO blog_posts (title, slug, content, excerpt, city, thumbnail_url, published_at) VALUES ('Top 10 Things to Do in Bali During a Short Transit Stay', 'top-10-things-to-do-in-bali-during-a-short-transit-stay', '', 'Why spend your transit time just waiting when you can immerse yourself in Bali’s charm, even in a short time? Here’s how to make the most of your layover with a slightly adventurous plan. Give it a try and turn your transit into a memorable experience! Don’t Let Your Transit in Bali Go to Waste!', 'Bali', 'https://daydreamhub.com/wp-content/uploads/2025/01/image-118.jpg', '');
INSERT INTO blog_posts (title, slug, content, excerpt, city, thumbnail_url, published_at) VALUES ('Ultimate Guide to Bali Food: Must-Try Dishes and Local Favorites', 'ultimate-guide-to-bali-food-must-try-dishes-and-local-favorites', '', 'Bali is a destination that captivates travelers worldwide with its diverse culinary culture and flavorful dishes. In this article, we’ll introduce must-try local foods, tips for enjoying Bali’s cuisine, and gourmet experiences you can savor even during a transit stop. What Makes Bali’s Food Culture So Fascinating? Bali’s food culture is uniquely shaped by its', 'Bali', 'https://daydreamhub.com/wp-content/uploads/2025/01/image-111.jpg', '');
INSERT INTO blog_posts (title, slug, content, excerpt, city, thumbnail_url, published_at) VALUES ('Cebu Street Food: What to Eat and Where to Find It', 'cebu-street-food-what-to-eat-and-where-to-find-it', '', 'Embark on a Journey to Discover the Charm of Cebu’s Street Food! Cebu Island is renowned for its stunning beaches and crystal-clear waters, but its street food is another attraction you shouldn’t miss. From local-favorite street stalls to restaurants popular with travelers, why not indulge in a gastronomic adventure? This article introduces the must-try delicacies', 'Cebu', 'https://daydreamhub.com/wp-content/uploads/2025/01/image-106.jpg', '');
INSERT INTO blog_posts (title, slug, content, excerpt, city, thumbnail_url, published_at) VALUES ('Manila Currency Exchange Hacks: Save Money and Time While Traveling', 'manila-currency-exchange-hacks-save-money-and-time-while-traveling', '', 'Managing your finances while traveling is crucial. Especially in Manila, having a bit of knowledge about currency exchange can make a significant difference. This blog introduces exchange techniques that are helpful for everyone, from beginners to seasoned travelers. After reading, you’ll surely want to give them a try right away! Currency Exchange in Manila: Basic', 'Manila', 'https://daydreamhub.com/wp-content/uploads/2025/01/image-101.jpg', '');
INSERT INTO blog_posts (title, slug, content, excerpt, city, thumbnail_url, published_at) VALUES ('Manila Transit Visa Application: A Step-by-Step Guide', 'manila-transit-visa-application-a-step-by-step-guide', '', 'Do You Need a Visa During a Transit in Manila? If you’re staying within the airport, a visa is not required. However, if you plan to step out for sightseeing or an overnight stay, you may need a transit visa. This article provides a clear guide on the application process to make your transit smooth and hassle-free!', 'Manila', 'https://daydreamhub.com/wp-content/uploads/2025/01/image-96.jpg', '');
INSERT INTO blog_posts (title, slug, content, excerpt, city, thumbnail_url, published_at) VALUES ('What Currency Does Armenia Use? A Traveler’s Essential Guide', 'what-currency-does-armenia-use-a-travelers-essential-guide', '', 'What is the Currency of Armenia? Essential Information to Know Before Traveling The currency used in Armenia is the Armenian Dram (AMD). The subunit known as the Luma is also used. Armenian banknotes are renowned for their vibrant designs, with denominations such as 1,000 and 5,000 Dram being common. To use the Dram smoothly during your trip, it’s', '', 'https://daydreamhub.com/wp-content/uploads/2025/01/image-91.jpg', '');
INSERT INTO blog_posts (title, slug, content, excerpt, city, thumbnail_url, published_at) VALUES ('Why Day-Use Hotels in Cairo Are Perfect for Your Short Stay', 'why-day-use-hotels-in-cairo-are-perfect-for-your-short-stay', '', 'How to Make the Most of a Short Stay in Cairo Spending your 9-hour transit just sitting at the airport would be a waste! Cairo is a fascinating city where history and energy collide. Even with just a few hours, you can create unforgettable experiences with the right planning. Here, we’ll share how to efficiently', 'Cairo', 'https://daydreamhub.com/wp-content/uploads/2025/01/image-87.jpg', '');
INSERT INTO blog_posts (title, slug, content, excerpt, city, thumbnail_url, published_at) VALUES ('Cairo Day-Use Hotels: A Traveler’s Guide to Comfort and Convenience', 'cairo-day-use-hotels-a-travelers-guide-to-comfort-and-convenience', '', 'How to Make the Most of a 9-Hour Transit in Cairo A 9-hour transit at Cairo International Airport might feel short, but with proper planning, it can turn into an exciting adventure! Here, we suggest a way to enjoy sightseeing and relaxation by using a day-use hotel as your base. Day-Use Hotels Near the Airport:', 'Cairo', 'https://daydreamhub.com/wp-content/uploads/2025/01/image-82.jpg', '');
INSERT INTO blog_posts (title, slug, content, excerpt, city, thumbnail_url, published_at) VALUES ('Discover the Best Lombok Day-Use Hotels for Travelers', 'discover-the-best-lombok-day-use-hotels-for-travelers', '', 'What Kind of Place is Lombok? Its Charm Even for a Short Visit Lombok Island is a beautiful gem of Indonesia, located east of Bali. It boasts untouched nature and serene beaches, offering a tranquil atmosphere with fewer tourists. Even with a short stay, you can fully enjoy its beauty and culture. The crystal-clear seas', 'Lombok', 'https://daydreamhub.com/wp-content/uploads/2025/01/image-76.jpg', '');
INSERT INTO blog_posts (title, slug, content, excerpt, city, thumbnail_url, published_at) VALUES ('Your Guide to Affordable Day-Use Hotels in Phuket', 'your-guide-to-affordable-day-use-hotels-in-phuket', '', 'How to Make the Most of Your Transit Time in Phuket With a 12-hour transit, you have the perfect opportunity to explore and enjoy Phuket! This time, we introduce a unique plan featuring the day-use hotel Phuketking Muay Thai Stay, where you can immerse yourself in Thai culture while enjoying both sightseeing and relaxation. Along with', 'Phuket', 'https://daydreamhub.com/wp-content/uploads/2025/01/image-73.jpg', '');
INSERT INTO blog_posts (title, slug, content, excerpt, city, thumbnail_url, published_at) VALUES ('Phuket Day-Use Hotels: Perfect for Your Short Stay or Layover', 'phuket-day-use-hotels-perfect-for-your-short-stay-or-layover', '', '12 Hours in Phuket: How to Make the Most of Your Transit Spending 12 hours just waiting at the airport is a missed opportunity. Even with limited time, you can fully enjoy the unique charm of Phuket. Here’s a guide to help you make the most of your transit, with a well-balanced plan to experience', 'Phuket', 'https://daydreamhub.com/wp-content/uploads/2025/01/image-67.jpg', '');
INSERT INTO blog_posts (title, slug, content, excerpt, city, thumbnail_url, published_at) VALUES ('Yerevan Day-Use Hotels: The Ultimate Solution for a Short Stay', 'yerevan-day-use-hotels-the-ultimate-solution-for-a-short-stay', '', 'How to Make the Most of Your Transit in Yerevan Are you wondering how to spend 6 hours of transit time? Let us suggest a plan to help you make the most of your short stay in Yerevan. With a balanced schedule that combines rest and sightseeing, you can enjoy a fulfilling and memorable time.', 'Yerevan', 'https://daydreamhub.com/wp-content/uploads/2025/01/image-62.jpg', '');
INSERT INTO blog_posts (title, slug, content, excerpt, city, thumbnail_url, published_at) VALUES ('Top Day-Use Hotels in Yerevan for Comfort and Convenience', 'top-day-use-hotels-in-yerevan-for-comfort-and-convenience', '', 'A 6-Hour Transit in Yerevan: Don’t Just Wait! Make the most of your stopover by combining a short stay at a day-use hotel with a quick city tour for a fulfilling experience. For more details about the Armenian transit visa, please refer to this guide. What is a Day-Use Hotel? A Comfortable Way to Spend Your Transit', 'Yerevan', 'https://daydreamhub.com/wp-content/uploads/2025/01/image-56.jpg', '');
INSERT INTO blog_posts (title, slug, content, excerpt, city, thumbnail_url, published_at) VALUES ('Colombo Transit Visa Rules: A Traveler’s Essential Guide', 'colombo-transit-visa-rules-a-travelers-essential-guide', '', 'Are you unsure whether to leave the airport during your transit? To make the most of your short stay at Colombo Airport in Sri Lanka, we’ve compiled a comprehensive guide on the rules and tips regarding transit visas. By reading this article, you’ll understand just how important preparation is, and you’ll be motivated to act', 'Colombo', 'https://daydreamhub.com/wp-content/uploads/2025/01/image-51.jpg', '');
INSERT INTO blog_posts (title, slug, content, excerpt, city, thumbnail_url, published_at) VALUES ('Auckland Transit Visa Requirements: Simplified for Easy Travel', 'auckland-transit-visa-requirements-simplified-for-easy-travel', '', 'What is a New Zealand Transit Visa? A New Zealand Transit Visa is required for travelers transiting through the country, even if they don’t leave the airport. Certain nationalities are obligated to obtain a Transit Visa or an NZeTA (Electronic Travel Authority). Even for short stays, a visa may still be necessary, so it’s crucial to check requirements ahead of time to', 'Auckland', 'https://daydreamhub.com/wp-content/uploads/2024/12/image-46.jpg', '');
INSERT INTO blog_posts (title, slug, content, excerpt, city, thumbnail_url, published_at) VALUES ('Yerevan Transit Visa Guide: Everything You Need for a Smooth Stopover in Armenia', 'yerevan-transit-visa-guide-everything-you-need-for-a-smooth-stopover-in-armenia', '', 'First Step to Enjoying a Transit in Armenia During your transit at Yerevan Airport, will you just sit and kill time?Or will you take a step forward and embark on an exotic adventure? Armenia is a country that can be fully enjoyed even during a short transit. Yerevan''s city center is just a 15-minute drive', 'Yerevan', 'https://daydreamhub.com/wp-content/uploads/2024/12/image-41.jpg', '');
INSERT INTO blog_posts (title, slug, content, excerpt, city, thumbnail_url, published_at) VALUES ('New Delhi Transit Visa Guide: What Travelers Need to Know', 'new-delhi-transit-visa-guide-what-travelers-need-to-know', '', 'During your transit in Delhi, are you wondering, “Should I leave the airport for sightseeing?” or “Do I need a visa?” This guide provides all the information you need to make your transit travel in India smooth and fulfilling. In this article, we’ll explain the visa requirements, the best times for sightseeing, and key points', 'New Delhi', 'https://daydreamhub.com/wp-content/uploads/2024/12/image-34.jpg', '');
INSERT INTO blog_posts (title, slug, content, excerpt, city, thumbnail_url, published_at) VALUES ('Vientiane Transit Visa: A Complete Guide for Smooth Travel in Laos', 'vientiane-transit-visa-a-complete-guide-for-smooth-travel-in-laos', '', 'For Those Planning a Transit at Vientiane Airport in Laos! We’ve compiled essential information to help you move smoothly and avoid trouble during your transit. With a bit of preparation, you can make your transit time both comfortable and meaningful! Thinking, “Should I step out during my layover?” If so, this article is for you.', 'Vientiane', 'https://daydreamhub.com/wp-content/uploads/2024/12/image-28.jpg', '');
INSERT INTO blog_posts (title, slug, content, excerpt, city, thumbnail_url, published_at) VALUES ('Day Use Hotels and Short Adventures: A Quick Guide to Da Nang’s Best Spots', 'day-use-hotels-and-short-adventures-a-quick-guide-to-da-nangs-best-spots', '', 'Make the Most of Your Time! Exploring the Charms of Da Nang Visiting Da Nang during a transit? Just waiting at the airport would be such a waste! Even with limited time, you can enjoy sightseeing and relaxation. “Can I really do that?” If you’re skeptical, why not give it a try? We present a', 'Da Nang', 'https://daydreamhub.com/wp-content/uploads/2024/12/image-26.jpg', '');
INSERT INTO blog_posts (title, slug, content, excerpt, city, thumbnail_url, published_at) VALUES ('Da Nang Transit Visa Guide: What You Need to Know Before You Travel', 'da-nang-transit-visa-guide-what-you-need-to-know-before-you-travel', '', 'Introduction: A Transit in Da Nang is the Beginning of an Adventure What would you do with a 3-hour transit? Just wait at the airport? Or would you take the chance to experience the charm of a foreign land, even in a short time? “Is that even possible in such a short time?” If that’s', 'Da Nang', 'https://daydreamhub.com/wp-content/uploads/2024/12/image-21.jpg', '');
INSERT INTO blog_posts (title, slug, content, excerpt, city, thumbnail_url, published_at) VALUES ('How to Make the Most of Your Short Stay: Da Nang Day Use Hotel and Nearby Fun', 'how-to-make-the-most-of-your-short-stay-da-nang-day-use-hotel-and-nearby-fun', '', 'The Ultimate Guide to Enjoying a Short Stay in Da Nang! Making the most of your transit time in Da Nang may seem easy, but it can actually be a bit challenging. But don’t worry! With the right planning, even a 6-hour stay can be packed with refreshing moments at a hotel while also exploring', 'Da Nang', 'https://daydreamhub.com/wp-content/uploads/2024/12/image-17.jpg', '');
INSERT INTO blog_posts (title, slug, content, excerpt, city, thumbnail_url, published_at) VALUES ('Affordable Day Use Hotels in Da Nang: Relax Between Flights or Sightseeing', 'affordable-day-use-hotels-in-da-nang-relax-between-flights-or-sightseeing', '', 'Make the Most of Your Transit in Da Nang! Enjoy Day-Use Hotels and Sightseeing Even with a short transit time, Da Nang allows you to enjoy both hotel stays and sightseeing! However, effective time management is key. In this article, we’ll propose a challenging yet rewarding plan, including how to make use of day-use hotels,', 'Da Nang', 'https://daydreamhub.com/wp-content/uploads/2024/12/image-11.jpg', '');
INSERT INTO blog_posts (title, slug, content, excerpt, city, thumbnail_url, published_at) VALUES ('Where to Find Day Use Hotels in Vientiane, Laos: A Quick Guide for Travelers', 'where-to-find-day-use-hotels-in-vientiane-laos-a-quick-guide-for-travelers', '', '"Even 10 Hours Can Be Unforgettable!" Discover Vientiane''s Charm in a Short Transit Got a 10-hour transit in Vientiane? Don''t let the short time go to waste! This guide introduces activities and refreshment options that make even a brief stop memorable. Experience the thrill of exploration and the joy of discovery all at once. Let', 'Vientiane', 'https://daydreamhub.com/wp-content/uploads/2024/12/Laos2.jpg', '');
INSERT INTO blog_posts (title, slug, content, excerpt, city, thumbnail_url, published_at) VALUES ('Relax and Refresh: Best Day Use Hotels in Vientiane, Laos', 'relax-and-refresh-best-day-use-hotels-in-vientiane-laos', '', 'A 10-hour transit in Vientiane might seem like a long wait, but with a bit of planning, it’s a golden opportunity to refresh and experience the charm of Laos. This guide introduces an efficient schedule and recommended spots so you can enjoy relaxation and sightseeing all in one go! Recommended Day Use Hotels ST Hotel', 'Vientiane', 'https://daydreamhub.com/wp-content/uploads/2024/12/Vientiane.jpg', '');
INSERT INTO blog_posts (title, slug, content, excerpt, city, thumbnail_url, published_at) VALUES ('Da Nang Day Use Hotels: Perfect Spots for Short Stays and Layover', 'da-nang-day-use-hotels-perfect-spots-for-short-stays-and-layover', '', 'Make the Most of Your Short Layover! Highlights Around Da Nang International Airport Don’t waste your short layover just waiting at the airport! The area around Da Nang International Airport is full of spots where you can relax or enjoy yourself, even with just a few hours to spare. Step outside for a quick adventure,', 'Da Nang', 'https://daydreamhub.com/wp-content/uploads/2024/12/image-5.jpg', '');
INSERT INTO blog_posts (title, slug, content, excerpt, city, thumbnail_url, published_at) VALUES ('Georgia Transit Visas & Tbilisi Airport: A Guide for Travelers', 'georgia-transit-visas-tbilisi-airport-a-guide-for-travelers', '', 'Planning a layover in Georgia but wondering if you need a visa? Even seasoned travelers may overlook certain rules about transit procedures, entry requirements, and the overall process. This comprehensive guide covers everything from visa requirements to airport logistics and sample schedules, ensuring a stress-free transit experience through Georgia. Transit Visa Basics: Do You Need', 'Tbilisi', 'https://daydreamhub.com/wp-content/uploads/2024/12/Passport-Control.jpg', '');
INSERT INTO blog_posts (title, slug, content, excerpt, city, thumbnail_url, published_at) VALUES ('Day Use Hotels vs. Regular Hotels in Vientiane: Which is Better for You?', 'day-use-hotels-vs-regular-hotels-in-vientiane-which-is-better-for-you', '', 'How to Enjoy a 10-Hour Transit in Vientiane? A stopover in Vientiane during your long journey. Spending 10 hours simply waiting would be a waste! With a day-use hotel, you can take a proper rest, explore the city, and even savor some local food—all within a short time. Wondering if you can really fit it', 'Vientiane', 'https://daydreamhub.com/wp-content/uploads/2024/12/BlogE58699E79C9FE381AEE382B3E38392E3829AE383BC.jpg', '');
INSERT INTO blog_posts (title, slug, content, excerpt, city, thumbnail_url, published_at) VALUES ('5 Must-Visit Spots During Your Transit in Tbilisi', '5-must-visit-spots-during-your-transit-in-tbilisi', '', 'If you have a transit layover in Tbilisi, you can enjoy the city’s highlights even with limited time! With a transit window of 6 hours and 45 minutes, you can pack in a mini adventure to explore some of Tbilisi’s most iconic attractions. Here are five must-visit spots that are perfect for a quick city', 'Tbilisi', 'https://daydreamhub.com/wp-content/uploads/2024/12/Tbilisi4.jpg', '');
INSERT INTO blog_posts (title, slug, content, excerpt, city, thumbnail_url, published_at) VALUES ('Transit in Tbilisi: How to Spend Your Layover Like a Local', 'transit-in-tbilisi-how-to-spend-your-layover-like-a-local', '', '“Experiencing Georgian Culture in Just 6 Hours and 45 Minutes? Impossible!” Think Again Tbilisi is one of those cities where even a short layover can offer a glimpse into the rich culture, history, and warm hospitality of Georgia. From indulging in delicious local cuisine to relaxing in the city’s famed sulfur baths, your time in', 'Tbilisi', 'https://daydreamhub.com/wp-content/uploads/2024/12/Tbilisi-3.jpg', '');
INSERT INTO blog_posts (title, slug, content, excerpt, city, thumbnail_url, published_at) VALUES ('Tbilisi Day Use Hotels : Quick and Convenient Options for Your Layover', 'tbilisi-day-use-hotels-quick-and-convenient-options-for-your-layover', '', 'Short Layover in Tbilisi: What Are Your Options? With 6 hours and 45 minutes to spare in Tbilisi, how would you spend your time? “Rest or explore?” If you’re undecided, why not do both? Instead of idling at the airport, seize the opportunity to experience a slice of this charming city. Here’s a guide to', 'Tbilisi', 'https://daydreamhub.com/wp-content/uploads/2024/12/Tbilisi-Transportation.jpg', '');
INSERT INTO blog_posts (title, slug, content, excerpt, city, thumbnail_url, published_at) VALUES ('Top Day Use Hotels in Tbilisi for Rest and Relaxation', 'top-day-use-hotels-in-tbilisi-for-rest-and-relaxation', '', 'How to Make the Most of Your Transit in Tbilisi Wondering how to spend your transit time in Georgia’s capital, Tbilisi? Even with just 6 hours and 45 minutes, you can rest, recharge, and enjoy some sightseeing! Sounds impossible? This article provides a detailed schedule and top recommendations to help you make the most of', 'Tbilisi', 'https://daydreamhub.com/wp-content/uploads/2024/12/Tbilisi-2.jpg', '');
INSERT INTO blog_posts (title, slug, content, excerpt, city, thumbnail_url, published_at) VALUES ('Your Guide to the Best Day Use Hotels in Tbilisi', 'your-guide-to-the-best-day-use-hotels-in-tbilisi', '', 'How to Spend 6 Hours and 45 Minutes in Tbilisi: A Challenging yet Rewarding Transit Guide Got only 6 hours and 45 minutes in Tbilisi during a layover? Sounds too short, doesn’t it? But with strategic planning and a pinch of adventurous spirit, you can explore Georgia’s capital city and make it back in time', 'Tbilisi', 'https://daydreamhub.com/wp-content/uploads/2024/12/Tbilisi-1.jpg', '');
INSERT INTO blog_posts (title, slug, content, excerpt, city, thumbnail_url, published_at) VALUES ('Transit in India: How to Make the Most of Your Stopover', 'transit-in-india-how-to-make-the-most-of-your-stopover', '', 'A long layover can either be an endless waiting period or an unforgettable adventure. Planning an 11-hour stopover in Delhi requires smart scheduling, offering you a chance to fully experience Indian culture and hospitality in a short amount of time. Make the Most of Your Time: An Efficient Itinerary Sample Itinerary 3:30 AM Arrival, immigration &', '', 'https://daydreamhub.com/wp-content/uploads/2024/12/インド_サムネ.jpg', '');
INSERT INTO blog_posts (title, slug, content, excerpt, city, thumbnail_url, published_at) VALUES ('Discover India During Your Transit: Top Things to Do Near Airports', 'discover-india-during-your-transit-top-things-to-do-near-airports', '', 'Discover India During Your Transit: Top Things to Do Near Airports Stuck on what to do during a long layover? Make the most of your 11-hour transit at Delhi Airport by exploring Indian culture, sightseeing, or indulging in some luxury downtime. Can you fit it all in? Try it out and see! Rest and Recharge', '', 'https://daydreamhub.com/wp-content/uploads/2024/12/旅行1-1.jpg', '');
INSERT INTO blog_posts (title, slug, content, excerpt, city, thumbnail_url, published_at) VALUES ('Top destinations during a layover in India: From Airports to Attractions', 'top-transit-destinations-in-india-from-airports-to-attractions', '', 'Transit in Delhi Isn’t Just Waiting – It’s the Start of an Adventure! An 11-hour transit in Delhi doesn’t have to be dull! Why spend hours in the airport when you can explore nearby attractions or relax in a convenient day-use hotel? Make your layover a memorable adventure. Itinerary: The Ultimate 11-Hour Delhi Transit Plan', '', 'https://daydreamhub.com/wp-content/uploads/2024/12/飛行機.jpg', '');
INSERT INTO blog_posts (title, slug, content, excerpt, city, thumbnail_url, published_at) VALUES ('Layover in India? Here’s Your Ultimate Transit Guide', 'layover-in-india-heres-your-ultimate-transit-guide', '', '11 Hours in Delhi: Your Ultimate Transit Guide A layover in Delhi for approximately 11 hours."That’s plenty of time to explore, right?" But what if your flight arrives at midnight and departs early morning?Think exploring the city is impossible? Not so fast!In this guide, we’ll show you how to make the most of your time', '', 'https://daydreamhub.com/wp-content/uploads/2024/12/Layover-India.jpg', '');
INSERT INTO blog_posts (title, slug, content, excerpt, city, thumbnail_url, published_at) VALUES ('Why Day Use Hotels Are Perfect for Transit Travelers in India', 'why-day-use-hotels-are-perfect-for-transit-travelers-in-india', '', 'A Traveler’s Savior During Layovers: The Appeal of Day Use Hotels Wasting time doing nothing during a layover? That’s a missed opportunity! Day use hotels provide the perfect place for a nap, a shower, or just a moment to refresh, making your journey significantly more comfortable. Especially at major hub airports like Indira Gandhi International', '', 'https://daydreamhub.com/wp-content/uploads/2024/12/IndiaHotel2.jpg', '');
INSERT INTO blog_posts (title, slug, content, excerpt, city, thumbnail_url, published_at) VALUES ('Affordable and Luxurious Day Use Hotels in India', 'affordable-and-luxurious-day-use-hotels-in-india', '', 'Maximize Your Layover! The Appeal of Day Use Hotels Stuck with long hours between flights? Don’t let your precious time go to waste just waiting at the airport. Enter the world of day use hotels! Enjoy short stays with access to comfortable rooms, refreshing showers, and even gyms or pools. Rejuvenate and get ready for', '', 'https://daydreamhub.com/wp-content/uploads/2024/12/Hotel-India.jpg', '');
INSERT INTO blog_posts (title, slug, content, excerpt, city, thumbnail_url, published_at) VALUES ('Top Day Use Hotels in India: Comfort and Convenience for Travelers', 'top-day-use-hotels-in-india-comfort-and-convenience-for-travelers', '', 'Make Long Layovers More Comfortable! Recommended Day-Use Hotels in Delhi Long layovers can feel exhausting and tedious—don’t you agree? Spending 11 hours waiting at Delhi International Airport without a plan is such a waste! Instead, consider using a day-use hotel to relax and refresh before your next flight. Here’s how you can transform your layover', '', 'https://daydreamhub.com/wp-content/uploads/2024/12/デリー空港-1.jpg', '');
INSERT INTO blog_posts (title, slug, content, excerpt, city, thumbnail_url, published_at) VALUES ('Your Guide to Day Use Hotels in India: Flexible Stays for Busy Schedules', 'your-guide-to-day-use-hotels-in-india-flexible-stays-for-busy-schedules', '', 'Make Your Long Layovers Comfortable! What Are Day Use Hotels? Traveling can be exhausting, especially during long layovers. This is where day use hotels come to the rescue. Unlike traditional hotels that primarily cater to overnight stays, day use hotels allow you to book a room for just a few hours during the day, making', '', 'https://daydreamhub.com/wp-content/uploads/2024/12/IndiaAirport.jpg', '');
INSERT INTO blog_posts (title, slug, content, excerpt, city, thumbnail_url, published_at) VALUES ('Layover Cebu: Why Day-Use Hotels Are Perfect for Transit Travelers', 'layover-cebu-why-day-use-hotels-are-perfect-for-transit-travelers', '', '8.5 Hours in Cebu: How to Make the Most of Your Transit Time Long layovers can feel like wasted time—but not in Cebu! Even with just 8.5 hours, you can turn your layover into a mini adventure. With smart planning, your short stay can be packed with fun and relaxation. Why not try a day-use', 'Cebu', 'https://daydreamhub.com/wp-content/uploads/2024/12/Cebuトランジット.jpg', '');
INSERT INTO blog_posts (title, slug, content, excerpt, city, thumbnail_url, published_at) VALUES ('Layover in Manila: Affordable and Convenient Day-Use Hotel Options', 'layover-in-manila-affordable-and-convenient-day-use-hotel-options', '', 'Turn Your Manila Transit into an Enjoyable Adventure! A 15-hour layover might sound like a drag, but in Manila, it can become a mini-adventure if you plan wisely. In this blog, we’ll explore short activities and efficient scheduling tips to make the most of your time. Is it really possible to pull this off? Let’s', 'Manila', 'https://daydreamhub.com/wp-content/uploads/2024/12/Cebu空港.jpg', '');
INSERT INTO blog_posts (title, slug, content, excerpt, city, thumbnail_url, published_at) VALUES ('Layover Cebu Guide: Rest, Recharge, and Refresh at Day-Use Hotels', 'layover-cebu-guide-rest-recharge-and-refresh-at-day-use-hotels', '', 'How to Spend Your Transit Time in Cebu: Make the Most of a Short Layover Transit in Cebu for 6 hours and 20 minutes. It might seem like a long time, but it''s also short enough to fly by if spent meaninglessly at the airport. Instead of waiting aimlessly, why not rejuvenate at a day-use', 'Cebu', 'https://daydreamhub.com/wp-content/uploads/2024/12/Cebu　都市-1.jpg', '');
INSERT INTO blog_posts (title, slug, content, excerpt, city, thumbnail_url, published_at) VALUES ('Manila Layover Guide: Best Day-Use Hotels for Rest Between Flights', 'manila-layover-guide-best-day-use-hotels-for-rest-between-flights', '', 'Make the Most of a 15-Hour Layover in Manila! Why waste 15 hours sitting around during your layover in Manila? This vibrant city is packed with attractions that you can enjoy, even on a tight schedule. In this article, we’ll show you how to make the most of your layover with plans and top spots', 'Manila', 'https://daydreamhub.com/wp-content/uploads/2024/11/Manila-transit.jpg', '');
INSERT INTO blog_posts (title, slug, content, excerpt, city, thumbnail_url, published_at) VALUES ('Layover Manila: How to Make the Most of Your Transit Time with Day-Use Hotels', 'layover-manila-how-to-make-the-most-of-your-transit-time-with-day-use-hotels', '', 'Welcome to Manila! Enjoy a Short but Memorable Transit Experience A 15-hour layover in Manila might sound like a challenge, but the answer to “Can you actually do anything?” is a resounding yes! This vibrant city offers an array of experiences, even with limited time. From a refreshing break at a day-use hotel to indulging', 'Manila', 'https://daydreamhub.com/wp-content/uploads/2024/11/トランジット.jpg', '');
INSERT INTO blog_posts (title, slug, content, excerpt, city, thumbnail_url, published_at) VALUES ('Maximize Your Manila Layover with These Convenient Day-Use Hotels', 'maximize-your-manila-layover-with-these-convenient-day-use-hotels', '', 'How to Make the Most of Your 15-Hour Manila Stay Think long layovers are boring? Even with a 15-hour stay in Manila, you have the chance to experience Filipino hospitality to the fullest. Refresh yourself at a day-use hotel and embark on an adventure that captures Manila''s essence in a compact timeframe! Though time is', 'Manila', 'https://daydreamhub.com/wp-content/uploads/2024/11/Manila空港.jpg', '');
INSERT INTO blog_posts (title, slug, content, excerpt, city, thumbnail_url, published_at) VALUES ('Delicious Cuisine at Shangri-La: Why Food Lovers Must Visit', 'delicious-cuisine-at-shangri-la-why-food-lovers-must-visit', '', 'For food enthusiasts, "Shangri-La Plaza Mall" is a must-visit destination. This is not a dream world from manga or movies - it''s a real food paradise. The variety of cuisine available here is overwhelming, from local Filipino dishes to international gourmet options. The biggest challenge - and perhaps the greatest pleasure - is choosing what', '', 'https://daydreamhub.com/wp-content/uploads/2024/11/Shangri-la-Plaza.jpg', '');
INSERT INTO blog_posts (title, slug, content, excerpt, city, thumbnail_url, published_at) VALUES ('Day Use Hotels in Ho Chi Minh City: Perfect for Short Stays and Transit Stops', 'day-use-hotels-in-ho-chi-minh-city-perfect-for-short-stays-and-transit-stops', '', 'Ho Chi Minh City is a vibrant, energetic metropolis, but during long transit stops, you might want a little rest, right? Let us show you how to make the most of your 14-hour layover - whether you want to relax, explore the city a bit, or even get some work done. In this article, we''ll', 'Ho Chi Minh City', 'https://daydreamhub.com/wp-content/uploads/2024/11/Ho-Chi-Minh-day-use-hotel.jpg', '');
INSERT INTO blog_posts (title, slug, content, excerpt, city, thumbnail_url, published_at) VALUES ('Last-Minute Shopping Near Bali Airport: What You Shouldn’t Miss', 'last-minute-shopping-near-bali-airport-what-you-shouldnt-miss-2', '', 'Are you wondering how to spend your layover at Bali''s Ngurah Rai International Airport? Instead of just waiting at the airport, why not try something more adventurous? Even with just a few hours, you can experience a shopping adventure packed with Bali''s charm. Learn about Bali''s currency before you start shopping!：How to Exchange Currency for', 'Bali', 'https://daydreamhub.com/wp-content/uploads/2024/11/BaliShopping-1.jpg', '');
INSERT INTO blog_posts (title, slug, content, excerpt, city, thumbnail_url, published_at) VALUES ('Discover Manila’s Top Day Use Hotels for Busy Travelers', 'discover-manilas-top-day-use-hotels-for-busy-travelers', '', 'Long layover at Manila''s Ninoy Aquino International Airport (MNL)? What could be a tedious wait can be transformed into a comfortable and fulfilling day by utilizing day use hotels. Here, we''ll explain why day use hotels are perfect for long layovers, how to use your time efficiently, and share tips for making reservations. Why Choose', 'Manila', 'https://daydreamhub.com/wp-content/uploads/2024/11/Busy-Travelar.jpg', '');
INSERT INTO blog_posts (title, slug, content, excerpt, city, thumbnail_url, published_at) VALUES ('Top Shopping Destinations Near Bali Airport for Every Traveler', 'top-shopping-destinations-near-bali-airport-for-every-traveler', '', 'Do you think long layovers are boring? Not in Bali! There are many famous tourist shopping spots around Bali airport. Let''s make use of your transit time to find souvenirs, enjoy local cuisine, and even have a little adventure. Is this really possible? Don''t worry, after reading this article, you''ll be fully prepared! Krishna Oleh', 'Bali', 'https://daydreamhub.com/wp-content/uploads/2024/11/Krisna.jpg', '');
INSERT INTO blog_posts (title, slug, content, excerpt, city, thumbnail_url, published_at) VALUES ('Can You Make the Most of a 15-Hour Transit in Manila?', 'can-you-make-the-most-of-a-15-hour-transit-in-manila', '', 'Is it possible to fully enjoy Manila during a 15-hour layover? By transforming your waiting time at the airport into an opportunity for exploration and relaxation, you can have a rewarding experience even within a limited timeframe. You might wonder, “Can this really be done?” Here’s a challenging itinerary designed to help you make the', 'Manila', 'https://daydreamhub.com/wp-content/uploads/2024/11/manila-day-use-1.avif', '');
INSERT INTO blog_posts (title, slug, content, excerpt, city, thumbnail_url, published_at) VALUES ('Shop Smart and Save Big at Ho Chi Minh Airport! Your Ultimate Duty-Free Shopping Guide', 'shop-smart-and-save-big-at-ho-chi-minh-airport-your-ultimate-duty-free-shopping-guide', '', 'As the gateway to Ho Chi Minh City, Tan Son Nhat International Airport offers a bustling duty-free shopping zone that’s ready to amaze you. Why not make the most of your pre-departure time and enjoy a shopping adventure in these duty-free stores? With limited time on hand, the key is to shop wisely, find the', '', 'https://daydreamhub.com/wp-content/uploads/2024/11/ho-chi-minh-duty-free-1.jpg', '');
INSERT INTO blog_posts (title, slug, content, excerpt, city, thumbnail_url, published_at) VALUES ('Vietnam Duty-Free Guide: What to Buy and Where to Shop', 'vietnam-duty-free-guide-what-to-buy-and-where-to-shop', '', 'Introduction If you''re transiting through or staying in Vietnam for a short period, make the most of your duty-free shopping with this comprehensive guide covering: What: Recommended Duty-Free ProductsDiscover top picks like luxury cosmetics, Vietnamese coffee sets, silk scarves, local spices, and traditional liquor. Where: Best Shopping SpotsLearn how to shop efficiently at 24-hour duty-free', '', 'https://daydreamhub.com/wp-content/uploads/2024/11/Duty-free.jpg', '');
INSERT INTO blog_posts (title, slug, content, excerpt, city, thumbnail_url, published_at) VALUES ('Perfect for Families & Date Nights: The Ultimate Gourmet Challenge at Shangri-La Plaza', 'perfect-for-families-date-nights-the-ultimate-gourmet-challenge-at-shangri-la-plaza', '', 'Are you ready for a day-long gourmet adventure at Shangri-La Plaza? From family-friendly breakfasts to romantic dinners, this mall has it all. But can you visit all these spots in one day? Take on the challenge and discover the best dining experiences Shangri-La Plaza has to offer. Start Your Morning Right: Family-Friendly Breakfast and Brunch', '', 'https://daydreamhub.com/wp-content/uploads/2024/11/resized_restaurant_image_2.jpg', '');
INSERT INTO blog_posts (title, slug, content, excerpt, city, thumbnail_url, published_at) VALUES ('A Complete Review of Ho Chi Minh Airport Duty Free: Best Deals & Discounts', 'a-complete-review-of-ho-chi-minh-airport-duty-free-best-deals-discounts', '', 'For those transiting through Ho Chi Minh Airport (Tan Son Nhat International Airport), enjoying the duty-free shops is possible even during a short layover. Don’t give up just because you think “I don’t have enough time!” This guide will show you how to make the most of your limited time for smart, value-filled duty-free shopping.', '', 'https://daydreamhub.com/wp-content/uploads/2024/11/Ho-Chi-Minh-Duty-free-1.jpeg', '');
INSERT INTO blog_posts (title, slug, content, excerpt, city, thumbnail_url, published_at) VALUES ('Why Choose a Day-Use Hotel During an 11-Hour Layover in  City?', 'why-choose-a-day-use-hotel-during-an-11-hour-layover-in-ho-chi-minh-city', '', 'If you have an 11-hour layover in Ho Chi Minh City, don’t waste it at the airport. A day-use hotel lets you relax, recharge, and explore stress-free before your next flight. With a well-planned stay, you can turn your layover into a comfortable and memorable experience. Recommended Day-Use Hotels for Exploring During Your Layover Here are some highly-rated day-use', 'Ho Chi Minh City', 'https://daydreamhub.com/wp-content/uploads/2024/10/image.jpg', '');
INSERT INTO blog_posts (title, slug, content, excerpt, city, thumbnail_url, published_at) VALUES ('Smart Shopping at Ho Chi Minh Airport Duty-Free! A Guide to Surprising Finds and Smart Buys', 'smart-shopping-at-ho-chi-minh-airport-duty-free-a-guide-to-surprising-finds-and-smart-buys', '', 'As the gateway to Ho Chi Minh City, Tan Son Nhat International Airport offers a lively duty-free shopping zone worthy of Vietnam’s largest city. Why not make the most of your time before departure by indulging in some exciting shopping? The key to a successful experience lies in making savvy, enjoyable purchases despite limited time.', '', 'https://daydreamhub.com/wp-content/uploads/2024/10/cfimages-3.jpeg', '');
INSERT INTO blog_posts (title, slug, content, excerpt, city, thumbnail_url, published_at) VALUES ('Vietnam Duty-Free Guide: What to Buy and Where to Shop', 'what-to-buy-at-vietnam-duty-free-check-the-basics', '', 'What to Buy at Vietnam Duty-Free? Check the Basics! Do you want to enjoy the best shopping experience during your transit at Vietnam''s airports, even with limited time? Shopping at Duty-Free is a perfect opportunity to save time and money. Here, we provide essential information for shopping at Vietnam''s major airports. Where Is the Best', '', 'https://daydreamhub.com/wp-content/uploads/2024/10/cfimages-2.jpeg', '');
INSERT INTO blog_posts (title, slug, content, excerpt, city, thumbnail_url, published_at) VALUES ('Trip to Cebu Island:What to bring and How to minimize environmental impact?', 'trip-to-cebu-islandwhat-to-bring-and-how-to-minimize-environmental-impact', '', 'When planning a trip to Cebu Island, considering what to bring and how to minimize environmental impact can significantly enhance your travel experience. By choosing environmentally friendly products and sustainable travel items, you contribute to preserving the beautiful nature while ensuring a comfortable stay. This guide introduces the ideal packing list for traveling to Cebu', 'Cebu', 'https://daydreamhub.com/wp-content/uploads/2024/10/パッキング.jpg', '');
INSERT INTO blog_posts (title, slug, content, excerpt, city, thumbnail_url, published_at) VALUES ('Maximize Your Cebu Transit: Work and Explore Smartly at IT Park!', 'maximize-your-cebu-transit-work-and-explore-smartly-at-it-park', '', 'Spending your transit time at the airport? That’s a missed opportunity! With about 8 hours to spare, you can visit IT Park, enjoy its cafes and restaurants, and maybe even get some work done. In this guide, we''ll introduce a schedule and must-visit spots to help you make the most of your limited time. Think', 'Cebu', 'https://daydreamhub.com/wp-content/uploads/2024/09/src_16086012.jpg', '');
INSERT INTO blog_posts (title, slug, content, excerpt, city, thumbnail_url, published_at) VALUES ('Make the Most of Your Transit Time! Experience Art During Your Transit', 'make-the-most-of-your-transit-time-experience-art-during-your-transit', '', 'How will you spend your transit time at Cebu International Airport? With a significant layover of 7 hours and 50 minutes, it would be a waste to just wait around! This time, we suggest a plan that allows you to explore Cebu''s culture and art scene while enjoying an art session both inside and outside', '', 'https://daydreamhub.com/wp-content/uploads/2024/09/245692058_7009444049081895_8113175993781987265_n.jpg', '');
INSERT INTO blog_posts (title, slug, content, excerpt, city, thumbnail_url, published_at) VALUES ('A Local Market Challenge During Your Cebu Transit! Can You Really Experience the Flavors of the Philippines?', 'a-local-market-challenge-during-your-cebu-transit-can-you-really-experience-the-flavors-of-the-philippines', '', 'With a 7-hour and 50-minute layover at Mactan-Cebu International Airport, grabbing a quick snack at anairport café won''t do justice to the rich flavors of Filipino cuisine. Why not take the chance to dive into the authentic local food scene at Cebu’s bustling markets, wherelocals gather for food and shopping? But with limited time, can', 'Cebu', 'https://daydreamhub.com/wp-content/uploads/2024/09/e97558b4460cd95dedbcefc0ff6eae29.jpg', '');
INSERT INTO blog_posts (title, slug, content, excerpt, city, thumbnail_url, published_at) VALUES ('Join a Yoga Class During Your Transit! A Time for Relaxation and Challenge', 'join-a-yoga-class-during-your-transit-a-time-for-relaxation-and-challenge', '', '14 hours of transit—are you just going to scroll through your phone at the airport to pass the time? That would be such a waste! This time, we’re introducing a challenging plan to make the most of yourtransit by doing yoga and refreshing yourself by stepping out of Cebu Airport and into the city. Can', '', 'https://daydreamhub.com/wp-content/uploads/2024/09/a8a713582dd6b432b852bde2066c18e8.jpg', '');
INSERT INTO blog_posts (title, slug, content, excerpt, city, thumbnail_url, published_at) VALUES ('Join a Historical Cebu Tour During Your Layover! Explore Beyond the Airport and Learn About the Local Culture', 'join-a-historical-cebu-tour-during-your-layover-explore-beyond-the-airport-and-learn-about-the-local-culture', '', 'If you have a 14-hour layover in Cebu, why just lounge at the airport? Isn’t that a waste of time? But you might wonder, can I really get to know Cebu in just 14 hours? Many people would ask this. In reality, why not challenge yourself to see just how much you can explore in', 'Cebu', 'https://daydreamhub.com/wp-content/uploads/2024/09/2017-Cebu-Philippines-Travel-Blog-5-1024x575-1.webp', '');
INSERT INTO blog_posts (title, slug, content, excerpt, city, thumbnail_url, published_at) VALUES ('Challenge Yourself with Zumba During Your Layover!', 'challenge-yourself-with-zumba-during-your-layover', '', 'Got a 14-hour layover in Cebu? How are you going to spend it? Just waiting at the airport can be boring... You might wonder, “But can I do something active like exercising?” Well, let me introduce you to Zumba, an energetic dance fitness experience that you can enjoy around Cebu Airport! Zumba is a full-body', '', 'https://daydreamhub.com/wp-content/uploads/2024/09/bfbca7277ebdcb399bee2b76bc0cbad9.jpg', '');
INSERT INTO blog_posts (title, slug, content, excerpt, city, thumbnail_url, published_at) VALUES ('Discover Thailand’s Street Food During Your Transit! A Complete Local Food Guide', 'discover-thailands-street-food-during-your-transit-a-complete-local-food-guide', '', 'The moment you step foot in Thailand, you’ll want to savor authentic Thai cuisine! But with a 12-hour layover, waiting at the airport would be such a waste! Suvarnabhumi Airport (BKK) in Bangkok offers the perfect chance to dive into the world of local Thai street food. In this article, we’ll introduce the ultimate plan', '', 'https://daydreamhub.com/wp-content/uploads/2024/09/suvarnabhumi-outside.jpg', '');
INSERT INTO blog_posts (title, slug, content, excerpt, city, thumbnail_url, published_at) VALUES ('Volunteering During Transit! Contribute to the Local Community at the Airport', 'volunteering-during-transit-contribute-to-the-local-community-at-the-airport', '', 'Arriving at Cebu Airport! How to Make the Most of a 14-Hour Transit? If you have a 14-hour layover at Cebu’s Mactan-Cebu International Airport (CEB), it would be a waste to simply pass the time. The airport offers volunteer activities where you can make a positive impact on the local community, evenwith just a few', '', 'https://daydreamhub.com/wp-content/uploads/2024/09/MCIA-Main-Image-1200x798-min-1024x681.jpg', '');
INSERT INTO blog_posts (title, slug, content, excerpt, city, thumbnail_url, published_at) VALUES ('Experience Cebu Cuisine! Challenge Filipino Flavors in a Bamboo Cooking Class', 'experience-cebu-cuisine-challenge-filipino-flavors-in-a-bamboo-cooking-class', '', 'Not satisfied with an ordinary cooking class? Then this traditional Filipino cooking class using bamboo is perfect for you. Here, you''ll cook dishes with unique Cebu flavors, distinct even within Asia, using bamboo as a natural material. By challenging yourself to cook Filipino classics like "Adobo", "Lechon", and "Kare-kare", you can literally "taste" a different', 'Cebu', 'https://daydreamhub.com/wp-content/uploads/2024/09/image-12-1.jpg', '');
INSERT INTO blog_posts (title, slug, content, excerpt, city, thumbnail_url, published_at) VALUES ('Can You Visit 5 Temples in Bangkok During a 14-Hour Layover?', 'suvarnabhumi-airport-edition-can-you-visit-5-temples-in-bangkok-during-a-14-hour-layover', '', 'Ever wondered, "Can I really visit Bangkok''s temples during a short layover?" Well, if you''re up for it, it’s totally doable! The plan I''m introducing today is a bit challenging—visiting five iconic temples within a limited time frame. But with a well-organized schedule and an efficient route, you can fully experience the charm of Bangkok,even within', 'Bangkok', 'https://daydreamhub.com/wp-content/uploads/2024/09/112.jpg', '');
INSERT INTO blog_posts (title, slug, content, excerpt, city, thumbnail_url, published_at) VALUES ('Reset Your Entire Body with a Thai Massage During Transit!', 'reset-your-entire-body-fatigue-with-a-thai-massage-during-transit', '', 'After sitting on a plane for hours, your shoulders, lower back, and legs start to feel tired, right? That’s where a Thai massage at Suvarnabhumi Airport comes in! But you may be wondering, can you really reset your entire body fatigue in such a short time? Reading this article might answer that question. Or maybe', '', 'https://daydreamhub.com/wp-content/uploads/2024/09/PH1-1.jpeg', '');
INSERT INTO blog_posts (title, slug, content, excerpt, city, thumbnail_url, published_at) VALUES ('Can you really do it during a 5-hour transit? Try Thai Fortune Telling!', 'can-you-really-do-it-during-a-5-hour-transit-try-thai-fortune-telling', '', 'Is spending your entire layover scrolling through your phone really the best way to pass the time? Why not try something more exciting? With 5 hours of transit at Suvarnabhumi Airport, you can experience something unique: Thai fortune telling. Let’s see if it’s possible to dive into this spiritual experience during your limited layover time!', '', 'https://daydreamhub.com/wp-content/uploads/2024/09/3717783.jpg', '');
INSERT INTO blog_posts (title, slug, content, excerpt, city, thumbnail_url, published_at) VALUES ('Try an Authentic Muay Thai Class During Your Transit!', 'try-an-authentic-muay-thai-class-during-your-transit', '', 'Satisfied with just waiting for hours during transit? Isn’t that a waste of time? Why not make the most of your stopover in Bangkok by challenging yourself with Muay Thai, the ultimate martial art? Instead of sitting around waiting for your next flight, use this time to strengthen your mind and body while shaking off', '', 'https://daydreamhub.com/wp-content/uploads/2024/09/Petchmorakot-AAA_8563.jpg', '');
INSERT INTO blog_posts (title, slug, content, excerpt, city, thumbnail_url, published_at) VALUES ('Indulge in Local Thai Street Food During Your Transit!', 'indulge-in-local-thai-street-food-during-your-transit', '', 'Can you believe that you can enjoy authentic Thai cuisine during your layover? Just sitting at the airport without experiencing Thai food is like passing through the country without truly visiting! Isn’t it worth a try? Why not take full advantage of your transit time and dive into Thailand’s street food culture? In this article,', '', 'https://daydreamhub.com/wp-content/uploads/2024/09/Veg-Pad-Thai-LGH-069d45e9-fd6c-44d1-b747-83dbac2d921d-0-1400x919-1-1024x672.jpg', '');
INSERT INTO blog_posts (title, slug, content, excerpt, city, thumbnail_url, published_at) VALUES ('Visit Bangkok’s Must-See Temples During Your Transit!', 'visit-bangkoks-must-see-temples-during-your-transit', '', 'Can you really visit three temples in Bangkok during a short transit? It might sound ambitious, but it''s definitely worth a try! If you land at Suvarnabhumi Airport at 2:00 PM with your next flight at 8:00 PM, you''ll have just 6 hours. Is it possible to conquer Bangkok''s historic temples within that time? The', 'Bangkok', 'https://daydreamhub.com/wp-content/uploads/2024/09/suvarnabhumi-outside.jpg', '');
INSERT INTO blog_posts (title, slug, content, excerpt, city, thumbnail_url, published_at) VALUES ('Can You Really Cure Stiff Shoulders? Trying Thai Massage During Transit!', 'can-you-really-cure-stiff-shoulders-trying-thai-massage-during-transit', '', 'Do you struggle with stiff shoulders? Especially after long flights, your shoulders can become rock-hard. But what if you could fix those stiff shoulders during a 5-hour layover?Wouldn''t you want to try it? The solution lies right here at Suvarnabhumi Airport. Yes, it''s Thai massage! Traditional Thai massage is more than just relaxation. It can', '', 'https://daydreamhub.com/wp-content/uploads/2024/09/3974116_23cd_2.jpg', '');
INSERT INTO blog_posts (title, slug, content, excerpt, city, thumbnail_url, published_at) VALUES ('Full-Body Makeover with Vietnamese Fashion During Your Transit! Can You Transform Stylishly in Time?', 'full-body-makeover-with-vietnamese-fashion-during-your-transit-can-you-transform-stylishly-in-time', '', 'A 14-hour and 15-minute transit in Ho Chi Minh... Just wait around? That''s a boring way to spend your time. Why not challenge yourself to a full-body makeover in Vietnamese fashion and transform into a style icon before your next flight? But can you really pull this off? 14 hours may seem like plenty of', '', 'https://daydreamhub.com/wp-content/uploads/2024/09/image-2.png', '');
INSERT INTO blog_posts (title, slug, content, excerpt, city, thumbnail_url, published_at) VALUES ('Arriving at Tan Son Nhat International Airport! How Will You Spend a 14-Hour Transit?', 'arriving-at-tan-son-nhat-international-airport-how-will-you-spend-a-14-hour-transit', '', 'A 14-hour layover at Tan Son Nhat International Airport in Ho Chi Minh City might sound overwhelming.But just sitting idly at the airport? That’s no fun. Why not take the plunge and step outside? You might be thinking, “That’s impossible!” But trust me, it’s worth it!In this article, we’ll answer the question, “Can I really', '', 'https://daydreamhub.com/wp-content/uploads/2024/09/column_20231011.jpg', '');
INSERT INTO blog_posts (title, slug, content, excerpt, city, thumbnail_url, published_at) VALUES ('Vietnam Tea Tasting Challenge at Tan Son Nhat International Airport: How Many Types Can You Try During Transit!?', 'vietnam-tea-tasting-challenge-at-tan-son-nhat-international-airport-how-many-types-can-you-try-during-transit', '', 'Don''t let anyone say you''re "wasting time" during transit! This time, we bring you a challenge to conquer all types of Vietnamese tea during a generous 14-hour layover at Tan Son Nhat International Airport in Ho Chi Minh City, Vietnam. We''ll introduce you to the aromatic charm of Vietnamese tea and the tea spots you', '', 'https://daydreamhub.com/wp-content/uploads/2024/09/Vietnam-Tea-Culture-1.jpg', '');
INSERT INTO blog_posts (title, slug, content, excerpt, city, thumbnail_url, published_at) VALUES ('Can You Really Do It? Conquering All Traditional Filipino Massages! How to Enjoy a Manila Airport Transit', 'can-you-really-do-it-conquering-all-traditional-filipino-massages-how-to-enjoy-a-manila-airport-transit', '', 'Hello, adventurous travelers! If you have an 8-hour transit at Manila''s Ninoy Aquino International Airport on your next trip, boredom is not an option! Today, we’re introducing the ultimate challenge: experiencing all traditional Filipino massages in a short time. Can you really do it? See for yourself! Time Schedule 05:00 Arrival Once you arrive at', 'Manila', 'https://daydreamhub.com/wp-content/uploads/2024/08/スクリーンショット-2024-08-25-13.33.55.jpg', '');
INSERT INTO blog_posts (title, slug, content, excerpt, city, thumbnail_url, published_at) VALUES ('Comparing Pho in Ho Chi Minh! How to Enjoy a 14-Hour Transit', 'comparing-pho-in-ho-chi-minh-how-to-enjoy-a-14-hour-transit', '', 'For those visiting Ho Chi Minh City, many may find themselves with a long transit at Tan Son Nhat International Airport. With 14 hours at your disposal, it''s the perfect opportunity to head into the city and enjoy Vietnam’s national dish: pho!In this guide, we''ll show you how to enjoy a pho tasting tour while', '', 'https://daydreamhub.com/wp-content/uploads/2024/09/5-2.jpg', '');
INSERT INTO blog_posts (title, slug, content, excerpt, city, thumbnail_url, published_at) VALUES ('How to Make the Most out of an 8-Hour Transit at Manila Airport: Embrace Filipino Fashion', 'how-to-make-the-most-out-of-an-8-hour-transit-at-manila-airport-embrace-filipino-fashion', '', 'A long transit, especially one as long as eight hours, can seem dull, but it’s also the perfect opportunity to immerse yourself in Filipino culture. Why not take advantage of your time at Manila Airport to experience traditional Filipino fashion? In this article, we’ll show you how to create memorable experiences by enjoying Filipino fashion', 'Manila', 'https://daydreamhub.com/wp-content/uploads/2024/09/スクリーンショット-2024-08-31-21.38.22.jpg', '');
INSERT INTO blog_posts (title, slug, content, excerpt, city, thumbnail_url, published_at) VALUES ('8-Hour Transit in Manila: Can You Conquer the Shopping Challenge?', '8-hour-transit-in-manila-can-you-conquer-the-shopping-challenge', '', 'Here’s a question for you: how much shopping can you squeeze into an 8-hour transit? Did you just think, “Impossible”? Think again! You’ll be surprised at how much you can accomplish.Manila’s Ninoy Aquino International Airport (NAIA) is surrounded by high-end duty-free shops. With a well-organized plan, you can enjoy luxurious shopping time. So, are you', 'Manila', 'https://daydreamhub.com/wp-content/uploads/2024/09/0-02-06-bc25692b92b94464ad4d32dd5771552bb1673aed8d2188271cfabf00e5effb05b3598ab.jpg', '');
INSERT INTO blog_posts (title, slug, content, excerpt, city, thumbnail_url, published_at) VALUES ('Don’t Waste Your Time! Visit Manila’s Top Museums During Your Transit!', 'dont-waste-your-time-visit-manilas-top-museums-during-your-transit', '', 'If you have a 15-hour layover in Manila, don''t just kill time on your phone at the airport—why not turn this waiting period into a cultural adventure? Manila boasts some of Southeast Asia''s best museums, all easily accessible from Ninoy Aquino International Airport. Whether you''re an art enthusiast or just looking to pass the time,', 'Manila', 'https://daydreamhub.com/wp-content/uploads/2024/09/image-1.jpg', '');
INSERT INTO blog_posts (title, slug, content, excerpt, city, thumbnail_url, published_at) VALUES ('Manila Airport Challenge: Can’t Leave Until You Catch a Fish in Manila Bay During Transit!', 'manila-airport-challenge-cant-leave-until-you-catch-a-fish-in-manila-bay-during-transit', '', 'Got a 15-hour layover at Ninoy Aquino International Airport (MNL) in the Philippines? Don’t waste it just waiting for your next flight! Why not use that time to enjoy a fishing adventure in Manila Bay? This guide will show you how to turn your layover into an exciting adventure. 1. “Fishing in Manila Bay?” Turning', 'Manila', 'https://daydreamhub.com/wp-content/uploads/2024/09/image-7.jpg', '');
INSERT INTO blog_posts (title, slug, content, excerpt, city, thumbnail_url, published_at) VALUES ('Can You Experience the Essence of History in Just 8 Hours? The Challenge Begins', 'can-you-experience-the-essence-of-history-in-just-8-hours-the-challenge-begins', '', 'A 7-8 hour layover—just idle time, right? Think again! What if I told you this is the perfect opportunity to immerse yourself in the rich history of the Philippines?With just a short window after landing at Ninoy Aquino International Airport, why not take on an adventure that lets you zip through Manila’s historic landmarks and', '', 'https://daydreamhub.com/wp-content/uploads/2024/08/Terms_and_conditions.jpg', '');
INSERT INTO blog_posts (title, slug, content, excerpt, city, thumbnail_url, published_at) VALUES ('Make the Most of Your Layover in Manila: Adventures Based on Your Stay Duration', 'make-the-most-of-your-layover-in-manila-adventures-based-on-your-stay-duration', '', 'Introduction Manila, the capital of the Philippines, is a city rich in culture, history, and modern attractions. Whether you have a short or long layover, here are some activities to help you make the most of your time in this vibrant city. This guide provides comprehensive plans for layovers ranging from a few hours to', 'Manila', 'https://daydreamhub.com/wp-content/uploads/2024/07/スクリーンショット-2024-07-04-21.23.21.jpg', '');
INSERT INTO blog_posts (title, slug, content, excerpt, city, thumbnail_url, published_at) VALUES ('Exploring Bali Nightlife: Making Your Night Special', 'exploring-bali-nightlife-making-your-night-special', '', 'Must-Visit Nightlife Spots Kuta Kuta is known as the epicenter of Bali’s nightlife, popular among the youth and backpackers for its affordable eateries and energetic atmosphere. The "Sky Garden" is a flagship spot in Kuta nightlife, offering music across various genres on multiple floors. Sky Garden Address: Jln Legian No.60, Kuta, Badung Regency, Bali 80361,', 'Bali', 'https://lh7-us.googleusercontent.com/lzQOHSR97KMyL3t_-j-vAqiNyV0BALHBX5UvbFxBFynB9Z81dS2oGFwEnlZXOBkJc3Se8xFxu0S-uwvlQ_0fPjYkiBWeuO51OU2yuChJBOLuAOo3jXxba_wb2ZYTcX95Gs7J8j-nXKYdEnNz-6sZEoQ', '');
INSERT INTO blog_posts (title, slug, content, excerpt, city, thumbnail_url, published_at) VALUES ('New Normal for Night Out in Manila: Preparing at Day-use Hotels', 'new-normal-for-night-out-in-manila-preparing-at-day-use-hotels', '', 'Manila nights are vibrant, filled with energy and exciting activities. However, to fully enjoy its allure, proper preparation is essential. This article explores the best ways to prepare physically and mentally before a night out in Manila, focusing on the use of day-use hotels. Introduction Manila is famed for its vibrant nightlife. Bars, clubs, and', 'Manila', 'https://daydreamhub.com/wp-content/uploads/2024/05/image-2-5.jpg', '');
INSERT INTO blog_posts (title, slug, content, excerpt, city, thumbnail_url, published_at) VALUES ('Refreshing Jet Lag Tips: Day-use Hotels in Manila', 'refreshing-jet-lag-tips-after-arriving-in-manila-day-use-hotels', '', 'Introduction Visiting Manila promises an adventure filled with discovery, but often, jet lag from long international flights can temporarily dampen the excitement. This article introduces effective ways to overcome jet lag after arriving in Manila and how to use day-use hotels for rejuvenation. What is Jet Lag? Jet lag is a temporary condition where the', 'Manila', 'https://daydreamhub.com/wp-content/uploads/2024/05/image-3-7.jpg', '');
INSERT INTO blog_posts (title, slug, content, excerpt, city, thumbnail_url, published_at) VALUES ('Family-Friendly Spots in Manila: Enjoy During Transit', 'family-friendly-spots-in-manila-enjoy-during-transit-recommendation', '', 'Introduction Transit times in Manila can stretch for hours, but rather than just a waiting period, consider it an opportunity for a new adventure. Manila and its surrounding areas are filled with educational and interactive spots where children can immerse themselves in the joy of learning and discovery. National Museum Complex Address: Padre Burgos Ave,', 'Manila', 'https://daydreamhub.com/wp-content/uploads/2024/05/image-1-4.jpg', '');
INSERT INTO blog_posts (title, slug, content, excerpt, city, thumbnail_url, published_at) VALUES ('Make the Most of Manila Transit: Best Spots for Work', 'make-the-most-of-manila-transit-best-spots-for-work-introduced', '', 'A long transit in Manila should be more than just killing time! For business professionals, this can be a valuable opportunity to shape new ideas or advance work. Here, we introduce efficient work spots in Manila, as well as day-use hotels where you can relax and work. Coworking Spaces in Manila Manila offers a variety', 'Manila', 'https://daydreamhub.com/wp-content/uploads/2024/05/image-4-8.jpg', '');
INSERT INTO blog_posts (title, slug, content, excerpt, city, thumbnail_url, published_at) VALUES ('Transit in Ninoy Aquino International Airport: Manners and Etiquette for the Philippines', 'transit-in-ninoy-aquino-international-airport-manners-and-etiquette-for-the-philippines', '', 'For travelers stepping into the Philippines for the first time, transiting through Ninoy Aquino International Airport provides the first touch of local culture. Understanding basic manners and etiquette is crucial to maximize your experience and deepen interactions with locals. This article focuses on how to behave in the Philippines, what to do, and what to', '', 'https://daydreamhub.com/wp-content/uploads/2024/05/image-4-1.jpg', '');
INSERT INTO blog_posts (title, slug, content, excerpt, city, thumbnail_url, published_at) VALUES ('The Surprising Benefits of a Siesta: Napping in Day-use Hotels', 'the-surprising-benefits-of-a-siesta-napping-in-day-use-hotels', '', 'Introduction For travelers seeking to refresh their minds and bodies during long flights or layovers, taking a siesta might be the perfect solution. Research has shown that even brief rests during transit can enhance comfort during subsequent travel and rejuvenate energy levels. This article explores how napping in day-use hotels can provide significant benefits during', '', 'https://daydreamhub.com/wp-content/uploads/2024/05/image-5-1.jpg', '');
INSERT INTO blog_posts (title, slug, content, excerpt, city, thumbnail_url, published_at) VALUES ('Hanoi Transit with Family: Introducing Enjoyable Spots for All Ages', 'hanoi-transit-with-family-introducing-enjoyable-spots-for-all-ages', '', 'Turn your long transit in Hanoi into a highlight of your family trip. This article introduces activities and spots in Hanoi that everyone from children to the elderly can enjoy. From cultural experiences to natural beauty and delicious food, Hanoi has plenty to offer for family fun. Activities to Enjoy with Children Exploring the Old', 'Hanoi', 'https://daydreamhub.com/wp-content/uploads/2024/05/image-1-5.jpg', '');
INSERT INTO blog_posts (title, slug, content, excerpt, city, thumbnail_url, published_at) VALUES ('Hanoi Short Stay Enjoyment for Backpackers: Must-See', 'hanoi-short-stay-enjoyment-for-backpackers-must-see', '', 'Welcome to Hanoi! This vibrant city is a treasure trove of discoveries and adventures for backpackers. As you walk through the old streets, you''ll experience the unique charm created by the blend of Hanoi''s history and modernity. This guide highlights must-see spots and experiences for backpackers visiting Hanoi for a short period. The Charm of', 'Hanoi', 'https://daydreamhub.com/wp-content/uploads/2024/05/image-7-2.jpg', '');
INSERT INTO blog_posts (title, slug, content, excerpt, city, thumbnail_url, published_at) VALUES ('Refresh at Day-use Hotels in Ho Chi Minh After Playing All Night', 'refresh-at-day-use-hotels-in-ho-chi-minh-after-playing-all-night', '', 'Introduction Ho Chi Minh City is renowned for its vibrant nightlife, offering unforgettable nights at a variety of bars, clubs, and music venues. However, after a night full of fun, the inevitable hangover awaits. This article recommends using day-use hotels as the best way to recover after enjoying Ho Chi Minh until the morning. Top', '', 'https://daydreamhub.com/wp-content/uploads/2024/05/image-7-7.jpg', '');
INSERT INTO blog_posts (title, slug, content, excerpt, city, thumbnail_url, published_at) VALUES ('120% Enjoyment of Ho Chi Minh’s Night: Resting at Day-use Hotels', '120-enjoyment-of-ho-chi-minhs-night-resting-at-day-use-hotels', '', 'Ho Chi Minh City is renowned for its glittering nightlife. From vibrant daytime markets and historical site tours to a completely different atmosphere at night with rooftop bars, clubs, and casinos, the city is bustling with travelers looking to enjoy the extraordinary. However, to fully enjoy this exciting night, proper preparation is necessary, and taking', '', 'https://daydreamhub.com/wp-content/uploads/2024/05/image-7-9.jpg', '');
INSERT INTO blog_posts (title, slug, content, excerpt, city, thumbnail_url, published_at) VALUES ('Guide for Business Person: Optimal Day-use Facilities During Transit', 'businessmens-guide-to-ho-chi-minh-optimal-day-use-facilities-during-transit', '', 'A long transit in Ho Chi Minh City should not just be about killing time! For businessmen, this time can be a valuable opportunity to rest up for the next negotiation, shape new ideas, or advance work projects. This guide aims to help business professionals make the most of their short stay in Ho Chi', '', 'https://daydreamhub.com/wp-content/uploads/2024/05/image-3-3.jpg', '');
INSERT INTO blog_posts (title, slug, content, excerpt, city, thumbnail_url, published_at) VALUES ('Ho Chi Minh Transit Guide for Backpackers: The Ultimate Resource', 'ho-chi-minh-transit-guide-for-backpackers-the-ultimate-resource', '', 'Introduction For backpackers waiting for their transit time in Ho Chi Minh City, this energetic city is full of exploration and adventure. This guide provides information on how to make the most of your stay in Ho Chi Minh, from exploring backpacker districts and local culinary experiences to making use of day-use hotels for short-term', '', 'https://daydreamhub.com/wp-content/uploads/2024/06/image-8.jpg', '');
INSERT INTO blog_posts (title, slug, content, excerpt, city, thumbnail_url, published_at) VALUES ('Refreshing at Day-use Hotels in Bali: Hangover Secrets', 'refreshing-at-day-use-hotels-in-bali-hangover-secrets', '', 'Introduction Bali attracts travelers from all over the world with its beautiful beaches, rich culture, and vibrant nightlife. However, the inevitable hangover after a night of fun is also part of the experience. This article provides practical advice for effectively overcoming hangovers in Bali. Basics of a Hangover Excessive alcohol consumption leads to dehydration and', 'Bali', 'https://daydreamhub.com/wp-content/uploads/2024/05/bali12.jpg', '');
INSERT INTO blog_posts (title, slug, content, excerpt, city, thumbnail_url, published_at) VALUES ('Overcoming Jet Lag in Cebu: Refreshment Tips and Strategies', 'overcoming-jet-lag-in-cebu-refreshment-tips-and-strategies', '', 'Introduction Travelers arriving in Cebu after a long flight are welcomed by its beautiful nature and warm climate, but they are also susceptible to jet lag. This article covers preventative measures that can be taken before and during the flight, as well as strategies for dealing with jet lag upon arrival in Cebu. We will', 'Cebu', 'https://daydreamhub.com/wp-content/uploads/2024/05/image-4-2.jpg', '');
INSERT INTO blog_posts (title, slug, content, excerpt, city, thumbnail_url, published_at) VALUES ('Cebu Transit with Kids: Enjoyable Activities to Pass the Time', 'cebu-transit-with-kids-enjoyable-activities-to-pass-the-time', '', 'Introduction Transit in Cebu isn''t just about waiting; it''s a great opportunity to enjoy precious time with your family. This article presents activities that will keep traveling families with children entertained and happy during their transit through Cebu. The Charm of Cebu and How to Enjoy it with Family Cebu is known for its beautiful', 'Cebu', 'https://daydreamhub.com/wp-content/uploads/2024/06/image-7-5.jpg', '');
INSERT INTO blog_posts (title, slug, content, excerpt, city, thumbnail_url, published_at) VALUES ('Dealing with Illness in Bali: Recovery Tips for Travelers', 'dealing-with-illness-in-bali-recovery-tips-for-travelers', '', 'Bali is known for its beautiful beaches, captivating culture, and endless adventures. However, even in this paradise-like place, it''s possible to fall ill. Knowing how to handle sickness and where to seek help can make your trip safer and more comfortable. Accidents and Emergencies A common issue travelers face in Bali is ''Bali Belly,'' gastrointestinal', 'Bali', 'https://daydreamhub.com/wp-content/uploads/2024/06/41.jpg', '');
INSERT INTO blog_posts (title, slug, content, excerpt, city, thumbnail_url, published_at) VALUES ('Bali Family Fun Transit: The Ultimate Guide', 'bali-family-fun-transit-the-ultimate-guide', '', 'Bali is renowned for its beautiful nature, rich culture, and family-friendly activities. Especially, the areas within a 30-minute drive from Ngurah Rai International Airport are packed with attractive spots perfect for families. This guide will introduce areas and activities to enjoy during transit in Bali, as well as how to make use of day-use hotels.', 'Bali', 'https://daydreamhub.com/wp-content/uploads/2024/05/image-2-1.jpg', '');
INSERT INTO blog_posts (title, slug, content, excerpt, city, thumbnail_url, published_at) VALUES ('Bali Transit for Couples: Charm Experience in a Short Stay', 'bali-transit-for-couples-charm-experience-in-a-short-stay', '', 'Introduction When faced with an unexpectedly long transit, many people feel frustrated. However, this time in Bali might become the beginning of an unexpected romantic adventure for couples. This article introduces special experiences that allow couples to fully enjoy the natural beauty and rich culture of Bali, even in a short time. Basic Information about', 'Bali', 'https://www.honeymoon-s.jp/baL9XrUASF/wp-content/uploads/2020/01/itumade2-e1580196641288.jpg', '');
INSERT INTO blog_posts (title, slug, content, excerpt, city, thumbnail_url, published_at) VALUES ('Cebu Hangover Solutions: Immediate Remedies to Try', 'cebu-hangover-solutions-immediate-remedies-to-try', '', 'Understanding Hangovers A hangover is a series of unpleasant symptoms caused by excessive alcohol intake, including headaches, nausea, and dehydration, arising from a lack of body fluids and an imbalance of electrolytes. It''s crucial to manage these symptoms effectively after a fun night in Cebu. Remedies to Try in Cebu Hydration To alleviate dehydration, it''s', 'Cebu', 'https://lh7-us.googleusercontent.com/Pkcs2A3r3ChkrxlEKpGXLm-3Q1NlftE_muPPOjq0sHKur4EhU8QzcQgIsKXKkFZ-6V3HRKyMGXoi4HUrFlL5g3iEHEWOPpen09j83Mjuo53hFhwKfRdmD3a-rCDE7Nwrxerq-NPiW7JUdR7DX4LGH3U', '');
INSERT INTO blog_posts (title, slug, content, excerpt, city, thumbnail_url, published_at) VALUES ('Emergency Guide for Travelers: What to Do If Feeling Sick in Cebu', 'emergency-guide-for-travelers-what-to-do-if-feeling-sick-in-cebu', '', 'Introduction Cebu is known for its beautiful beaches, rich culture, and vibrant city life. However, travel can sometimes bring unexpected health issues. This guide will explain what to do and where to go if you fall ill in Cebu. What to Do If You Feel Sick in Cebu First, move to a safe place and', 'Cebu', 'https://daydreamhub.com/wp-content/uploads/2024/06/image-7-1.jpg', '');
INSERT INTO blog_posts (title, slug, content, excerpt, city, thumbnail_url, published_at) VALUES ('Cebu Nightlife Mastery: Use Day-use Hotels for a Comfortable Morning', 'cebu-nightlife-mastery-use-day-use-hotels-for-a-comfortable-morning', '', 'Cebu is known not only for its beautiful seas during the day but also for its more captivating side at night. This article introduces spots to enjoy Cebu''s nightlife to the fullest and day-use hotels where you can comfortably spend time after a night out. Preparations for Enjoying Cebu''s Nightlife To enjoy the night in', 'Cebu', 'https://daydreamhub.com/wp-content/uploads/2024/07/image-3.jpg', '');
INSERT INTO blog_posts (title, slug, content, excerpt, city, thumbnail_url, published_at) VALUES ('Cebu Short Stay: Ultimate Business Person’s Guide', 'cebu-short-stay-ultimate-businessmens-guide', '', 'For businessmen visiting Cebu, time during transit is precious. To maximize this short period, it''s essential to find efficient ways to get work done. This guide presents the best coworking spaces in Cebu for quick business tasks and day-use hotels that allow for refreshment while working. Benefits of Coworking Spaces in Cebu Coworking spaces in', 'Cebu', 'https://daydreamhub.com/wp-content/uploads/2024/06/image-7.jpg', '');
INSERT INTO blog_posts (title, slug, content, excerpt, city, thumbnail_url, published_at) VALUES ('Quick Transit Guide To BKK: Staying Stylish At The-Cottage-Suvarnabhumi', 'complete-guide-to-transit-at-suvarnabhumi-international-airport-comfortable-stay-at-the-cottage-suvarnabhumi', '', 'Explore stylish stay options at The-Cottage-Suvarnabhumi during your BKK transit. Find out how to stay chic and comfortable!', '', 'https://daydreamhub.com/wp-content/uploads/2024/06/image-6-1.jpg', '');
INSERT INTO blog_posts (title, slug, content, excerpt, city, thumbnail_url, published_at) VALUES ('Cebu for Couples: Ultimate Guide for Spending Transit Time', 'cebu-for-couples-ultimate-guide-for-spending-transit-time', '', 'Introduction Cebu is a beautiful place known for its white sandy beaches, clear waters, and rich culture. Sharing these moments on a couples'' trip makes the memories even more special. This guide will help you make the most of your transit time in Cebu, creating special moments for you and your partner. Ways for Couples', 'Cebu', 'https://daydreamhub.com/wp-content/uploads/2024/05/image-7.jpg', '');
INSERT INTO blog_posts (title, slug, content, excerpt, city, thumbnail_url, published_at) VALUES ('Budget Activities in Cebu: Backpacking Travel Guide for Couples', 'budget-activities-in-cebu-backpacking-travel-guide-for-couples', '', 'Welcome to Cebu, backpackers! This beautiful island enjoys a warm climate year-round, making it an ideal destination for light packing. English is widely spoken, creating an accessible environment for experiencing a different culture with ease. In this article, we introduce activities and experiences that allow you to fully enjoy Cebu Island on a limited budget.', 'Cebu', 'https://daydreamhub.com/wp-content/uploads/2024/06/image-2.jpg', '');
INSERT INTO blog_posts (title, slug, content, excerpt, city, thumbnail_url, published_at) VALUES ('Things to Experience in Ho Chi Minh Before Color Fiesta Season 12', 'things-to-experience-in-ho-chi-minh-before-color-fiesta-season-12', '', 'Event Introduction and Sharing Excitement: Color Fiesta Season 12 is a vibrant and colorful event held in Ho Chi Minh City. Participants can throw non-toxic color powder at each other while enjoying music, dance, and art performances, experiencing a sense of unity. The festival gathers artists from around the world, showcasing various music genres. Visitors', '', 'https://lh7-us.googleusercontent.com/QIcNJK673Ej3UrYKIVIh7C3UQVKTJkmEZqu6meZUxxV-EyE_lwkeXpQVW7eg1bQEe8Iwc1wZ2KZDyvlM7NMRo1cbrYLdVYmvXis0_a9jQIc2ndyjlqkT2rCYiK-rh83WJEqXxHarKBQgLT2QRuPq_bM', '');
INSERT INTO blog_posts (title, slug, content, excerpt, city, thumbnail_url, published_at) VALUES ('Ho Chi Minh for Couples: Ultimate Date Spots During Transit', 'ho-chi-minh-for-couples-ultimate-date-spots-during-transit', '', 'For couples experiencing a transit in Ho Chi Minh City, make the most of your brief stay in this wonderful city. From relaxing in beautiful cafes, visiting spots where you can feel the history, to enjoying the romantic scenery that glitters at night, Ho Chi Minh City offers unforgettable experiences for couples. Relaxing at Charming', '', 'https://daydreamhub.com/wp-content/uploads/2024/06/blog3.jpg', '');
INSERT INTO blog_posts (title, slug, content, excerpt, city, thumbnail_url, published_at) VALUES ('Must-Have Items for Bali Travel: Essential List for Denpasar International Airport Transit', 'must-have-items-for-bali-travel-essential-list-for-denpasar-international-airport-transit', '', 'To make the most of your trip to Bali, preparation that takes into account the tropical climate and cultural background is essential. Here, we''ll go into more detail about the nine must-have items for your Bali trip and how to choose them. Preparing to Enjoy Bali Light and Cool Summer Clothes and Beachwear Due to', 'Bali', 'https://daydreamhub.com/wp-content/uploads/2024/05/image-7-23.jpg', '');
INSERT INTO blog_posts (title, slug, content, excerpt, city, thumbnail_url, published_at) VALUES ('Enjoy Your Stay in Bali! The Complete Knowledge on Power Plugs and Adapters', 'enjoy-your-stay-in-bali-the-complete-knowledge-on-power-plugs-and-adapters', '', 'Are you planning a trip to Bali Island but unsure about what to pack in your suitcase? In particular, are you puzzled about how to charge essential electronic devices like smartphones and cameras during your stay? Worry no more! This article will cover everything you need to know about power plugs and adapters in Bali,', 'Bali', 'https://daydreamhub.com/wp-content/uploads/2024/06/1.jpg', '');
INSERT INTO blog_posts (title, slug, content, excerpt, city, thumbnail_url, published_at) VALUES ('Kuala Lumpur Transit Made Easy: Relax And Recharge Around KLIA', 'dayuse-at-kuala-lumpur-international-airport-how-to-comfortably-spend-your-transit-time', '', 'Discover the best ways to unwind near KLIA during your layover! Learn top spots for relaxation and quick city escapes in Kuala Lumpur.', 'Kuala Lumpur', 'https://daydreamhub.com/wp-content/uploads/2024/06/2-1.jpg', '');
INSERT INTO blog_posts (title, slug, content, excerpt, city, thumbnail_url, published_at) VALUES ('Mastering the Use of SIM Cards in Bali: A Guide for Transit Travelers', 'mastering-the-use-of-sim-cards-in-bali-a-guide-for-transit-travelers', '', 'Introduction Staying connected is a common desire among most travelers, especially during a transit or stay in Bali. A reliable means of communication is key to a more comfortable and meaningful stay. This article aims to alleviate common concerns about connectivity for visitors to Bali and provide insights on how to identify the best SIM', 'Bali', 'https://daydreamhub.com/wp-content/uploads/2024/06/14.jpg', '');
INSERT INTO blog_posts (title, slug, content, excerpt, city, thumbnail_url, published_at) VALUES ('Making the Most of Wi-Fi During a Ho Chi Minh Transit: Tips for a Stress-Free Journey', 'making-the-most-of-wi-fi-during-a-ho-chi-minh-transit-tips-for-a-stress-free-journey', '', 'Waiting times during transit can contribute to the fatigue of travel, but if you''re staying briefly in Ho Chi Minh City, making good use of free Wi-Fi can transform this time into something valuable. This article introduces free Wi-Fi access points in the city and how to connect to them, especially useful when using day-use', '', 'https://daydreamhub.com/wp-content/uploads/2024/03/Wifi.jpg', '');
INSERT INTO blog_posts (title, slug, content, excerpt, city, thumbnail_url, published_at) VALUES ('Relax And Recharge: Affordable Day-Use Hotels At Cebu-Mactan Airport', 'transit-at-cebu-mactan-airport-how-to-enjoy-the-safe-and-affordable-day-use-hotel-orange-stays-mactan', '', 'Relax and recharge at affordable day-use hotels near Cebu-Mactan Airport. Perfect for travelers seeking comfort and convenience between flights. Book now!', 'Cebu', 'https://daydreamhub.com/wp-content/uploads/2024/05/ceb5_Image-Enhancer-edited.jpg', '');
INSERT INTO blog_posts (title, slug, content, excerpt, city, thumbnail_url, published_at) VALUES ('Short-term Visitors’ Guide To Bali 2023: New Transit Laws Explained', 'the-ultimate-guide-for-transit-short-term-visitors-to-bali-comprehensive-knowledge-on-new-laws-and-regulations-2023-edition', '', 'Discover essential transit laws in Bali for 2023! This guide for short-term visitors explains all you need to know. Stay informed and enjoy your trip!', 'Bali', 'https://daydreamhub.com/wp-content/uploads/2024/06/image-9-edited.png', '');
INSERT INTO blog_posts (title, slug, content, excerpt, city, thumbnail_url, published_at) VALUES ('The Ultimate Guide for Bali Transit Travelers: Essential Apps for Convenience', 'the-ultimate-guide-for-bali-transit-travelers-essential-apps-for-convenience', '', 'During long transit waits, especially in a captivating destination like Bali, you’d want to make the most of it. Questions on how to optimize your time, navigate, or access local information might cross your mind. Here, we introduce three indispensable apps to thoroughly enjoy Bali even during transit. SIM Card Utilizing a local SIM card', 'Bali', 'https://daydreamhub.com/wp-content/uploads/2024/06/4.jpg', '');
INSERT INTO blog_posts (title, slug, content, excerpt, city, thumbnail_url, published_at) VALUES ('Exploring Bali Island During a Transit at Denpasar International Airport: The Ultimate Guide to Souvenir Shopping', 'exploring-bali-island-during-a-transit-at-denpasar-international-airport-the-ultimate-guide-to-souvenir-shopping', '', 'If you have a few hours of transit, you’d definitely want to savor a bit of the charm Bali Island offers. Spending time searching for souvenirs with your family is a wonderful way to enjoy your trip!Let’s look at how to select the best souvenirs in the limited time you have. Specialties of Bali Island', 'Bali', 'https://daydreamhub.com/wp-content/uploads/2024/06/5.jpg', '');
INSERT INTO blog_posts (title, slug, content, excerpt, city, thumbnail_url, published_at) VALUES ('Denpasar International Airport Transit: New Regulations for Bali Visit – A Guide to the Tourist Tax for Foreign Visitors', 'denpasar-international-airport-transit-new-regulations-for-bali-visit-a-guide-to-the-tourist-tax-for-foreign-visitors', '', 'Starting February 14, 2024, a new "Foreign Tourist Levy" will be implemented for visitors to Bali, potentially impacting your travel plans, whether you''re transiting for a few hours or planning a longer stay. This article delves into the new regulation, providing essential information to ensure a smooth visit to Bali. Background of the Tourism Tax', 'Bali', 'https://daydreamhub.com/wp-content/uploads/2024/06/image-1-3.jpg', '');
INSERT INTO blog_posts (title, slug, content, excerpt, city, thumbnail_url, published_at) VALUES ('Complete Guide to T Galleria in Bali: Recommendations for Duty-Free Shopping', 'complete-guide-to-t-galleria-in-bali-recommendations-for-duty-free-shopping', '', 'Don''t just end your visit to Bali with a transit or short stay. Enjoy the ultimate shopping experience in the city, especially at "T Galleria," the only duty-free shop in Bali, an essential stop for all travelers. Here, we''ll detail some of the enticing products available. "T Galleria" is located about 20 minutes by car', 'Bali', 'https://daydreamhub.com/wp-content/uploads/2024/06/6.jpg', '');
INSERT INTO blog_posts (title, slug, content, excerpt, city, thumbnail_url, published_at) VALUES ('Enjoying Bali’s Festivals during a Transit Stay at Denpasar International Airport!', 'enjoying-balis-festivals-during-a-transit-stay-at-denpasar-international-airport', '', 'For travelers stopping over in Bali during their transit, deciding how to spend that short stay is a crucial concern. Instead of killing time in airport lounges, why not participate in local festivals to immerse yourself in Balinese culture? This article suggests optimal ways to enjoy your transit time, focusing on Bali''s festivals. Festivals to', 'Bali', 'https://daydreamhub.com/wp-content/uploads/2024/06/7.jpg', '');
INSERT INTO blog_posts (title, slug, content, excerpt, city, thumbnail_url, published_at) VALUES ('Bali Island Safety Guide for Transit Travelers: Crime Prevention and Safety Measures for Female Travelers', 'bali-island-safety-guide-for-transit-travelers-crime-prevention-and-safety-measures-for-female-travelers', '', 'Just the name Bali Island brings to mind an exhilarating image. Beautiful beaches, warm climate, and friendly locals. However, even in paradise-like places, there are points travelers must be cautious about. Especially when going out at night or facing risks specific to female travelers, utmost attention is necessary. This article delivers safety information for Bali', 'Bali', 'https://daydreamhub.com/wp-content/uploads/2024/06/8.jpg', '');
INSERT INTO blog_posts (title, slug, content, excerpt, city, thumbnail_url, published_at) VALUES ('Denpasar International Airport Transit Guide for Travelers: How to Exchange Currency for Local Indonesian Rupiah in Bali', 'denpasar-international-airport-transit-guide-for-travelers-how-to-exchange-currency-for-local-indonesian-rupiah-in-bali', '', 'Introduction During a transit through Bali Island, you''ll want to make the most of your limited time and have a fulfilling experience. However, being unfamiliar with handling local currency and exchange methods can lead to unexpected troubles. This article provides a detailed explanation on how to efficiently exchange Yen to Rupiah for travelers to Bali', 'Bali', 'https://daydreamhub.com/wp-content/uploads/2024/06/9.jpg', '');
INSERT INTO blog_posts (title, slug, content, excerpt, city, thumbnail_url, published_at) VALUES ('Denpasar International Airport Transit Guide: Preparing for Bali’s Climate', 'denpasar-international-airport-transit-guide-preparing-for-balis-climate', '', 'Introduction Transiting through Bali Island offers an opportunity to comfortably spend limited time and experience a glimpse of this beautiful island. However, preparing for Bali''s diverse climate conditions is essential. This article will delve into a packing list suitable for Bali''s climate and how to choose day-use hotels to maximize your transit time. Bali''s Climate', 'Bali', 'https://daydreamhub.com/wp-content/uploads/2024/06/Untitled-900-x-600-px.jpg', '');
INSERT INTO blog_posts (title, slug, content, excerpt, city, thumbnail_url, published_at) VALUES ('Ultimate Souvenir Guide for Cebu Island – Top 15 Recommendations to Take Home the Local Flavor While Transiting at Cebu Mactan Airport', 'ultimate-souvenir-guide-for-cebu-island-top-15-recommendations-to-take-home-the-local-flavor-while-transiting-at-cebu-mactan-airport', '', 'One of the joys of traveling is selecting souvenirs that embody the culture and climate of the visited place. Cebu Island, with its rich nature and unique culture, creates unforgettable memories for travelers. However, with so many options, it can be challenging to decide what to choose. This article introduces 16 carefully selected souvenirs to', 'Cebu', 'https://daydreamhub.com/wp-content/uploads/2024/06/10.jpg', '');
INSERT INTO blog_posts (title, slug, content, excerpt, city, thumbnail_url, published_at) VALUES ('If You’re Transiting in Cebu Island: Essential Items and Environmental Considerations', 'if-youre-transiting-in-cebu-island-essential-items-and-environmental-considerations', '', 'Introduction When planning a trip to Cebu Island, considering what to bring and how to minimize environmental impact can significantly affect your satisfaction with the journey. To ensure a comfortable stay while protecting the beautiful nature, this article introduces an ideal packing list for traveling to Cebu Island and tips for eco-friendly travel. Preparing these', 'Cebu', 'https://daydreamhub.com/wp-content/uploads/2024/06/image-1-14.jpg', '');
INSERT INTO blog_posts (title, slug, content, excerpt, city, thumbnail_url, published_at) VALUES ('Transiting at Cebu Mactan Airport: A Guide to Outlets and Voltage for Travelers to Cebu Island: How to Safely Use Electrical Appliances', 'transiting-at-cebu-mactan-airport-a-guide-to-outlets-and-voltage-for-travelers-to-cebu-island-how-to-safely-use-electrical-appliances', '', 'Introduction For travelers transiting to Cebu Island, electronic devices such as smartphones, tablets, and hair irons can significantly affect the comfort of their journey. However, travelers from different countries may not realize that the outlet shapes and voltages in Cebu Island differ from their home country, leading to dangerous accidents if used incorrectly. This guide', 'Cebu', 'https://daydreamhub.com/wp-content/uploads/2024/06/image-1-4.jpg', '');
INSERT INTO blog_posts (title, slug, content, excerpt, city, thumbnail_url, published_at) VALUES ('The Complete Guide to SIM Cards for Short-term Visitors to the Philippines: Essential Tips and Tricks', 'the-complete-guide-to-sim-cards-for-short-term-visitors-to-the-philippines-essential-tips-and-tricks', '', 'Introduction When traveling abroad, purchasing a local SIM card is an option to conveniently use the internet while saving on communication costs. This choice is particularly effective in the Philippines, offering many benefits. This article will detail how to obtain a SIM card in the Philippines, its advantages, and recommended prepaid SIM cards. Benefits of', '', 'https://daydreamhub.com/wp-content/uploads/2024/03/blog5.jpg', '');
INSERT INTO blog_posts (title, slug, content, excerpt, city, thumbnail_url, published_at) VALUES ('Transiting at Cebu Mactan Airport: Smart Ways to Exchange Currency in Cebu Island', 'transiting-at-cebu-mactan-airport-smart-ways-to-exchange-currency-in-cebu-island', '', 'Introduction Traveling to Cebu Island, known for its beautiful beaches and rich culture, is a perfect opportunity to enjoy the Philippines. However, an unavoidable part of international travel is "currency exchange". Many people wonder where to exchange currency for the best deal and how to minimize fees. This article introduces the best ways to exchange', 'Cebu', 'https://assets.bwbx.io/images/users/iqjWHBFdfxIU/itVOZ64zyonU/v0/-1x-1.jpg', '');
INSERT INTO blog_posts (title, slug, content, excerpt, city, thumbnail_url, published_at) VALUES ('Cebu Island Transit Stay Climate Guide: What You Need to Know About Clothing Before Traveling', 'cebu-island-transit-stay-climate-guide-what-you-need-to-know-about-clothing-before-traveling', '', 'Introduction Cebu Island in the Philippines is known for its beautiful beaches, rich culture, and warm climate all year round. However, understanding the local climate and preparing the right clothing are crucial for a comfortable journey. This article provides a detailed explanation of the climate characteristics of Cebu Island and tips for choosing the right', 'Cebu', 'https://daydreamhub.com/wp-content/uploads/2024/06/blog7.jpg', '');
INSERT INTO blog_posts (title, slug, content, excerpt, city, thumbnail_url, published_at) VALUES ('Maximizing Your Transit Time in Manila: A Complete Guide to Souvenirs', 'maximizing-your-transit-time-in-manila-a-complete-guide-to-souvenirs-for-residents-returning-from-vietnam', '', 'Are you returning temporarily from Vietnam and perplexed about choosing souvenirs? Especially during a transit in Manila, it can be challenging to decide what to buy in a limited time. Worry not! Manila is filled with attractive souvenirs beyond your expectations. This article introduces a wide range of delightful souvenirs from Manila that will surely', 'Manila', 'https://daydreamhub.com/wp-content/uploads/2024/06/image-1-19.jpg', '');
INSERT INTO blog_posts (title, slug, content, excerpt, city, thumbnail_url, published_at) VALUES ('Maximizing Your Transit Time in Manila with a Festival Journey', 'maximizing-your-transit-time-in-manila-with-a-festival-journey', '', 'Introduction: A New Way to Spend Transit Time The word "transit" often brings to mind long waiting periods, boredom, and wasted time. However, why not transform this "waiting time" into an opportunity for cultural exploration when passing through the Philippines? The Philippines hosts captivating festivals all year round, each reflecting the country''s rich culture and', 'Manila', 'https://daydreamhub.com/wp-content/uploads/2024/06/22.jpg', '');
INSERT INTO blog_posts (title, slug, content, excerpt, city, thumbnail_url, published_at) VALUES ('Avoiding Power Troubles During Your Transit Stay in Manila', 'avoiding-power-troubles-during-your-transit-stay-in-manila', '', 'Introduction A transit stay in Manila provides an excellent opportunity for a comfortable rest during your journey. However, using electronic devices in a foreign country can sometimes lead to unexpected troubles, especially with power sources, which can significantly impact the comfort of your trip. This article offers crucial information and practical tips for safely using', 'Manila', 'https://daydreamhub.com/wp-content/uploads/2024/06/12.jpg', '');
INSERT INTO blog_posts (title, slug, content, excerpt, city, thumbnail_url, published_at) VALUES ('Finding Free Wi-Fi Spots in Metro Manila During Your Transit Stay', 'finding-free-wi-fi-spots-in-metro-manila-during-your-transit-stay', '', 'Eliminate your internet connection worries while traveling! Wifi Spots in Manila Internet access has become a necessity in our daily lives, especially when visiting places like Metro Manila. Knowing where to find free Wi-Fi spots can be incredibly useful for planning your trip, gathering information, or even for emergency communications. For those concerned about data', 'Manila', 'https://daydreamhub.com/wp-content/uploads/2024/06/13.jpg', '');
INSERT INTO blog_posts (title, slug, content, excerpt, city, thumbnail_url, published_at) VALUES ('Staying Safe in Manila During Your Transit: A Guide to Alleviating Security Concerns', 'staying-safe-in-manila-during-your-transit-a-guide-to-alleviating-security-concerns', '', 'Are you planning a trip to Manila, the capital of the Philippines, but have concerns about safety? Indeed, there are areas in Manila that require caution, and as a traveler, there''s important information you should be aware of in advance. However, with proper measures and preparation, you can safely enjoy Manila. This article provides detailed', 'Manila', 'https://ph.ryugaku-au.net/wp-content/uploads/2020/01/71432635_xl.jpg', '');
INSERT INTO blog_posts (title, slug, content, excerpt, city, thumbnail_url, published_at) VALUES ('Tan Son Nhat Airport Transit Users Must-See! The Ultimate Guide to Finding Vietnamese Souvenirs in a Short Time', 'tan-son-nhat-airport-transit-users-must-see-the-ultimate-guide-to-finding-vietnamese-souvenirs-in-a-short-time', '', 'Must-See for Transit Users! The Ultimate Guide to Finding Vietnamese Souvenirs in a Short Time For those with only a little time during transit but want to find unforgettable souvenirs in Ho Chi Minh, this guide introduces spots where you can quickly and surely find delicious souvenirs unique to Vietnam. From Vietnam''s sweet charms to', '', 'https://daydreamhub.com/wp-content/uploads/2024/06/15.jpg', '');
INSERT INTO blog_posts (title, slug, content, excerpt, city, thumbnail_url, published_at) VALUES ('Vietnamese Festivals and Events Guide – Exploring the City During Transit', 'vietnamese-festivals-and-events-guide-exploring-the-city-during-transit', '', 'Waiting during transit, just sitting and staring at the clock hands... what a waste! Especially in a country like Vietnam, brimming with events and festivals that color the calendar. Vietnam hosts about 8,000 events throughout the year, ranging from traditional festivals to the latest events and international festivals. Use your transit time to seize the', '', 'https://daydreamhub.com/wp-content/uploads/2024/06/16.jpg', '');
INSERT INTO blog_posts (title, slug, content, excerpt, city, thumbnail_url, published_at) VALUES ('Manila Climate Complete Guide: Choosing the Right Attire During Transit', 'manila-climate-complete-guide-choosing-the-right-attire-during-transit', '', 'Introduction If you''re planning a short transit stay in Manila, selecting appropriate attire for the city''s climate is essential for a comfortable experience, even if your stay is brief. About Manila''s Climate Manila has a tropical savanna climate, characterized by warmth throughout the year but divided into two main seasons: dry and wet. The dry', 'Manila', 'https://daydreamhub.com/wp-content/uploads/2024/06/17.jpg', '');
INSERT INTO blog_posts (title, slug, content, excerpt, city, thumbnail_url, published_at) VALUES ('Etiquette Guide for Traveling to Vietnam:Essential Rules, Manners, and Taboos for First-Time Visitors', 'etiquette-guide-for-traveling-to-vietnamessential-rules-manners-and-taboos-for-first-time-visitors', '', 'Introduction As you prepare for your journey, your heart might be fluttering with excitement at the thought of Vietnam''s culture and landscapes. But amidst this excitement, have you considered the local rules, manners, and potential taboos? Unintentionally offending the locals is a real possibility for first-time visitors to Vietnam. This guide aims to equip you', '', 'https://d3hne3c382ip58.cloudfront.net/files/uploads/bookmundi/resized/cmsfeatured/places-to-visit-in-vietnam-1579000950-785X440.jpg', '');
INSERT INTO blog_posts (title, slug, content, excerpt, city, thumbnail_url, published_at) VALUES ('Vietnam Transit Shopping Secrets: Scoop The Best Duty-Free Deals!', 'vietnam-duty-free-shopping-guide-unmissable-deals-during-transit', '', 'Unlock exclusive deals at Ho Chi Minh Airport''s duty-free! Shop now for unique Vietnamese souvenirs & save big before you fly.', '', 'https://a.cdn-hotels.com/gdcs/production134/d125/5f98dadb-8bc8-4dc8-ae13-5f4c4fb47c10.jpg?impolicy=fcrop&#038;w=1600&#038;h=1066&#038;q=medium', '');
INSERT INTO blog_posts (title, slug, content, excerpt, city, thumbnail_url, published_at) VALUES ('Ho Chi Minh Safety Guide 2024 Edition: The Complete Guide to Safe Travel in Vietnam', 'ho-chi-minh-safety-guide-2024-edition-the-complete-guide-to-safe-travel-in-vietnam', '', 'Introduction Ho Chi Minh City, known for its vibrant streets, rich culture, and delicious street food, draws travelers from all around the world. However, the question, "Is Ho Chi Minh City safe?" looms large in the minds of many visitors. Based on the latest information for 2024, this guide will help you navigate Ho Chi', '', 'https://daydreamhub.com/wp-content/uploads/2024/06/18.jpg', '');
INSERT INTO blog_posts (title, slug, content, excerpt, city, thumbnail_url, published_at) VALUES ('Easing Transit Worries: A Guide to Buying a SIM Card in Ho Chi Minh City', 'easing-transit-worries-a-guide-to-buying-a-sim-card-in-ho-chi-minh-city', '', 'Introduction For those looking to maximize their short stay during a transit by stepping out, purchasing a SIM card in Ho Chi Minh City is crucial for accessing local networks and having a means of emergency communication. This article will guide you on where to buy a SIM card in Ho Chi Minh and provide', 'Ho Chi Minh City', 'https://daydreamhub.com/wp-content/uploads/2024/06/19.jpg', '');
INSERT INTO blog_posts (title, slug, content, excerpt, city, thumbnail_url, published_at) VALUES ('For Those Pondering Over Transit: Smart Currency Exchange Methods in Ho Chi Minh City', 'for-those-pondering-over-transit-smart-currency-exchange-methods-in-ho-chi-minh-city', '', 'Introduction The long waits during transit can feel like time has come to a standstill, enveloping you in boredom. In such moments, if you''re considering a brief escape into the city of Ho Chi Minh, currency exchange becomes an essential process. However, the common questions, "Where should I exchange my money?" and "How can I', 'Ho Chi Minh City', 'https://daydreamhub.com/wp-content/uploads/2024/06/image-2-2.jpg', '');
INSERT INTO blog_posts (title, slug, content, excerpt, city, thumbnail_url, published_at) VALUES ('Maximizing a Few Hours in Cebu: Enjoying Cebu Island to the Fullest in a Short Time', 'maximizing-a-few-hours-in-cebu-enjoying-cebu-island-to-the-fullest-in-a-short-time', '', 'Introduction Even with a brief visit to Cebu Island, wise planning can help you maximize your limited time and enjoy without worrying about the budget. Especially for those spending a few hours in Cebu during transit, knowing how to efficiently use time and money can be very beneficial. This article presents specific advice for making', 'Cebu', 'https://daydreamhub.com/wp-content/uploads/2024/06/image-3-3.jpg', '');
INSERT INTO blog_posts (title, slug, content, excerpt, city, thumbnail_url, published_at) VALUES ('Optimal Utilization of Transit Waiting Time at Cebu Mactan Airport: Introduction of Tourist Spots Combined with Day-Use Hotels in Cebu Island', 'optimal-utilization-of-transit-waiting-time-at-cebu-mactan-airport-introduction-of-tourist-spots-combined-with-day-use-hotels-in-cebu-island', '', 'Introduction How do you spend your limited transit time on Cebu Island? This article proposes a fulfilling transit experience combining a short stay at a day-use hotel with a visit to the Cebu Taoist Temple. It''s a waste to spend the short stay during transit just at the airport! Cebu Island has attractive tourist spots', 'Cebu', 'https://daydreamhub.com/wp-content/uploads/2024/06/20.jpg', '');
INSERT INTO blog_posts (title, slug, content, excerpt, city, thumbnail_url, published_at) VALUES ('Transit Guide in Cebu Airport: Navigating Mactan Island and Cebu City Using Local Transport for a Rich Cultural Experience', 'transit-guide-in-cebu-airport-navigating-mactan-island-and-cebu-city-using-local-transport-for-a-rich-cultural-experience', '', 'Introduction If you''re planning a trip to Cebu Island, figuring out how to efficiently navigate the island like a local is likely on your mind. Transportation in a new place can often be a direct link to the success of your trip, causing anxiety for many. This article aims to solve any transportation woes and', 'Cebu', 'https://daydreamhub.com/wp-content/uploads/2024/06/image-1-21.jpg', '');
INSERT INTO blog_posts (title, slug, content, excerpt, city, thumbnail_url, published_at) VALUES ('Guide to Visiting Cebu City from Mactan-Cebu International Airport: Understanding Visa Requirements and Optimizing Your Stay', 'guide-to-visiting-cebu-city-from-mactan-cebu-international-airport-understanding-visa-requirements-and-optimizing-your-stay', '', 'Introduction The Philippines continues to enchant travelers worldwide with its magnificent natural landscapes and rich cultural heritage. Comprising approximately 7,641 islands, the archipelago is known for its white sandy beaches, crystal-clear seas, rich biodiversity, and historical tourist spots. However, before visiting this paradise, travelers need to be aware of the visa requirements. The necessity for', 'Cebu', 'https://daydreamhub.com/wp-content/uploads/2024/06/21.jpg', '');
INSERT INTO blog_posts (title, slug, content, excerpt, city, thumbnail_url, published_at) VALUES ('How to Spend a Long Transit at Manila Airport Economically: Enjoying Manila While Cutting Costs', 'how-to-spend-a-long-transit-at-manila-airport-economically-enjoying-manila-while-cutting-costs', '', 'Introduction A visit to Manila offers an excellent opportunity to enjoy its cultural richness, vibrant markets, and breathtaking landscapes while wisely managing your budget. Especially for transit or short stays, finding economical ways to relax and maximize limited time is crucial. Using day-use hotels is one method, but Manila offers many more options that provide', 'Manila', 'https://www.phillife.co/wp-content/uploads/2017/01/pasig_morning_glow_515510.jpg', '');
INSERT INTO blog_posts (title, slug, content, excerpt, city, thumbnail_url, published_at) VALUES ('Exploring Local Cuisine: A Must-Visit Guide to Shangri-La Plaza’s Best Restaurants for Manila Transit Travelers', 'exploring-local-cuisine-a-must-visit-guide-to-shangri-la-plazas-best-restaurants-for-manila-transit-travelers', '', 'Introduction How do you plan to spend your transit time in Manila? Spending long hours at the airport isn''t exactly the most exciting way to pass the time. Why not consider a short escape to the city? Especially with "Camp CJ" offering a day-use plan with easy access to the city, heading to local cafes', 'Manila', 'https://daydreamhub.com/wp-content/uploads/2024/06/image-1-22.jpg', '');
INSERT INTO blog_posts (title, slug, content, excerpt, city, thumbnail_url, published_at) VALUES ('Manila Public Transportation Guide: The Ultimate Guide for Travelers Transiting Through Ninoy Aquino International Airport', 'manila-public-transportation-guide-the-ultimate-guide-for-travelers-transiting-through-ninoy-aquino-international-airport', '', 'Discover how to efficiently and cost-effectively explore the city using Manila''s public transportation system, including MRT, LRT, buses, and jeepneys, and make the most of your stay in Manila. Introduction You might find yourself at Manila''s airport with a few hours to spare between flights, wondering how to spend your time. Manila, known for its', 'Manila', 'https://daydreamhub.com/wp-content/uploads/2024/06/Terms-and-conditions.jpg', '');
INSERT INTO blog_posts (title, slug, content, excerpt, city, thumbnail_url, published_at) VALUES ('Transiting Through Ninoy Aquino International Airport: Exploring Manila with a Stay at Camp CJ and Its Surrounding Hidden Gems', 'transiting-through-ninoy-aquino-international-airport-exploring-manila-with-a-stay-at-camp-cj-and-its-surrounding-hidden-gems', '', 'Introduction For many travelers, layover time might just seem like a period of waiting. However, in Manila, it presents an opportunity to transform it into valuable time. Especially if you''re considering a day-use hotel stay at Camp CJ, there are numerous unmissable tourist spots and shops around. This article introduces spots to maximize your short', 'Manila', 'https://daydreamhub.com/wp-content/uploads/2024/06/23.jpg', '');
INSERT INTO blog_posts (title, slug, content, excerpt, city, thumbnail_url, published_at) VALUES ('Ninoy Aquino International Airport Transit: A Guide to Staying at Azure Urban Resort and Exploring Nearby Attractions', 'ninoy-aquino-international-airport-transit-a-guide-to-staying-at-azure-urban-resort-and-exploring-nearby-attractions', '', 'Introduction Spending transit time just waiting after a long flight can feel like a wasted opportunity, especially in a city as enticing as Manila. This guide introduces you to a short stay at Azure Urban Resort and highlights unmissable tourist spots and shops around the hotel. This read will transform your transit from mere waiting', '', 'https://daydreamhub.com/wp-content/uploads/2024/06/24.jpg', '');
INSERT INTO blog_posts (title, slug, content, excerpt, city, thumbnail_url, published_at) VALUES ('Enjoying Bali on a Budget: A Day-Use Hotel Guide for Transit Travelers', 'enjoying-bali-on-a-budget-a-day-use-hotel-guide-for-transit-travelers', '', 'Introduction A few hours in transit can unexpectedly turn into a mini-adventure in Bali. Known for its overwhelming natural beauty, unique culture, and warm locals, this beautiful island is a dream destination for many. However, the cost of a Bali trip can be a concern for some. Addressing the question, "Is Bali expensive?" this article', 'Bali', 'https://daydreamhub.com/wp-content/uploads/2024/06/image-1-23.jpg', '');
INSERT INTO blog_posts (title, slug, content, excerpt, city, thumbnail_url, published_at) VALUES ('Exploring Bali: Finding the Best Mode of Transportation for You During a Transit at Ngurah Rai International Airport', 'exploring-bali-finding-the-best-mode-of-transportation-for-you-during-a-transit-at-ngurah-rai-international-airport', '', 'Introduction A short visit to Bali offers a perfect opportunity to explore its cultural and natural beauty. Even with limited time during a transit, it’s possible to efficiently discover the island. Below, we explore the advantages, disadvantages, and costs of each mode of transportation to help you make the most of your brief stay in', 'Bali', 'https://stat.ameba.jp/user_images/20210816/22/s92466tm-2019/1f/2c/j/o1200080014987835313.jpg?caw=800', '');
INSERT INTO blog_posts (title, slug, content, excerpt, city, thumbnail_url, published_at) VALUES ('A Smooth Transition from Ngurah Rai International Airport: Avoiding Traffic and Arriving Comfortably', 'a-smooth-transition-from-ngurah-rai-international-airport-avoiding-traffic-and-arriving-comfortably', '', 'Introduction A trip to Bali promises enchanting beaches, rich culture, and breathtaking views. However, transitioning from Denpasar International Airport (Ngurah Rai Airport) to your accommodation can present unexpected challenges, especially during festive seasons. This article offers detailed advice on avoiding traffic and starting your stay in Bali smoothly. Dealing with Congestion and Traffic at Bali', '', 'https://daydreamhub.com/wp-content/uploads/2024/06/25.jpg', '');
INSERT INTO blog_posts (title, slug, content, excerpt, city, thumbnail_url, published_at) VALUES ('A Must-Visit for Transit Stay Guests! Blissful Rest at Hoang Yen Hotel and Exploring Its Surroundings', 'a-must-visit-for-transit-stay-guests-blissful-rest-at-hoang-yen-hotel-and-exploring-its-surroundings', '', 'Introduction Located in District 7 of Ho Chi Minh City, Hoang Yen Hotel is an ideal place for transit stays. Offering free Wi-Fi and parking, it''s conveniently close to the Phu My Hung entertainment center, Crescent Lake, and Din Ky restaurant – Cu Lao Xanh branch, making it a perfect starting point for exploring nearby', '', 'https://daydreamhub.com/wp-content/uploads/2024/06/27.jpg', '');
INSERT INTO blog_posts (title, slug, content, excerpt, city, thumbnail_url, published_at) VALUES ('A Must-Visit for Transit Stay Guests! The Ultimate Gourmet Experience Near Hoang Yen Hotel, Gangnam BBQ', 'a-must-visit-for-transit-stay-guests-the-ultimate-gourmet-experience-near-hoang-yen-hotel-gangnam-bbq', '', 'Introduction Deciding how to spend time near the airport during a short transit stay is a common dilemma for many travelers. If you''re looking to immerse yourself in the local culture within the limited time you have, there''s a perfect place for you: Hoang Yen Hotel. This hotel offers a day-use plan that effectively utilizes', '', 'https://daydreamhub.com/wp-content/uploads/2024/06/image-7-2.jpg', '');
INSERT INTO blog_posts (title, slug, content, excerpt, city, thumbnail_url, published_at) VALUES ('Ho Chi Minh City Transit: Exploring Tourist Spots Around Saigon Domaine Luxury Residences', 'ho-chi-minh-city-transit-exploring-tourist-spots-around-saigon-domaine-luxury-residences', '', 'Introduction Ho Chi Minh City is famous for its bustling streets, rich cultural heritage, and delicious Vietnamese cuisine. However, for travelers with only a short transit time, it might seem challenging to discover the true charms of this metropolis. Fortunately, utilizing day-use hotels like Saigon Domaine Luxury Residences allows for exploring hidden gems of Ho', 'Ho Chi Minh City', 'https://daydreamhub.com/wp-content/uploads/2024/06/28.jpg', '');
INSERT INTO blog_posts (title, slug, content, excerpt, city, thumbnail_url, published_at) VALUES ('Day-Use Transit Guide at Tan Son Nhat International Airport: Essential Transportation for a Short Stay in Ho Chi Minh City', 'tan-son-nhat-international-airport-transit-essential-transportation-guide-for-a-short-stay-in-ho-chi-minh-city', '', 'Introduction Even with limited time, wouldn''t you want to immerse yourself in the rich culture and vibrant streets of Ho Chi Minh City? For those on a short transit stay, we''ll introduce efficient ways to navigate the city and make the most of your precious time. Let''s embark on an adventure in Ho Chi Minh', 'Ho Chi Minh City', 'https://daydreamhub.com/%20https://s3-ap-northeast-1.amazonaws.com/tabi-channel/upload_by_admin/Saigon_cityhall_800.jpeg', '');
INSERT INTO blog_posts (title, slug, content, excerpt, city, thumbnail_url, published_at) VALUES ('Day-Use Fun Memories from a 12-Hour Layover at Tan Son Nhat International Airport', 'turning-a-12-hour-layover-at-tan-son-nhat-international-airport-into-fun-memories', '', 'Introduction Before setting off on your journey, long waits at the airport can add to the fatigue of travel. However, at Ho Chi Minh''s Tan Son Nhat International Airport, such waiting times can be transformed into enjoyable experiences. This article will share tips on changing boring waits into fun times. Traveling to the Airport and', '', 'https://daydreamhub.com/wp-content/uploads/2024/06/29.jpg', '');
INSERT INTO blog_posts (title, slug, content, excerpt, city, thumbnail_url, published_at) VALUES ('Tan Son Nhat International Airport Day-Use Access: Optimal Guide from Ho Chi Minh to the City ~ Best Ways to Spend Your Layover Time', 'optimal-access-guide-from-ho-chi-minhs-tan-son-nhat-international-airport-to-the-city-the-best-ways-to-spend-your-layover-time', '', 'Introduction Welcome to Ho Chi Minh City, the vibrant heart of Vietnam! If you''re transiting through this city, how you spend your limited time is crucial. There are many options for traveling from Tan Son Nhat International Airport to the city, and this guide will introduce ways to use your time and money efficiently. Departing', '', 'https://upload.wikimedia.org/wikipedia/commons/thumb/1/1a/Ho_Chi_Minh_City_People%27s_Committee_Building01.jpg/1598px-Ho_Chi_Minh_City_People%27s_Committee_Building01.jpg', '');
INSERT INTO blog_posts (title, slug, content, excerpt, city, thumbnail_url, published_at) VALUES ('Day-Use Transit Preparation in Vietnam: Guide for Visa Exemption and Immigration Procedures at Airports', 'preparation-guide-for-transit-travel-in-vietnam-from-visa-exemption-to-immigration-procedures', '', 'Introduction Facing a long layover at Vietnamese airports and wishing to step out for a bit of sightseeing in Vietnam? The entry procedures can be a hurdle. This article comprehensively introduces procedures related to entering Vietnam, necessary information, conditions for visa exemption, and how to apply for a transit visa. Procedures and Required Information for', '', 'https://daydreamhub.com/wp-content/uploads/2024/06/30.jpg', '');
INSERT INTO blog_posts (title, slug, content, excerpt, city, thumbnail_url, published_at) VALUES ('Yello-Hotel-Layover Review: How To Enjoy Cebu-Airport To The Fullest', 'the-perfect-rest-stop-during-cebu-airport-transit-day-use-experience-at-yello-hotel', '', 'Experience the best of Cebu airport with our Yello Hotel review. Uncover expert tips for a fulfilling layover—from dining to sightseeing.', 'Cebu', 'https://daydreamhub.com/wp-content/uploads/2024/06/31.jpg', '');
INSERT INTO blog_posts (title, slug, content, excerpt, city, thumbnail_url, published_at) VALUES ('Maximize Your Cebu Layover: The Ultimate 14-Hour Adventure Guide', 'the-complete-guide-to-a-14-hour-layover-in-cebu-making-the-most-of-your-stay-and-utilizing-day-use-hotels', '', 'Turn your Cebu layover into an unforgettable adventure with our comprehensive 14-hour guide. Explore, eat, and enjoy every minute!', 'Cebu', 'https://daydreamhub.com/wp-content/uploads/2024/06/32.jpg', '');
INSERT INTO blog_posts (title, slug, content, excerpt, city, thumbnail_url, published_at) VALUES ('Elevate 18-Hour-Layover in Manila with Azure Urban Resort’s Luxury', 'maximizing-an-18-hour-layover-in-manila-a-luxurious-stay-guide-at-azure-urban-resort', '', 'Don''t let an 18-hour layover wear you down. Rejuvenate at Manila''s Azure Urban Resort with luxurious accommodations and exceptional service.', 'Manila', 'https://daydreamhub.com/wp-content/uploads/2024/06/33.jpg', '');
INSERT INTO blog_posts (title, slug, content, excerpt, city, thumbnail_url, published_at) VALUES ('Unlock Manila: A 15-Hour-Layover Guide to Hidden Filipino Gems', 'enjoying-transit-in-manila-experiencing-filipino-charm-in-15-hours', '', 'Got 15 hours in Manila? Dive into our layover guide and uncover hidden cultural treasures and unique local experiences in the city.', 'Manila', 'https://daydreamhub.com/wp-content/uploads/2024/06/34.jpg', '');
INSERT INTO blog_posts (title, slug, content, excerpt, city, thumbnail_url, published_at) VALUES ('Touch Down In Style: Easton Kuta’s Exclusive Layover Luxuries', 'denpasar-international-airport-transit-comfortable-rest-at-easton-kuta', '', 'Introduction: How to Comfortably Spend Transit Time Long transits at Denpasar International Airport can be a source of stress for many travelers. Especially when arriving at Bali''s Denpasar International Airport (DPS) at 12:35 and having to wait 8 hours and 35 minutes for the next flight at 21:10, it''s natural to want to use the', '', 'https://daydreamhub.com/wp-content/uploads/2024/06/image-7-4-1024x768.jpg', '');
INSERT INTO blog_posts (title, slug, content, excerpt, city, thumbnail_url, published_at) VALUES ('14 Hours of Luxury: Your Ultimate Guide to a Ho-Chi-Minh Layover', 'maximizing-a-14-hour-transit-in-ho-chi-minh-city-a-comfortable-stay-at-saigon-domaine-near-tan-son-nhat-airport', '', 'Escape your layover with a luxurious day-stay near Ho Chi Minh Airport. Enjoy spa treatments, gourmet dining, and tranquility. Book now!', 'Ho Chi Minh City', 'https://daydreamhub.com/wp-content/uploads/2024/06/36.jpg', '');
INSERT INTO blog_posts (title, slug, content, excerpt, city, thumbnail_url, published_at) VALUES ('Luxury Views at Azure Urban Resort: Manila’s Best Kept Secret', 'experience-manila-in-style-azure-urban-resorts-balcony-views-await', '', 'Uncover Manila''s best-kept secret: Azure Urban Resort. Enjoy breathtaking views and luxury amenities. Dive into luxury today!', 'Manila', 'https://daydreamhub.com/wp-content/uploads/2024/06/37.jpg', '');
INSERT INTO blog_posts (title, slug, content, excerpt, city, thumbnail_url, published_at) VALUES ('Maximize Cebu Layover: The Ultimate Day-Use Guide for Saekyung-Village', 'transit-in-cebu-the-ultimate-guide-and-staying-at-saekyung-village-1', '', 'Transform your Cebu stopover into an unforgettable experience with our Saekyung-Village day-use guide. Explore hidden gems and top attractions!', 'Cebu', 'https://miro.medium.com/v2/resize:fit:1400/format:webp/0*nyQD1j0DRkXQW1RI.jpg', '');
INSERT INTO blog_posts (title, slug, content, excerpt, city, thumbnail_url, published_at) VALUES ('Ho-Chi-Minh Stopover: Ultimate Comfort at Hoang Yen for 14-Hours', 'make-the-most-of-your-14-hour-layover-a-guide-to-a-comfortable-stay-at-hoang-yen-hotel-from-ho-chi-minh-airport', '', 'Transform your Ho Chi Minh layover into luxury at Hoang Yen. Enjoy 14 hours of superior service and relaxation. Start your journey and unwind now!', '', 'https://daydreamhub.com/wp-content/uploads/2024/04/image-1-5.jpg', '');
INSERT INTO blog_posts (title, slug, content, excerpt, city, thumbnail_url, published_at) VALUES ('11-Hour Saigon Challenge: Transform Your-Layover with This Adventure Guide', 'make-the-most-of-your-11-hour-layover-a-guide-to-a-comfortable-stay-at-saigon-domaine-from-ho-chi-minh-airport', '', 'Maximize your Saigon layover with our essential survival guide. Find out where to eat, what to see, and how to experience the city''s charm in under 11 hours.', '', 'https://daydreamhub.com/wp-content/uploads/2024/06/39.jpg', '');

-- Update city hotel counts
UPDATE cities SET hotel_count = 3 WHERE slug = 'bali';
UPDATE cities SET hotel_count = 1 WHERE slug = 'denpasar';
UPDATE cities SET hotel_count = 5 WHERE slug = 'hanoi';
UPDATE cities SET hotel_count = 1 WHERE slug = 'petaling-jaya';
UPDATE cities SET hotel_count = 10 WHERE slug = 'kuala-lumpur';
UPDATE cities SET hotel_count = 5 WHERE slug = 'ubud';
UPDATE cities SET hotel_count = 12 WHERE slug = 'islamabad';
UPDATE cities SET hotel_count = 1 WHERE slug = 'shibuya';
UPDATE cities SET hotel_count = 10 WHERE slug = 'bangkok';
UPDATE cities SET hotel_count = 1 WHERE slug = 'dalung';
UPDATE cities SET hotel_count = 3 WHERE slug = 'thimphu';
UPDATE cities SET hotel_count = 6 WHERE slug = 'goris';
UPDATE cities SET hotel_count = 1 WHERE slug = 'kano';
UPDATE cities SET hotel_count = 1 WHERE slug = 'russia';
UPDATE cities SET hotel_count = 3 WHERE slug = 'kyoto';
UPDATE cities SET hotel_count = 6 WHERE slug = 'oulu';
UPDATE cities SET hotel_count = 1 WHERE slug = 'saint-petersburg';
UPDATE cities SET hotel_count = 2 WHERE slug = 'koh-samui';
UPDATE cities SET hotel_count = 1 WHERE slug = 'kigali';
UPDATE cities SET hotel_count = 21 WHERE slug = 'nairobi';
UPDATE cities SET hotel_count = 8 WHERE slug = 'doha';
UPDATE cities SET hotel_count = 14 WHERE slug = 'dubai';
UPDATE cities SET hotel_count = 1 WHERE slug = 'dodoma';
UPDATE cities SET hotel_count = 7 WHERE slug = 'tashkent';
UPDATE cities SET hotel_count = 3 WHERE slug = 'luang-prabang';
UPDATE cities SET hotel_count = 1 WHERE slug = 'sharjah';
UPDATE cities SET hotel_count = 2 WHERE slug = 'almaty';
UPDATE cities SET hotel_count = 3 WHERE slug = 'padang';
UPDATE cities SET hotel_count = 1 WHERE slug = 'kiambu';
UPDATE cities SET hotel_count = 1 WHERE slug = 'agra';
UPDATE cities SET hotel_count = 1 WHERE slug = 'arequipa';
UPDATE cities SET hotel_count = 2 WHERE slug = 'ulaanbaatar';
UPDATE cities SET hotel_count = 1 WHERE slug = 'perth';
UPDATE cities SET hotel_count = 1 WHERE slug = 'abuja-fct';
UPDATE cities SET hotel_count = 1 WHERE slug = 'tokyo';
UPDATE cities SET hotel_count = 1 WHERE slug = 'amsterdam';
UPDATE cities SET hotel_count = 1 WHERE slug = 'venice';
UPDATE cities SET hotel_count = 3 WHERE slug = 'tijuana';
UPDATE cities SET hotel_count = 8 WHERE slug = 'manama';
UPDATE cities SET hotel_count = 3 WHERE slug = 'rijswijk';
UPDATE cities SET hotel_count = 3 WHERE slug = 'samarkand';
UPDATE cities SET hotel_count = 3 WHERE slug = 'batumi';
UPDATE cities SET hotel_count = 1 WHERE slug = 'salalah';
UPDATE cities SET hotel_count = 1 WHERE slug = 'alicante';
UPDATE cities SET hotel_count = 1 WHERE slug = 'quito';
UPDATE cities SET hotel_count = 21 WHERE slug = 'birmingham';
UPDATE cities SET hotel_count = 3 WHERE slug = 'valencia';
UPDATE cities SET hotel_count = 3 WHERE slug = 'abuja';
UPDATE cities SET hotel_count = 1 WHERE slug = 'lahore';
UPDATE cities SET hotel_count = 2 WHERE slug = 'calgary';
UPDATE cities SET hotel_count = 1 WHERE slug = 'california-city';
UPDATE cities SET hotel_count = 1 WHERE slug = 'essex';
UPDATE cities SET hotel_count = 3 WHERE slug = 'sydney';
UPDATE cities SET hotel_count = 1 WHERE slug = 'cebu-city';
UPDATE cities SET hotel_count = 1 WHERE slug = 'toulouse';
UPDATE cities SET hotel_count = 2 WHERE slug = 'sofia';
UPDATE cities SET hotel_count = 1 WHERE slug = 'yakkasaray';
UPDATE cities SET hotel_count = 10 WHERE slug = 'belgrade';
UPDATE cities SET hotel_count = 3 WHERE slug = 'pichincha';
UPDATE cities SET hotel_count = 1 WHERE slug = 'cape-town';
UPDATE cities SET hotel_count = 1 WHERE slug = 'prague';
UPDATE cities SET hotel_count = 1 WHERE slug = 'bangkok-thailand';
UPDATE cities SET hotel_count = 2 WHERE slug = 'ontario';
UPDATE cities SET hotel_count = 11 WHERE slug = 'tbilisi';
UPDATE cities SET hotel_count = 1 WHERE slug = 'danao-city';
UPDATE cities SET hotel_count = 2 WHERE slug = 'auckland';
UPDATE cities SET hotel_count = 1 WHERE slug = 'bogot';
UPDATE cities SET hotel_count = 1 WHERE slug = 'london';
UPDATE cities SET hotel_count = 1 WHERE slug = 'porto';
UPDATE cities SET hotel_count = 1 WHERE slug = 'ho-chi-minh-city';
UPDATE cities SET hotel_count = 1 WHERE slug = 'auckland-central';
UPDATE cities SET hotel_count = 8 WHERE slug = 'da-nang';
UPDATE cities SET hotel_count = 1 WHERE slug = 'jakarta';
UPDATE cities SET hotel_count = 1 WHERE slug = 'colombo';
UPDATE cities SET hotel_count = 7 WHERE slug = 'vientiane';
UPDATE cities SET hotel_count = 5 WHERE slug = 'loganholme';
UPDATE cities SET hotel_count = 1 WHERE slug = 'phuket';
UPDATE cities SET hotel_count = 1 WHERE slug = 'cairo';
UPDATE cities SET hotel_count = 1 WHERE slug = 'seal-beach';
UPDATE cities SET hotel_count = 2 WHERE slug = 'giza';